START 2026-09-16 17:33:07Z commit 4e21369 (+ local F1-F6)
===== RUNBOOK STEP 2 =====
PROMPT: New throwaway D1 name containing 'scratch'
TARGET: jarvis-scratch-rehearsal-0916e is disposable scratch, not production.
PROMPT: Read TARGET aloud, then re-enter the exact scratch name

 ⛅️ wrangler 4.127.1 (update available 4.132.0)
───────────────────────────────────────────────
✅ Successfully created DB 'jarvis-scratch-rehearsal-0916e' in region ENAM
Created your new D1 database.

To access your new D1 Database in your Worker, add the following snippet to your configuration file:
{
  "d1_databases": [
    {
      "binding": "jarvis_scratch_rehearsal_0916e",
      "database_name": "jarvis-scratch-rehearsal-0916e",
      "database_id": "b211bbe8-149f-4c72-b008-e6db48059340"
    }
  ]
}
SCRATCH CREATE OK: jarvis-scratch-rehearsal-0916e
SCRATCH CONFIG OUTSIDE REPO: C:\Users\Sid\AppData\Local\Temp\jarvis-jarvis-scratch-rehearsal-0916e-3725d092046c489bb4599a950a8a7299.toml
===== RUNBOOK STEP 3 =====
✔ the scratch baseline loader uses the shared splitter for a trigger-bearing migration (3.1758ms)
✔ the baseline script builds the 0015-equivalent schema from an empty database through the shared splitter (30.5711ms)
✔ the candidate range begins at 0016 with unique ordered sequences and includes the reviewed 0016 through 0025 prefix (0.4732ms)
✔ candidate discovery accepts and reports a reserved sequence gap (1.0737ms)
✔ candidate discovery refuses duplicate sequence numbers (7.419ms)
✔ candidate discovery refuses a range that does not begin at 0016 (0.8747ms)
✔ candidate discovery refuses a sub-0016 file that is not the complete baseline (1.1288ms)
✔ the scratch baseline stops without recording a receipt when a statement fails (0.2763ms)
ℹ tests 8
ℹ suites 0
ℹ pass 8
ℹ fail 0
ℹ cancelled 0
ℹ skipped 0
ℹ todo 0
ℹ duration_ms 100.9
PROMPT: Confirmed non-production scratch D1 name
PROMPT: Absolute SCRATCH CONFIG OUTSIDE REPO path from step 2

 ⛅️ wrangler 4.127.1 (update available 4.132.0)
───────────────────────────────────────────────
Resource location: remote 

🌀 Executing on remote database jarvis-scratch-rehearsal-0916e (b211bbe8-149f-4c72-b008-e6db48059340):
🌀 To execute on your local development database, remove the --remote flag from your wrangler command.
🚣 Executed 1 command in 0.91ms
[
  {
    "results": [],
    "success": true,
    "meta": {
      "served_by": "v3-prod",
      "served_by_region": "ENAM",
      "served_by_colo": "EWR",
      "served_by_primary": true,
      "timings": {
        "sql_duration_ms": 0.9062
      },
      "duration": 0.9062,
      "changes": 0,
      "last_row_id": 0,
      "changed_db": true,
      "size_after": 24576,
      "rows_read": 2,
      "rows_written": 5,
      "total_attempts": 1
    }
  }
]
Applying 0001_foundation.sql: 53 split statements.

 ⛅️ wrangler 4.127.1 (update available 4.132.0)
───────────────────────────────────────────────
Resource location: remote 

🌀 Executing on remote database jarvis-scratch-rehearsal-0916e (b211bbe8-149f-4c72-b008-e6db48059340):
🌀 To execute on your local development database, remove the --remote flag from your wrangler command.
🚣 Executed 1 command in 0.15ms
[
  {
    "results": [],
    "success": true,
    "meta": {
      "served_by": "v3-prod",
      "served_by_region": "ENAM",
      "served_by_colo": "EWR",
      "served_by_primary": true,
      "timings": {
        "sql_duration_ms": 0.1504
      },
      "duration": 0.1504,
      "changes": 0,
      "last_row_id": 0,
      "changed_db": false,
      "size_after": 24576,
      "rows_read": 0,
      "rows_written": 0,
      "total_attempts": 1
    }
  }
]

 ⛅️ wrangler 4.127.1 (update available 4.132.0)
───────────────────────────────────────────────
Resource location: remote 

🌀 Executing on remote database jarvis-scratch-rehearsal-0916e (b211bbe8-149f-4c72-b008-e6db48059340):
🌀 To execute on your local development database, remove the --remote flag from your wrangler command.
🚣 Executed 1 command in 0.36ms
[
  {
    "results": [],
    "success": true,
    "meta": {
      "served_by": "v3-prod",
      "served_by_region": "ENAM",
      "served_by_colo": "EWR",
      "served_by_primary": true,
      "timings": {
        "sql_duration_ms": 0.3573
      },
      "duration": 0.3573,
      "changes": 0,
      "last_row_id": 0,
      "changed_db": true,
      "size_after": 32768,
      "rows_read": 1,
      "rows_written": 3,
      "total_attempts": 1
    }
  }
]

 ⛅️ wrangler 4.127.1 (update available 4.132.0)
───────────────────────────────────────────────
Resource location: remote 

🌀 Executing on remote database jarvis-scratch-rehearsal-0916e (b211bbe8-149f-4c72-b008-e6db48059340):
🌀 To execute on your local development database, remove the --remote flag from your wrangler command.
🚣 Executed 1 command in 0.38ms
[
  {
    "results": [],
    "success": true,
    "meta": {
      "served_by": "v3-prod",
      "served_by_region": "ENAM",
      "served_by_colo": "EWR",
      "served_by_primary": true,
      "timings": {
        "sql_duration_ms": 0.3835
      },
      "duration": 0.3835,
      "changes": 0,
      "last_row_id": 0,
      "changed_db": true,
      "size_after": 36864,
      "rows_read": 2,
      "rows_written": 1,
      "total_attempts": 1
    }
  }
]

 ⛅️ wrangler 4.127.1 (update available 4.132.0)
───────────────────────────────────────────────
Resource location: remote 

🌀 Executing on remote database jarvis-scratch-rehearsal-0916e (b211bbe8-149f-4c72-b008-e6db48059340):
🌀 To execute on your local development database, remove the --remote flag from your wrangler command.
🚣 Executed 1 command in 1.07ms
[
  {
    "results": [],
    "success": true,
    "meta": {
      "served_by": "v3-prod",
      "served_by_region": "ENAM",
      "served_by_colo": "EWR",
      "served_by_primary": true,
      "timings": {
        "sql_duration_ms": 1.071
      },
      "duration": 1.071,
      "changes": 0,
      "last_row_id": 0,
      "changed_db": true,
      "size_after": 65536,
      "rows_read": 1,
      "rows_written": 8,
      "total_attempts": 1
    }
  }
]

 ⛅️ wrangler 4.127.1 (update available 4.132.0)
───────────────────────────────────────────────
Resource location: remote 

🌀 Executing on remote database jarvis-scratch-rehearsal-0916e (b211bbe8-149f-4c72-b008-e6db48059340):
🌀 To execute on your local development database, remove the --remote flag from your wrangler command.
🚣 Executed 1 command in 0.23ms
[
  {
    "results": [],
    "success": true,
    "meta": {
      "served_by": "v3-prod",
      "served_by_region": "ENAM",
      "served_by_colo": "EWR",
      "served_by_primary": true,
      "timings": {
        "sql_duration_ms": 0.2342
      },
      "duration": 0.2342,
      "changes": 0,
      "last_row_id": 0,
      "changed_db": true,
      "size_after": 69632,
      "rows_read": 2,
      "rows_written": 1,
      "total_attempts": 1
    }
  }
]

 ⛅️ wrangler 4.127.1 (update available 4.132.0)
───────────────────────────────────────────────
Resource location: remote 

🌀 Executing on remote database jarvis-scratch-rehearsal-0916e (b211bbe8-149f-4c72-b008-e6db48059340):
🌀 To execute on your local development database, remove the --remote flag from your wrangler command.
🚣 Executed 1 command in 0.45ms
[
  {
    "results": [],
    "success": true,
    "meta": {
      "served_by": "v3-prod",
      "served_by_region": "ENAM",
      "served_by_colo": "EWR",
      "served_by_primary": true,
      "timings": {
        "sql_duration_ms": 0.4532
      },
      "duration": 0.4532,
      "changes": 0,
      "last_row_id": 0,
      "changed_db": true,
      "size_after": 81920,
      "rows_read": 1,
      "rows_written": 4,
      "total_attempts": 1
    }
  }
]

 ⛅️ wrangler 4.127.1 (update available 4.132.0)
───────────────────────────────────────────────
Resource location: remote 

🌀 Executing on remote database jarvis-scratch-rehearsal-0916e (b211bbe8-149f-4c72-b008-e6db48059340):
🌀 To execute on your local development database, remove the --remote flag from your wrangler command.
🚣 Executed 1 command in 0.43ms
[
  {
    "results": [],
    "success": true,
    "meta": {
      "served_by": "v3-prod",
      "served_by_region": "ENAM",
      "served_by_colo": "EWR",
      "served_by_primary": true,
      "timings": {
        "sql_duration_ms": 0.4251
      },
      "duration": 0.4251,
      "changes": 0,
      "last_row_id": 0,
      "changed_db": true,
      "size_after": 86016,
      "rows_read": 2,
      "rows_written": 1,
      "total_attempts": 1
    }
  }
]

 ⛅️ wrangler 4.127.1 (update available 4.132.0)
───────────────────────────────────────────────
Resource location: remote 

🌀 Executing on remote database jarvis-scratch-rehearsal-0916e (b211bbe8-149f-4c72-b008-e6db48059340):
🌀 To execute on your local development database, remove the --remote flag from your wrangler command.
🚣 Executed 1 command in 3.12ms
[
  {
    "results": [],
    "success": true,
    "meta": {
      "served_by": "v3-prod",
      "served_by_region": "ENAM",
      "served_by_colo": "EWR",
      "served_by_primary": true,
      "timings": {
        "sql_duration_ms": 3.1176
      },
      "duration": 3.1176,
      "changes": 0,
      "last_row_id": 0,
      "changed_db": true,
      "size_after": 102400,
      "rows_read": 1,
      "rows_written": 3,
      "total_attempts": 1
    }
  }
]

 ⛅️ wrangler 4.127.1 (update available 4.132.0)
───────────────────────────────────────────────
Resource location: remote 

🌀 Executing on remote database jarvis-scratch-rehearsal-0916e (b211bbe8-149f-4c72-b008-e6db48059340):
🌀 To execute on your local development database, remove the --remote flag from your wrangler command.
🚣 Executed 1 command in 0.33ms
[
  {
    "results": [],
    "success": true,
    "meta": {
      "served_by": "v3-prod",
      "served_by_region": "ENAM",
      "served_by_colo": "EWR",
      "served_by_primary": true,
      "timings": {
        "sql_duration_ms": 0.3311
      },
      "duration": 0.3311,
      "changes": 0,
      "last_row_id": 0,
      "changed_db": true,
      "size_after": 106496,
      "rows_read": 2,
      "rows_written": 1,
      "total_attempts": 1
    }
  }
]

 ⛅️ wrangler 4.127.1 (update available 4.132.0)
───────────────────────────────────────────────
Resource location: remote 

🌀 Executing on remote database jarvis-scratch-rehearsal-0916e (b211bbe8-149f-4c72-b008-e6db48059340):
🌀 To execute on your local development database, remove the --remote flag from your wrangler command.
🚣 Executed 1 command in 0.42ms
[
  {
    "results": [],
    "success": true,
    "meta": {
      "served_by": "v3-prod",
      "served_by_region": "ENAM",
      "served_by_colo": "EWR",
      "served_by_primary": true,
      "timings": {
        "sql_duration_ms": 0.423
      },
      "duration": 0.423,
      "changes": 0,
      "last_row_id": 0,
      "changed_db": false,
      "size_after": 106496,
      "rows_read": 0,
      "rows_written": 1,
      "total_attempts": 1
    }
  }
]

 ⛅️ wrangler 4.127.1 (update available 4.132.0)
───────────────────────────────────────────────
Resource location: remote 

🌀 Executing on remote database jarvis-scratch-rehearsal-0916e (b211bbe8-149f-4c72-b008-e6db48059340):
🌀 To execute on your local development database, remove the --remote flag from your wrangler command.
🚣 Executed 1 command in 0.55ms
[
  {
    "results": [],
    "success": true,
    "meta": {
      "served_by": "v3-prod",
      "served_by_region": "ENAM",
      "served_by_colo": "EWR",
      "served_by_primary": true,
      "timings": {
        "sql_duration_ms": 0.5493
      },
      "duration": 0.5493,
      "changes": 0,
      "last_row_id": 0,
      "changed_db": true,
      "size_after": 114688,
      "rows_read": 1,
      "rows_written": 3,
      "total_attempts": 1
    }
  }
]

 ⛅️ wrangler 4.127.1 (update available 4.132.0)
───────────────────────────────────────────────
Resource location: remote 

🌀 Executing on remote database jarvis-scratch-rehearsal-0916e (b211bbe8-149f-4c72-b008-e6db48059340):
🌀 To execute on your local development database, remove the --remote flag from your wrangler command.
🚣 Executed 1 command in 0.30ms
[
  {
    "results": [],
    "success": true,
    "meta": {
      "served_by": "v3-prod",
      "served_by_region": "ENAM",
      "served_by_colo": "EWR",
      "served_by_primary": true,
      "timings": {
        "sql_duration_ms": 0.2968
      },
      "duration": 0.2968,
      "changes": 0,
      "last_row_id": 0,
      "changed_db": true,
      "size_after": 118784,
      "rows_read": 2,
      "rows_written": 1,
      "total_attempts": 1
    }
  }
]

 ⛅️ wrangler 4.127.1 (update available 4.132.0)
───────────────────────────────────────────────
Resource location: remote 

🌀 Executing on remote database jarvis-scratch-rehearsal-0916e (b211bbe8-149f-4c72-b008-e6db48059340):
🌀 To execute on your local development database, remove the --remote flag from your wrangler command.
🚣 Executed 1 command in 0.42ms
[
  {
    "results": [],
    "success": true,
    "meta": {
      "served_by": "v3-prod",
      "served_by_region": "ENAM",
      "served_by_colo": "EWR",
      "served_by_primary": true,
      "timings": {
        "sql_duration_ms": 0.4173
      },
      "duration": 0.4173,
      "changes": 0,
      "last_row_id": 0,
      "changed_db": true,
      "size_after": 122880,
      "rows_read": 2,
      "rows_written": 1,
      "total_attempts": 1
    }
  }
]

 ⛅️ wrangler 4.127.1 (update available 4.132.0)
───────────────────────────────────────────────
Resource location: remote 

🌀 Executing on remote database jarvis-scratch-rehearsal-0916e (b211bbe8-149f-4c72-b008-e6db48059340):
🌀 To execute on your local development database, remove the --remote flag from your wrangler command.
🚣 Executed 1 command in 0.63ms
[
  {
    "results": [],
    "success": true,
    "meta": {
      "served_by": "v3-prod",
      "served_by_region": "ENAM",
      "served_by_colo": "EWR",
      "served_by_primary": true,
      "timings": {
        "sql_duration_ms": 0.6347
      },
      "duration": 0.6347,
      "changes": 0,
      "last_row_id": 0,
      "changed_db": true,
      "size_after": 135168,
      "rows_read": 1,
      "rows_written": 4,
      "total_attempts": 1
    }
  }
]

 ⛅️ wrangler 4.127.1 (update available 4.132.0)
───────────────────────────────────────────────
Resource location: remote 

🌀 Executing on remote database jarvis-scratch-rehearsal-0916e (b211bbe8-149f-4c72-b008-e6db48059340):
🌀 To execute on your local development database, remove the --remote flag from your wrangler command.
🚣 Executed 1 command in 0.55ms
[
  {
    "results": [],
    "success": true,
    "meta": {
      "served_by": "v3-prod",
      "served_by_region": "ENAM",
      "served_by_colo": "EWR",
      "served_by_primary": true,
      "timings": {
        "sql_duration_ms": 0.5523
      },
      "duration": 0.5523,
      "changes": 0,
      "last_row_id": 0,
      "changed_db": true,
      "size_after": 151552,
      "rows_read": 1,
      "rows_written": 4,
      "total_attempts": 1
    }
  }
]

 ⛅️ wrangler 4.127.1 (update available 4.132.0)
───────────────────────────────────────────────
Resource location: remote 

🌀 Executing on remote database jarvis-scratch-rehearsal-0916e (b211bbe8-149f-4c72-b008-e6db48059340):
🌀 To execute on your local development database, remove the --remote flag from your wrangler command.
🚣 Executed 1 command in 0.38ms
[
  {
    "results": [],
    "success": true,
    "meta": {
      "served_by": "v3-prod",
      "served_by_region": "ENAM",
      "served_by_colo": "EWR",
      "served_by_primary": true,
      "timings": {
        "sql_duration_ms": 0.3798
      },
      "duration": 0.3798,
      "changes": 0,
      "last_row_id": 0,
      "changed_db": true,
      "size_after": 155648,
      "rows_read": 2,
      "rows_written": 1,
      "total_attempts": 1
    }
  }
]

 ⛅️ wrangler 4.127.1 (update available 4.132.0)
───────────────────────────────────────────────
Resource location: remote 

🌀 Executing on remote database jarvis-scratch-rehearsal-0916e (b211bbe8-149f-4c72-b008-e6db48059340):
🌀 To execute on your local development database, remove the --remote flag from your wrangler command.
🚣 Executed 1 command in 0.41ms
[
  {
    "results": [],
    "success": true,
    "meta": {
      "served_by": "v3-prod",
      "served_by_region": "ENAM",
      "served_by_colo": "EWR",
      "served_by_primary": true,
      "timings": {
        "sql_duration_ms": 0.4125
      },
      "duration": 0.4125,
      "changes": 0,
      "last_row_id": 0,
      "changed_db": true,
      "size_after": 163840,
      "rows_read": 1,
      "rows_written": 3,
      "total_attempts": 1
    }
  }
]

 ⛅️ wrangler 4.127.1 (update available 4.132.0)
───────────────────────────────────────────────
Resource location: remote 

🌀 Executing on remote database jarvis-scratch-rehearsal-0916e (b211bbe8-149f-4c72-b008-e6db48059340):
🌀 To execute on your local development database, remove the --remote flag from your wrangler command.
🚣 Executed 1 command in 0.60ms
[
  {
    "results": [],
    "success": true,
    "meta": {
      "served_by": "v3-prod",
      "served_by_region": "ENAM",
      "served_by_colo": "EWR",
      "served_by_primary": true,
      "timings": {
        "sql_duration_ms": 0.598
      },
      "duration": 0.598,
      "changes": 0,
      "last_row_id": 0,
      "changed_db": true,
      "size_after": 176128,
      "rows_read": 1,
      "rows_written": 4,
      "total_attempts": 1
    }
  }
]

 ⛅️ wrangler 4.127.1 (update available 4.132.0)
───────────────────────────────────────────────
Resource location: remote 

🌀 Executing on remote database jarvis-scratch-rehearsal-0916e (b211bbe8-149f-4c72-b008-e6db48059340):
🌀 To execute on your local development database, remove the --remote flag from your wrangler command.
🚣 Executed 1 command in 0.33ms
[
  {
    "results": [],
    "success": true,
    "meta": {
      "served_by": "v3-prod",
      "served_by_region": "ENAM",
      "served_by_colo": "EWR",
      "served_by_primary": true,
      "timings": {
        "sql_duration_ms": 0.331
      },
      "duration": 0.331,
      "changes": 0,
      "last_row_id": 0,
      "changed_db": true,
      "size_after": 180224,
      "rows_read": 2,
      "rows_written": 1,
      "total_attempts": 1
    }
  }
]

 ⛅️ wrangler 4.127.1 (update available 4.132.0)
───────────────────────────────────────────────
Resource location: remote 

🌀 Executing on remote database jarvis-scratch-rehearsal-0916e (b211bbe8-149f-4c72-b008-e6db48059340):
🌀 To execute on your local development database, remove the --remote flag from your wrangler command.
🚣 Executed 1 command in 0.36ms
[
  {
    "results": [],
    "success": true,
    "meta": {
      "served_by": "v3-prod",
      "served_by_region": "ENAM",
      "served_by_colo": "EWR",
      "served_by_primary": true,
      "timings": {
        "sql_duration_ms": 0.3553
      },
      "duration": 0.3553,
      "changes": 0,
      "last_row_id": 0,
      "changed_db": true,
      "size_after": 184320,
      "rows_read": 2,
      "rows_written": 1,
      "total_attempts": 1
    }
  }
]

 ⛅️ wrangler 4.127.1 (update available 4.132.0)
───────────────────────────────────────────────
Resource location: remote 

🌀 Executing on remote database jarvis-scratch-rehearsal-0916e (b211bbe8-149f-4c72-b008-e6db48059340):
🌀 To execute on your local development database, remove the --remote flag from your wrangler command.
🚣 Executed 1 command in 0.77ms
[
  {
    "results": [],
    "success": true,
    "meta": {
      "served_by": "v3-prod",
      "served_by_region": "ENAM",
      "served_by_colo": "EWR",
      "served_by_primary": true,
      "timings": {
        "sql_duration_ms": 0.7669
      },
      "duration": 0.7669,
      "changes": 0,
      "last_row_id": 0,
      "changed_db": true,
      "size_after": 200704,
      "rows_read": 1,
      "rows_written": 4,
      "total_attempts": 1
    }
  }
]

 ⛅️ wrangler 4.127.1 (update available 4.132.0)
───────────────────────────────────────────────
Resource location: remote 

🌀 Executing on remote database jarvis-scratch-rehearsal-0916e (b211bbe8-149f-4c72-b008-e6db48059340):
🌀 To execute on your local development database, remove the --remote flag from your wrangler command.
🚣 Executed 1 command in 0.50ms
[
  {
    "results": [],
    "success": true,
    "meta": {
      "served_by": "v3-prod",
      "served_by_region": "ENAM",
      "served_by_colo": "EWR",
      "served_by_primary": true,
      "timings": {
        "sql_duration_ms": 0.5043
      },
      "duration": 0.5043,
      "changes": 0,
      "last_row_id": 0,
      "changed_db": true,
      "size_after": 204800,
      "rows_read": 2,
      "rows_written": 1,
      "total_attempts": 1
    }
  }
]

 ⛅️ wrangler 4.127.1 (update available 4.132.0)
───────────────────────────────────────────────
Resource location: remote 

🌀 Executing on remote database jarvis-scratch-rehearsal-0916e (b211bbe8-149f-4c72-b008-e6db48059340):
🌀 To execute on your local development database, remove the --remote flag from your wrangler command.
🚣 Executed 1 command in 0.46ms
[
  {
    "results": [],
    "success": true,
    "meta": {
      "served_by": "v3-prod",
      "served_by_region": "ENAM",
      "served_by_colo": "EWR",
      "served_by_primary": true,
      "timings": {
        "sql_duration_ms": 0.4591
      },
      "duration": 0.4591,
      "changes": 0,
      "last_row_id": 0,
      "changed_db": false,
      "size_after": 204800,
      "rows_read": 0,
      "rows_written": 1,
      "total_attempts": 1
    }
  }
]

 ⛅️ wrangler 4.127.1 (update available 4.132.0)
───────────────────────────────────────────────
Resource location: remote 

🌀 Executing on remote database jarvis-scratch-rehearsal-0916e (b211bbe8-149f-4c72-b008-e6db48059340):
🌀 To execute on your local development database, remove the --remote flag from your wrangler command.
🚣 Executed 1 command in 0.59ms
[
  {
    "results": [],
    "success": true,
    "meta": {
      "served_by": "v3-prod",
      "served_by_region": "ENAM",
      "served_by_colo": "EWR",
      "served_by_primary": true,
      "timings": {
        "sql_duration_ms": 0.5936
      },
      "duration": 0.5936,
      "changes": 0,
      "last_row_id": 0,
      "changed_db": true,
      "size_after": 217088,
      "rows_read": 1,
      "rows_written": 4,
      "total_attempts": 1
    }
  }
]

 ⛅️ wrangler 4.127.1 (update available 4.132.0)
───────────────────────────────────────────────
Resource location: remote 

🌀 Executing on remote database jarvis-scratch-rehearsal-0916e (b211bbe8-149f-4c72-b008-e6db48059340):
🌀 To execute on your local development database, remove the --remote flag from your wrangler command.
🚣 Executed 1 command in 2.11ms
[
  {
    "results": [],
    "success": true,
    "meta": {
      "served_by": "v3-prod",
      "served_by_region": "ENAM",
      "served_by_colo": "EWR",
      "served_by_primary": true,
      "timings": {
        "sql_duration_ms": 2.111
      },
      "duration": 2.111,
      "changes": 0,
      "last_row_id": 0,
      "changed_db": true,
      "size_after": 221184,
      "rows_read": 2,
      "rows_written": 1,
      "total_attempts": 1
    }
  }
]

 ⛅️ wrangler 4.127.1 (update available 4.132.0)
───────────────────────────────────────────────
Resource location: remote 

🌀 Executing on remote database jarvis-scratch-rehearsal-0916e (b211bbe8-149f-4c72-b008-e6db48059340):
🌀 To execute on your local development database, remove the --remote flag from your wrangler command.
🚣 Executed 1 command in 0.56ms
[
  {
    "results": [],
    "success": true,
    "meta": {
      "served_by": "v3-prod",
      "served_by_region": "ENAM",
      "served_by_colo": "EWR",
      "served_by_primary": true,
      "timings": {
        "sql_duration_ms": 0.5577
      },
      "duration": 0.5577,
      "changes": 0,
      "last_row_id": 0,
      "changed_db": true,
      "size_after": 233472,
      "rows_read": 1,
      "rows_written": 4,
      "total_attempts": 1
    }
  }
]

 ⛅️ wrangler 4.127.1 (update available 4.132.0)
───────────────────────────────────────────────
Resource location: remote 

🌀 Executing on remote database jarvis-scratch-rehearsal-0916e (b211bbe8-149f-4c72-b008-e6db48059340):
🌀 To execute on your local development database, remove the --remote flag from your wrangler command.
🚣 Executed 1 command in 0.36ms
[
  {
    "results": [],
    "success": true,
    "meta": {
      "served_by": "v3-prod",
      "served_by_region": "ENAM",
      "served_by_colo": "EWR",
      "served_by_primary": true,
      "timings": {
        "sql_duration_ms": 0.3592
      },
      "duration": 0.3592,
      "changes": 0,
      "last_row_id": 0,
      "changed_db": true,
      "size_after": 237568,
      "rows_read": 2,
      "rows_written": 1,
      "total_attempts": 1
    }
  }
]

 ⛅️ wrangler 4.127.1 (update available 4.132.0)
───────────────────────────────────────────────
Resource location: remote 

🌀 Executing on remote database jarvis-scratch-rehearsal-0916e (b211bbe8-149f-4c72-b008-e6db48059340):
🌀 To execute on your local development database, remove the --remote flag from your wrangler command.
🚣 Executed 1 command in 0.51ms
[
  {
    "results": [],
    "success": true,
    "meta": {
      "served_by": "v3-prod",
      "served_by_region": "ENAM",
      "served_by_colo": "EWR",
      "served_by_primary": true,
      "timings": {
        "sql_duration_ms": 0.5109
      },
      "duration": 0.5109,
      "changes": 0,
      "last_row_id": 0,
      "changed_db": true,
      "size_after": 249856,
      "rows_read": 1,
      "rows_written": 3,
      "total_attempts": 1
    }
  }
]

 ⛅️ wrangler 4.127.1 (update available 4.132.0)
───────────────────────────────────────────────
Resource location: remote 

🌀 Executing on remote database jarvis-scratch-rehearsal-0916e (b211bbe8-149f-4c72-b008-e6db48059340):
🌀 To execute on your local development database, remove the --remote flag from your wrangler command.
🚣 Executed 1 command in 0.38ms
[
  {
    "results": [],
    "success": true,
    "meta": {
      "served_by": "v3-prod",
      "served_by_region": "ENAM",
      "served_by_colo": "EWR",
      "served_by_primary": true,
      "timings": {
        "sql_duration_ms": 0.3824
      },
      "duration": 0.3824,
      "changes": 0,
      "last_row_id": 0,
      "changed_db": true,
      "size_after": 253952,
      "rows_read": 2,
      "rows_written": 1,
      "total_attempts": 1
    }
  }
]

 ⛅️ wrangler 4.127.1 (update available 4.132.0)
───────────────────────────────────────────────
Resource location: remote 

🌀 Executing on remote database jarvis-scratch-rehearsal-0916e (b211bbe8-149f-4c72-b008-e6db48059340):
🌀 To execute on your local development database, remove the --remote flag from your wrangler command.
🚣 Executed 1 command in 0.46ms
[
  {
    "results": [],
    "success": true,
    "meta": {
      "served_by": "v3-prod",
      "served_by_region": "ENAM",
      "served_by_colo": "EWR",
      "served_by_primary": true,
      "timings": {
        "sql_duration_ms": 0.4599
      },
      "duration": 0.4599,
      "changes": 0,
      "last_row_id": 0,
      "changed_db": true,
      "size_after": 258048,
      "rows_read": 1,
      "rows_written": 2,
      "total_attempts": 1
    }
  }
]

 ⛅️ wrangler 4.127.1 (update available 4.132.0)
───────────────────────────────────────────────
Resource location: remote 

🌀 Executing on remote database jarvis-scratch-rehearsal-0916e (b211bbe8-149f-4c72-b008-e6db48059340):
🌀 To execute on your local development database, remove the --remote flag from your wrangler command.
🚣 Executed 1 command in 0.31ms
[
  {
    "results": [],
    "success": true,
    "meta": {
      "served_by": "v3-prod",
      "served_by_region": "ENAM",
      "served_by_colo": "EWR",
      "served_by_primary": true,
      "timings": {
        "sql_duration_ms": 0.3124
      },
      "duration": 0.3124,
      "changes": 1,
      "last_row_id": 1,
      "changed_db": true,
      "size_after": 258048,
      "rows_read": 1,
      "rows_written": 1,
      "total_attempts": 1
    }
  }
]

 ⛅️ wrangler 4.127.1 (update available 4.132.0)
───────────────────────────────────────────────
Resource location: remote 

🌀 Executing on remote database jarvis-scratch-rehearsal-0916e (b211bbe8-149f-4c72-b008-e6db48059340):
🌀 To execute on your local development database, remove the --remote flag from your wrangler command.
🚣 Executed 1 command in 0.58ms
[
  {
    "results": [],
    "success": true,
    "meta": {
      "served_by": "v3-prod",
      "served_by_region": "ENAM",
      "served_by_colo": "EWR",
      "served_by_primary": true,
      "timings": {
        "sql_duration_ms": 0.585
      },
      "duration": 0.585,
      "changes": 0,
      "last_row_id": 1,
      "changed_db": true,
      "size_after": 278528,
      "rows_read": 1,
      "rows_written": 6,
      "total_attempts": 1
    }
  }
]

 ⛅️ wrangler 4.127.1 (update available 4.132.0)
───────────────────────────────────────────────
Resource location: remote 

🌀 Executing on remote database jarvis-scratch-rehearsal-0916e (b211bbe8-149f-4c72-b008-e6db48059340):
🌀 To execute on your local development database, remove the --remote flag from your wrangler command.
🚣 Executed 1 command in 0.33ms
[
  {
    "results": [],
    "success": true,
    "meta": {
      "served_by": "v3-prod",
      "served_by_region": "ENAM",
      "served_by_colo": "EWR",
      "served_by_primary": true,
      "timings": {
        "sql_duration_ms": 0.3308
      },
      "duration": 0.3308,
      "changes": 0,
      "last_row_id": 1,
      "changed_db": true,
      "size_after": 282624,
      "rows_read": 2,
      "rows_written": 1,
      "total_attempts": 1
    }
  }
]

 ⛅️ wrangler 4.127.1 (update available 4.132.0)
───────────────────────────────────────────────
Resource location: remote 

🌀 Executing on remote database jarvis-scratch-rehearsal-0916e (b211bbe8-149f-4c72-b008-e6db48059340):
🌀 To execute on your local development database, remove the --remote flag from your wrangler command.
🚣 Executed 1 command in 0.87ms
[
  {
    "results": [],
    "success": true,
    "meta": {
      "served_by": "v3-prod",
      "served_by_region": "ENAM",
      "served_by_colo": "EWR",
      "served_by_primary": true,
      "timings": {
        "sql_duration_ms": 0.8705
      },
      "duration": 0.8705,
      "changes": 0,
      "last_row_id": 1,
      "changed_db": true,
      "size_after": 303104,
      "rows_read": 1,
      "rows_written": 6,
      "total_attempts": 1
    }
  }
]

 ⛅️ wrangler 4.127.1 (update available 4.132.0)
───────────────────────────────────────────────
Resource location: remote 

🌀 Executing on remote database jarvis-scratch-rehearsal-0916e (b211bbe8-149f-4c72-b008-e6db48059340):
🌀 To execute on your local development database, remove the --remote flag from your wrangler command.
🚣 Executed 1 command in 0.51ms
[
  {
    "results": [],
    "success": true,
    "meta": {
      "served_by": "v3-prod",
      "served_by_region": "ENAM",
      "served_by_colo": "EWR",
      "served_by_primary": true,
      "timings": {
        "sql_duration_ms": 0.5128
      },
      "duration": 0.5128,
      "changes": 0,
      "last_row_id": 1,
      "changed_db": true,
      "size_after": 315392,
      "rows_read": 1,
      "rows_written": 4,
      "total_attempts": 1
    }
  }
]

 ⛅️ wrangler 4.127.1 (update available 4.132.0)
───────────────────────────────────────────────
Resource location: remote 

🌀 Executing on remote database jarvis-scratch-rehearsal-0916e (b211bbe8-149f-4c72-b008-e6db48059340):
🌀 To execute on your local development database, remove the --remote flag from your wrangler command.
🚣 Executed 1 command in 3.74ms
[
  {
    "results": [],
    "success": true,
    "meta": {
      "served_by": "v3-prod",
      "served_by_region": "ENAM",
      "served_by_colo": "EWR",
      "served_by_primary": true,
      "timings": {
        "sql_duration_ms": 3.7386
      },
      "duration": 3.7386,
      "changes": 0,
      "last_row_id": 1,
      "changed_db": true,
      "size_after": 323584,
      "rows_read": 2,
      "rows_written": 1,
      "total_attempts": 1
    }
  }
]

 ⛅️ wrangler 4.127.1 (update available 4.132.0)
───────────────────────────────────────────────
Resource location: remote 

🌀 Executing on remote database jarvis-scratch-rehearsal-0916e (b211bbe8-149f-4c72-b008-e6db48059340):
🌀 To execute on your local development database, remove the --remote flag from your wrangler command.
🚣 Executed 1 command in 0.43ms
[
  {
    "results": [],
    "success": true,
    "meta": {
      "served_by": "v3-prod",
      "served_by_region": "ENAM",
      "served_by_colo": "EWR",
      "served_by_primary": true,
      "timings": {
        "sql_duration_ms": 0.4305
      },
      "duration": 0.4305,
      "changes": 0,
      "last_row_id": 1,
      "changed_db": true,
      "size_after": 331776,
      "rows_read": 1,
      "rows_written": 3,
      "total_attempts": 1
    }
  }
]

 ⛅️ wrangler 4.127.1 (update available 4.132.0)
───────────────────────────────────────────────
Resource location: remote 

🌀 Executing on remote database jarvis-scratch-rehearsal-0916e (b211bbe8-149f-4c72-b008-e6db48059340):
🌀 To execute on your local development database, remove the --remote flag from your wrangler command.
🚣 Executed 1 command in 0.32ms
[
  {
    "results": [],
    "success": true,
    "meta": {
      "served_by": "v3-prod",
      "served_by_region": "ENAM",
      "served_by_colo": "EWR",
      "served_by_primary": true,
      "timings": {
        "sql_duration_ms": 0.3226
      },
      "duration": 0.3226,
      "changes": 0,
      "last_row_id": 1,
      "changed_db": false,
      "size_after": 331776,
      "rows_read": 0,
      "rows_written": 1,
      "total_attempts": 1
    }
  }
]

 ⛅️ wrangler 4.127.1 (update available 4.132.0)
───────────────────────────────────────────────
Resource location: remote 

🌀 Executing on remote database jarvis-scratch-rehearsal-0916e (b211bbe8-149f-4c72-b008-e6db48059340):
🌀 To execute on your local development database, remove the --remote flag from your wrangler command.
🚣 Executed 1 command in 0.37ms
[
  {
    "results": [],
    "success": true,
    "meta": {
      "served_by": "v3-prod",
      "served_by_region": "ENAM",
      "served_by_colo": "EWR",
      "served_by_primary": true,
      "timings": {
        "sql_duration_ms": 0.3658
      },
      "duration": 0.3658,
      "changes": 0,
      "last_row_id": 1,
      "changed_db": false,
      "size_after": 331776,
      "rows_read": 0,
      "rows_written": 1,
      "total_attempts": 1
    }
  }
]

 ⛅️ wrangler 4.127.1 (update available 4.132.0)
───────────────────────────────────────────────
Resource location: remote 

🌀 Executing on remote database jarvis-scratch-rehearsal-0916e (b211bbe8-149f-4c72-b008-e6db48059340):
🌀 To execute on your local development database, remove the --remote flag from your wrangler command.
🚣 Executed 1 command in 0.29ms
[
  {
    "results": [],
    "success": true,
    "meta": {
      "served_by": "v3-prod",
      "served_by_region": "ENAM",
      "served_by_colo": "EWR",
      "served_by_primary": true,
      "timings": {
        "sql_duration_ms": 0.2883
      },
      "duration": 0.2883,
      "changes": 0,
      "last_row_id": 1,
      "changed_db": false,
      "size_after": 331776,
      "rows_read": 0,
      "rows_written": 1,
      "total_attempts": 1
    }
  }
]

 ⛅️ wrangler 4.127.1 (update available 4.132.0)
───────────────────────────────────────────────
Resource location: remote 

🌀 Executing on remote database jarvis-scratch-rehearsal-0916e (b211bbe8-149f-4c72-b008-e6db48059340):
🌀 To execute on your local development database, remove the --remote flag from your wrangler command.
🚣 Executed 1 command in 0.44ms
[
  {
    "results": [],
    "success": true,
    "meta": {
      "served_by": "v3-prod",
      "served_by_region": "ENAM",
      "served_by_colo": "EWR",
      "served_by_primary": true,
      "timings": {
        "sql_duration_ms": 0.4396
      },
      "duration": 0.4396,
      "changes": 0,
      "last_row_id": 1,
      "changed_db": false,
      "size_after": 331776,
      "rows_read": 0,
      "rows_written": 1,
      "total_attempts": 1
    }
  }
]

 ⛅️ wrangler 4.127.1 (update available 4.132.0)
───────────────────────────────────────────────
Resource location: remote 

🌀 Executing on remote database jarvis-scratch-rehearsal-0916e (b211bbe8-149f-4c72-b008-e6db48059340):
🌀 To execute on your local development database, remove the --remote flag from your wrangler command.
🚣 Executed 1 command in 0.32ms
[
  {
    "results": [],
    "success": true,
    "meta": {
      "served_by": "v3-prod",
      "served_by_region": "ENAM",
      "served_by_colo": "EWR",
      "served_by_primary": true,
      "timings": {
        "sql_duration_ms": 0.3174
      },
      "duration": 0.3174,
      "changes": 0,
      "last_row_id": 1,
      "changed_db": false,
      "size_after": 331776,
      "rows_read": 0,
      "rows_written": 1,
      "total_attempts": 1
    }
  }
]

 ⛅️ wrangler 4.127.1 (update available 4.132.0)
───────────────────────────────────────────────
Resource location: remote 

🌀 Executing on remote database jarvis-scratch-rehearsal-0916e (b211bbe8-149f-4c72-b008-e6db48059340):
🌀 To execute on your local development database, remove the --remote flag from your wrangler command.
🚣 Executed 1 command in 0.48ms
[
  {
    "results": [],
    "success": true,
    "meta": {
      "served_by": "v3-prod",
      "served_by_region": "ENAM",
      "served_by_colo": "EWR",
      "served_by_primary": true,
      "timings": {
        "sql_duration_ms": 0.4845
      },
      "duration": 0.4845,
      "changes": 0,
      "last_row_id": 1,
      "changed_db": false,
      "size_after": 331776,
      "rows_read": 0,
      "rows_written": 1,
      "total_attempts": 1
    }
  }
]

 ⛅️ wrangler 4.127.1 (update available 4.132.0)
───────────────────────────────────────────────
Resource location: remote 

🌀 Executing on remote database jarvis-scratch-rehearsal-0916e (b211bbe8-149f-4c72-b008-e6db48059340):
🌀 To execute on your local development database, remove the --remote flag from your wrangler command.
🚣 Executed 1 command in 1.56ms
[
  {
    "results": [],
    "success": true,
    "meta": {
      "served_by": "v3-prod",
      "served_by_region": "ENAM",
      "served_by_colo": "EWR",
      "served_by_primary": true,
      "timings": {
        "sql_duration_ms": 1.5551
      },
      "duration": 1.5551,
      "changes": 0,
      "last_row_id": 1,
      "changed_db": false,
      "size_after": 331776,
      "rows_read": 0,
      "rows_written": 1,
      "total_attempts": 1
    }
  }
]

 ⛅️ wrangler 4.127.1 (update available 4.132.0)
───────────────────────────────────────────────
Resource location: remote 

🌀 Executing on remote database jarvis-scratch-rehearsal-0916e (b211bbe8-149f-4c72-b008-e6db48059340):
🌀 To execute on your local development database, remove the --remote flag from your wrangler command.
🚣 Executed 1 command in 0.29ms
[
  {
    "results": [],
    "success": true,
    "meta": {
      "served_by": "v3-prod",
      "served_by_region": "ENAM",
      "served_by_colo": "EWR",
      "served_by_primary": true,
      "timings": {
        "sql_duration_ms": 0.2875
      },
      "duration": 0.2875,
      "changes": 0,
      "last_row_id": 1,
      "changed_db": false,
      "size_after": 331776,
      "rows_read": 0,
      "rows_written": 1,
      "total_attempts": 1
    }
  }
]

 ⛅️ wrangler 4.127.1 (update available 4.132.0)
───────────────────────────────────────────────
Resource location: remote 

🌀 Executing on remote database jarvis-scratch-rehearsal-0916e (b211bbe8-149f-4c72-b008-e6db48059340):
🌀 To execute on your local development database, remove the --remote flag from your wrangler command.
🚣 Executed 1 command in 0.41ms
[
  {
    "results": [],
    "success": true,
    "meta": {
      "served_by": "v3-prod",
      "served_by_region": "ENAM",
      "served_by_colo": "EWR",
      "served_by_primary": true,
      "timings": {
        "sql_duration_ms": 0.4086
      },
      "duration": 0.4086,
      "changes": 0,
      "last_row_id": 1,
      "changed_db": true,
      "size_after": 335872,
      "rows_read": 0,
      "rows_written": 1,
      "total_attempts": 1
    }
  }
]

 ⛅️ wrangler 4.127.1 (update available 4.132.0)
───────────────────────────────────────────────
Resource location: remote 

🌀 Executing on remote database jarvis-scratch-rehearsal-0916e (b211bbe8-149f-4c72-b008-e6db48059340):
🌀 To execute on your local development database, remove the --remote flag from your wrangler command.
🚣 Executed 1 command in 0.23ms
[
  {
    "results": [],
    "success": true,
    "meta": {
      "served_by": "v3-prod",
      "served_by_region": "ENAM",
      "served_by_colo": "EWR",
      "served_by_primary": true,
      "timings": {
        "sql_duration_ms": 0.232
      },
      "duration": 0.232,
      "changes": 0,
      "last_row_id": 1,
      "changed_db": false,
      "size_after": 335872,
      "rows_read": 0,
      "rows_written": 1,
      "total_attempts": 1
    }
  }
]

 ⛅️ wrangler 4.127.1 (update available 4.132.0)
───────────────────────────────────────────────
Resource location: remote 

🌀 Executing on remote database jarvis-scratch-rehearsal-0916e (b211bbe8-149f-4c72-b008-e6db48059340):
🌀 To execute on your local development database, remove the --remote flag from your wrangler command.
🚣 Executed 1 command in 0.33ms
[
  {
    "results": [],
    "success": true,
    "meta": {
      "served_by": "v3-prod",
      "served_by_region": "ENAM",
      "served_by_colo": "EWR",
      "served_by_primary": true,
      "timings": {
        "sql_duration_ms": 0.3263
      },
      "duration": 0.3263,
      "changes": 0,
      "last_row_id": 1,
      "changed_db": false,
      "size_after": 335872,
      "rows_read": 0,
      "rows_written": 1,
      "total_attempts": 1
    }
  }
]

 ⛅️ wrangler 4.127.1 (update available 4.132.0)
───────────────────────────────────────────────
Resource location: remote 

🌀 Executing on remote database jarvis-scratch-rehearsal-0916e (b211bbe8-149f-4c72-b008-e6db48059340):
🌀 To execute on your local development database, remove the --remote flag from your wrangler command.
🚣 Executed 1 command in 0.33ms
[
  {
    "results": [],
    "success": true,
    "meta": {
      "served_by": "v3-prod",
      "served_by_region": "ENAM",
      "served_by_colo": "EWR",
      "served_by_primary": true,
      "timings": {
        "sql_duration_ms": 0.3281
      },
      "duration": 0.3281,
      "changes": 0,
      "last_row_id": 1,
      "changed_db": false,
      "size_after": 335872,
      "rows_read": 0,
      "rows_written": 1,
      "total_attempts": 1
    }
  }
]

 ⛅️ wrangler 4.127.1 (update available 4.132.0)
───────────────────────────────────────────────
Resource location: remote 

🌀 Executing on remote database jarvis-scratch-rehearsal-0916e (b211bbe8-149f-4c72-b008-e6db48059340):
🌀 To execute on your local development database, remove the --remote flag from your wrangler command.
🚣 Executed 1 command in 0.36ms
[
  {
    "results": [],
    "success": true,
    "meta": {
      "served_by": "v3-prod",
      "served_by_region": "ENAM",
      "served_by_colo": "EWR",
      "served_by_primary": true,
      "timings": {
        "sql_duration_ms": 0.356
      },
      "duration": 0.356,
      "changes": 0,
      "last_row_id": 1,
      "changed_db": false,
      "size_after": 335872,
      "rows_read": 0,
      "rows_written": 1,
      "total_attempts": 1
    }
  }
]

 ⛅️ wrangler 4.127.1 (update available 4.132.0)
───────────────────────────────────────────────
Resource location: remote 

🌀 Executing on remote database jarvis-scratch-rehearsal-0916e (b211bbe8-149f-4c72-b008-e6db48059340):
🌀 To execute on your local development database, remove the --remote flag from your wrangler command.
🚣 Executed 1 command in 0.26ms
[
  {
    "results": [],
    "success": true,
    "meta": {
      "served_by": "v3-prod",
      "served_by_region": "ENAM",
      "served_by_colo": "EWR",
      "served_by_primary": true,
      "timings": {
        "sql_duration_ms": 0.2555
      },
      "duration": 0.2555,
      "changes": 0,
      "last_row_id": 1,
      "changed_db": false,
      "size_after": 335872,
      "rows_read": 0,
      "rows_written": 1,
      "total_attempts": 1
    }
  }
]

 ⛅️ wrangler 4.127.1 (update available 4.132.0)
───────────────────────────────────────────────
Resource location: remote 

🌀 Executing on remote database jarvis-scratch-rehearsal-0916e (b211bbe8-149f-4c72-b008-e6db48059340):
🌀 To execute on your local development database, remove the --remote flag from your wrangler command.
🚣 Executed 1 command in 0.36ms
[
  {
    "results": [],
    "success": true,
    "meta": {
      "served_by": "v3-prod",
      "served_by_region": "ENAM",
      "served_by_colo": "EWR",
      "served_by_primary": true,
      "timings": {
        "sql_duration_ms": 0.3639
      },
      "duration": 0.3639,
      "changes": 0,
      "last_row_id": 1,
      "changed_db": false,
      "size_after": 335872,
      "rows_read": 0,
      "rows_written": 1,
      "total_attempts": 1
    }
  }
]

 ⛅️ wrangler 4.127.1 (update available 4.132.0)
───────────────────────────────────────────────
Resource location: remote 

🌀 Executing on remote database jarvis-scratch-rehearsal-0916e (b211bbe8-149f-4c72-b008-e6db48059340):
🌀 To execute on your local development database, remove the --remote flag from your wrangler command.
🚣 Executed 1 command in 0.24ms
[
  {
    "results": [],
    "success": true,
    "meta": {
      "served_by": "v3-prod",
      "served_by_region": "ENAM",
      "served_by_colo": "EWR",
      "served_by_primary": true,
      "timings": {
        "sql_duration_ms": 0.2425
      },
      "duration": 0.2425,
      "changes": 0,
      "last_row_id": 1,
      "changed_db": false,
      "size_after": 335872,
      "rows_read": 0,
      "rows_written": 1,
      "total_attempts": 1
    }
  }
]

 ⛅️ wrangler 4.127.1 (update available 4.132.0)
───────────────────────────────────────────────
Resource location: remote 

🌀 Executing on remote database jarvis-scratch-rehearsal-0916e (b211bbe8-149f-4c72-b008-e6db48059340):
🌀 To execute on your local development database, remove the --remote flag from your wrangler command.
🚣 Executed 1 command in 0.27ms
[
  {
    "results": [],
    "success": true,
    "meta": {
      "served_by": "v3-prod",
      "served_by_region": "ENAM",
      "served_by_colo": "EWR",
      "served_by_primary": true,
      "timings": {
        "sql_duration_ms": 0.265
      },
      "duration": 0.265,
      "changes": 1,
      "last_row_id": 1,
      "changed_db": true,
      "size_after": 335872,
      "rows_read": 1,
      "rows_written": 3,
      "total_attempts": 1
    }
  }
]
BASELINE RECEIPT OK: 0001_foundation.sql
Applying 0002_foundation_hardening.sql: 9 split statements.

 ⛅️ wrangler 4.127.1 (update available 4.132.0)
───────────────────────────────────────────────
Resource location: remote 

🌀 Executing on remote database jarvis-scratch-rehearsal-0916e (b211bbe8-149f-4c72-b008-e6db48059340):
🌀 To execute on your local development database, remove the --remote flag from your wrangler command.
🚣 Executed 1 command in 0.44ms
[
  {
    "results": [],
    "success": true,
    "meta": {
      "served_by": "v3-prod",
      "served_by_region": "ENAM",
      "served_by_colo": "EWR",
      "served_by_primary": true,
      "timings": {
        "sql_duration_ms": 0.4357
      },
      "duration": 0.4357,
      "changes": 0,
      "last_row_id": 1,
      "changed_db": true,
      "size_after": 339968,
      "rows_read": 2,
      "rows_written": 1,
      "total_attempts": 1
    }
  }
]

 ⛅️ wrangler 4.127.1 (update available 4.132.0)
───────────────────────────────────────────────
Resource location: remote 

🌀 Executing on remote database jarvis-scratch-rehearsal-0916e (b211bbe8-149f-4c72-b008-e6db48059340):
🌀 To execute on your local development database, remove the --remote flag from your wrangler command.
🚣 Executed 1 command in 0.39ms
[
  {
    "results": [],
    "success": true,
    "meta": {
      "served_by": "v3-prod",
      "served_by_region": "ENAM",
      "served_by_colo": "EWR",
      "served_by_primary": true,
      "timings": {
        "sql_duration_ms": 0.39
      },
      "duration": 0.39,
      "changes": 0,
      "last_row_id": 1,
      "changed_db": true,
      "size_after": 344064,
      "rows_read": 2,
      "rows_written": 1,
      "total_attempts": 1
    }
  }
]

 ⛅️ wrangler 4.127.1 (update available 4.132.0)
───────────────────────────────────────────────
Resource location: remote 

🌀 Executing on remote database jarvis-scratch-rehearsal-0916e (b211bbe8-149f-4c72-b008-e6db48059340):
🌀 To execute on your local development database, remove the --remote flag from your wrangler command.
🚣 Executed 1 command in 0.33ms
[
  {
    "results": [],
    "success": true,
    "meta": {
      "served_by": "v3-prod",
      "served_by_region": "ENAM",
      "served_by_colo": "EWR",
      "served_by_primary": true,
      "timings": {
        "sql_duration_ms": 0.3285
      },
      "duration": 0.3285,
      "changes": 0,
      "last_row_id": 1,
      "changed_db": false,
      "size_after": 344064,
      "rows_read": 0,
      "rows_written": 1,
      "total_attempts": 1
    }
  }
]

 ⛅️ wrangler 4.127.1 (update available 4.132.0)
───────────────────────────────────────────────
Resource location: remote 

🌀 Executing on remote database jarvis-scratch-rehearsal-0916e (b211bbe8-149f-4c72-b008-e6db48059340):
🌀 To execute on your local development database, remove the --remote flag from your wrangler command.
🚣 Executed 1 command in 0.36ms
[
  {
    "results": [],
    "success": true,
    "meta": {
      "served_by": "v3-prod",
      "served_by_region": "ENAM",
      "served_by_colo": "EWR",
      "served_by_primary": true,
      "timings": {
        "sql_duration_ms": 0.3568
      },
      "duration": 0.3568,
      "changes": 0,
      "last_row_id": 1,
      "changed_db": true,
      "size_after": 348160,
      "rows_read": 2,
      "rows_written": 1,
      "total_attempts": 1
    }
  }
]

 ⛅️ wrangler 4.127.1 (update available 4.132.0)
───────────────────────────────────────────────
Resource location: remote 

🌀 Executing on remote database jarvis-scratch-rehearsal-0916e (b211bbe8-149f-4c72-b008-e6db48059340):
🌀 To execute on your local development database, remove the --remote flag from your wrangler command.
🚣 Executed 1 command in 0.43ms
[
  {
    "results": [],
    "success": true,
    "meta": {
      "served_by": "v3-prod",
      "served_by_region": "ENAM",
      "served_by_colo": "EWR",
      "served_by_primary": true,
      "timings": {
        "sql_duration_ms": 0.4265
      },
      "duration": 0.4265,
      "changes": 0,
      "last_row_id": 1,
      "changed_db": true,
      "size_after": 352256,
      "rows_read": 2,
      "rows_written": 1,
      "total_attempts": 1
    }
  }
]

 ⛅️ wrangler 4.127.1 (update available 4.132.0)
───────────────────────────────────────────────
Resource location: remote 

🌀 Executing on remote database jarvis-scratch-rehearsal-0916e (b211bbe8-149f-4c72-b008-e6db48059340):
🌀 To execute on your local development database, remove the --remote flag from your wrangler command.
🚣 Executed 1 command in 0.31ms
[
  {
    "results": [],
    "success": true,
    "meta": {
      "served_by": "v3-prod",
      "served_by_region": "ENAM",
      "served_by_colo": "EWR",
      "served_by_primary": true,
      "timings": {
        "sql_duration_ms": 0.3108
      },
      "duration": 0.3108,
      "changes": 0,
      "last_row_id": 1,
      "changed_db": false,
      "size_after": 352256,
      "rows_read": 0,
      "rows_written": 1,
      "total_attempts": 1
    }
  }
]

 ⛅️ wrangler 4.127.1 (update available 4.132.0)
───────────────────────────────────────────────
Resource location: remote 

🌀 Executing on remote database jarvis-scratch-rehearsal-0916e (b211bbe8-149f-4c72-b008-e6db48059340):
🌀 To execute on your local development database, remove the --remote flag from your wrangler command.
🚣 Executed 1 command in 0.44ms
[
  {
    "results": [],
    "success": true,
    "meta": {
      "served_by": "v3-prod",
      "served_by_region": "ENAM",
      "served_by_colo": "EWR",
      "served_by_primary": true,
      "timings": {
        "sql_duration_ms": 0.4399
      },
      "duration": 0.4399,
      "changes": 0,
      "last_row_id": 1,
      "changed_db": true,
      "size_after": 356352,
      "rows_read": 2,
      "rows_written": 1,
      "total_attempts": 1
    }
  }
]

 ⛅️ wrangler 4.127.1 (update available 4.132.0)
───────────────────────────────────────────────
Resource location: remote 

🌀 Executing on remote database jarvis-scratch-rehearsal-0916e (b211bbe8-149f-4c72-b008-e6db48059340):
🌀 To execute on your local development database, remove the --remote flag from your wrangler command.
🚣 Executed 1 command in 0.52ms
[
  {
    "results": [],
    "success": true,
    "meta": {
      "served_by": "v3-prod",
      "served_by_region": "ENAM",
      "served_by_colo": "EWR",
      "served_by_primary": true,
      "timings": {
        "sql_duration_ms": 0.515
      },
      "duration": 0.515,
      "changes": 0,
      "last_row_id": 1,
      "changed_db": false,
      "size_after": 356352,
      "rows_read": 0,
      "rows_written": 1,
      "total_attempts": 1
    }
  }
]

 ⛅️ wrangler 4.127.1 (update available 4.132.0)
───────────────────────────────────────────────
Resource location: remote 

🌀 Executing on remote database jarvis-scratch-rehearsal-0916e (b211bbe8-149f-4c72-b008-e6db48059340):
🌀 To execute on your local development database, remove the --remote flag from your wrangler command.
🚣 Executed 1 command in 0.35ms
[
  {
    "results": [],
    "success": true,
    "meta": {
      "served_by": "v3-prod",
      "served_by_region": "ENAM",
      "served_by_colo": "EWR",
      "served_by_primary": true,
      "timings": {
        "sql_duration_ms": 0.3507
      },
      "duration": 0.3507,
      "changes": 0,
      "last_row_id": 1,
      "changed_db": true,
      "size_after": 360448,
      "rows_read": 2,
      "rows_written": 1,
      "total_attempts": 1
    }
  }
]

 ⛅️ wrangler 4.127.1 (update available 4.132.0)
───────────────────────────────────────────────
Resource location: remote 

🌀 Executing on remote database jarvis-scratch-rehearsal-0916e (b211bbe8-149f-4c72-b008-e6db48059340):
🌀 To execute on your local development database, remove the --remote flag from your wrangler command.
🚣 Executed 1 command in 0.39ms
[
  {
    "results": [],
    "success": true,
    "meta": {
      "served_by": "v3-prod",
      "served_by_region": "ENAM",
      "served_by_colo": "EWR",
      "served_by_primary": true,
      "timings": {
        "sql_duration_ms": 0.3859
      },
      "duration": 0.3859,
      "changes": 1,
      "last_row_id": 2,
      "changed_db": true,
      "size_after": 360448,
      "rows_read": 1,
      "rows_written": 3,
      "total_attempts": 1
    }
  }
]
BASELINE RECEIPT OK: 0002_foundation_hardening.sql
Applying 0003_calling.sql: 10 split statements.

 ⛅️ wrangler 4.127.1 (update available 4.132.0)
───────────────────────────────────────────────
Resource location: remote 

🌀 Executing on remote database jarvis-scratch-rehearsal-0916e (b211bbe8-149f-4c72-b008-e6db48059340):
🌀 To execute on your local development database, remove the --remote flag from your wrangler command.
🚣 Executed 1 command in 0.94ms
[
  {
    "results": [],
    "success": true,
    "meta": {
      "served_by": "v3-prod",
      "served_by_region": "ENAM",
      "served_by_colo": "EWR",
      "served_by_primary": true,
      "timings": {
        "sql_duration_ms": 0.939
      },
      "duration": 0.939,
      "changes": 0,
      "last_row_id": 2,
      "changed_db": true,
      "size_after": 389120,
      "rows_read": 1,
      "rows_written": 7,
      "total_attempts": 1
    }
  }
]

 ⛅️ wrangler 4.127.1 (update available 4.132.0)
───────────────────────────────────────────────
Resource location: remote 

🌀 Executing on remote database jarvis-scratch-rehearsal-0916e (b211bbe8-149f-4c72-b008-e6db48059340):
🌀 To execute on your local development database, remove the --remote flag from your wrangler command.
🚣 Executed 1 command in 0.41ms
[
  {
    "results": [],
    "success": true,
    "meta": {
      "served_by": "v3-prod",
      "served_by_region": "ENAM",
      "served_by_colo": "EWR",
      "served_by_primary": true,
      "timings": {
        "sql_duration_ms": 0.4123
      },
      "duration": 0.4123,
      "changes": 0,
      "last_row_id": 2,
      "changed_db": true,
      "size_after": 393216,
      "rows_read": 0,
      "rows_written": 1,
      "total_attempts": 1
    }
  }
]

 ⛅️ wrangler 4.127.1 (update available 4.132.0)
───────────────────────────────────────────────
Resource location: remote 

🌀 Executing on remote database jarvis-scratch-rehearsal-0916e (b211bbe8-149f-4c72-b008-e6db48059340):
🌀 To execute on your local development database, remove the --remote flag from your wrangler command.
🚣 Executed 1 command in 0.45ms
[
  {
    "results": [],
    "success": true,
    "meta": {
      "served_by": "v3-prod",
      "served_by_region": "ENAM",
      "served_by_colo": "EWR",
      "served_by_primary": true,
      "timings": {
        "sql_duration_ms": 0.4488
      },
      "duration": 0.4488,
      "changes": 0,
      "last_row_id": 2,
      "changed_db": false,
      "size_after": 393216,
      "rows_read": 0,
      "rows_written": 1,
      "total_attempts": 1
    }
  }
]

 ⛅️ wrangler 4.127.1 (update available 4.132.0)
───────────────────────────────────────────────
Resource location: remote 

🌀 Executing on remote database jarvis-scratch-rehearsal-0916e (b211bbe8-149f-4c72-b008-e6db48059340):
🌀 To execute on your local development database, remove the --remote flag from your wrangler command.
🚣 Executed 1 command in 0.21ms
[
  {
    "results": [],
    "success": true,
    "meta": {
      "served_by": "v3-prod",
      "served_by_region": "ENAM",
      "served_by_colo": "EWR",
      "served_by_primary": true,
      "timings": {
        "sql_duration_ms": 0.2067
      },
      "duration": 0.2067,
      "changes": 0,
      "last_row_id": 2,
      "changed_db": false,
      "size_after": 393216,
      "rows_read": 0,
      "rows_written": 1,
      "total_attempts": 1
    }
  }
]

 ⛅️ wrangler 4.127.1 (update available 4.132.0)
───────────────────────────────────────────────
Resource location: remote 

🌀 Executing on remote database jarvis-scratch-rehearsal-0916e (b211bbe8-149f-4c72-b008-e6db48059340):
🌀 To execute on your local development database, remove the --remote flag from your wrangler command.
🚣 Executed 1 command in 0.36ms
[
  {
    "results": [],
    "success": true,
    "meta": {
      "served_by": "v3-prod",
      "served_by_region": "ENAM",
      "served_by_colo": "EWR",
      "served_by_primary": true,
      "timings": {
        "sql_duration_ms": 0.3555
      },
      "duration": 0.3555,
      "changes": 0,
      "last_row_id": 2,
      "changed_db": true,
      "size_after": 397312,
      "rows_read": 2,
      "rows_written": 1,
      "total_attempts": 1
    }
  }
]

 ⛅️ wrangler 4.127.1 (update available 4.132.0)
───────────────────────────────────────────────
Resource location: remote 

🌀 Executing on remote database jarvis-scratch-rehearsal-0916e (b211bbe8-149f-4c72-b008-e6db48059340):
🌀 To execute on your local development database, remove the --remote flag from your wrangler command.
🚣 Executed 1 command in 0.55ms
[
  {
    "results": [],
    "success": true,
    "meta": {
      "served_by": "v3-prod",
      "served_by_region": "ENAM",
      "served_by_colo": "EWR",
      "served_by_primary": true,
      "timings": {
        "sql_duration_ms": 0.5455
      },
      "duration": 0.5455,
      "changes": 0,
      "last_row_id": 2,
      "changed_db": true,
      "size_after": 413696,
      "rows_read": 1,
      "rows_written": 4,
      "total_attempts": 1
    }
  }
]

 ⛅️ wrangler 4.127.1 (update available 4.132.0)
───────────────────────────────────────────────
Resource location: remote 

🌀 Executing on remote database jarvis-scratch-rehearsal-0916e (b211bbe8-149f-4c72-b008-e6db48059340):
🌀 To execute on your local development database, remove the --remote flag from your wrangler command.
🚣 Executed 1 command in 0.46ms
[
  {
    "results": [],
    "success": true,
    "meta": {
      "served_by": "v3-prod",
      "served_by_region": "ENAM",
      "served_by_colo": "EWR",
      "served_by_primary": true,
      "timings": {
        "sql_duration_ms": 0.4601
      },
      "duration": 0.4601,
      "changes": 0,
      "last_row_id": 2,
      "changed_db": true,
      "size_after": 417792,
      "rows_read": 2,
      "rows_written": 1,
      "total_attempts": 1
    }
  }
]

 ⛅️ wrangler 4.127.1 (update available 4.132.0)
───────────────────────────────────────────────
Resource location: remote 

🌀 Executing on remote database jarvis-scratch-rehearsal-0916e (b211bbe8-149f-4c72-b008-e6db48059340):
🌀 To execute on your local development database, remove the --remote flag from your wrangler command.
🚣 Executed 1 command in 0.37ms
[
  {
    "results": [],
    "success": true,
    "meta": {
      "served_by": "v3-prod",
      "served_by_region": "ENAM",
      "served_by_colo": "EWR",
      "served_by_primary": true,
      "timings": {
        "sql_duration_ms": 0.3671
      },
      "duration": 0.3671,
      "changes": 0,
      "last_row_id": 2,
      "changed_db": true,
      "size_after": 421888,
      "rows_read": 2,
      "rows_written": 1,
      "total_attempts": 1
    }
  }
]

 ⛅️ wrangler 4.127.1 (update available 4.132.0)
───────────────────────────────────────────────
Resource location: remote 

🌀 Executing on remote database jarvis-scratch-rehearsal-0916e (b211bbe8-149f-4c72-b008-e6db48059340):
🌀 To execute on your local development database, remove the --remote flag from your wrangler command.
🚣 Executed 1 command in 0.28ms
[
  {
    "results": [],
    "success": true,
    "meta": {
      "served_by": "v3-prod",
      "served_by_region": "ENAM",
      "served_by_colo": "EWR",
      "served_by_primary": true,
      "timings": {
        "sql_duration_ms": 0.2818
      },
      "duration": 0.2818,
      "changes": 0,
      "last_row_id": 2,
      "changed_db": false,
      "size_after": 421888,
      "rows_read": 0,
      "rows_written": 1,
      "total_attempts": 1
    }
  }
]

 ⛅️ wrangler 4.127.1 (update available 4.132.0)
───────────────────────────────────────────────
Resource location: remote 

🌀 Executing on remote database jarvis-scratch-rehearsal-0916e (b211bbe8-149f-4c72-b008-e6db48059340):
🌀 To execute on your local development database, remove the --remote flag from your wrangler command.
🚣 Executed 1 command in 0.30ms
[
  {
    "results": [],
    "success": true,
    "meta": {
      "served_by": "v3-prod",
      "served_by_region": "ENAM",
      "served_by_colo": "EWR",
      "served_by_primary": true,
      "timings": {
        "sql_duration_ms": 0.3034
      },
      "duration": 0.3034,
      "changes": 0,
      "last_row_id": 2,
      "changed_db": false,
      "size_after": 421888,
      "rows_read": 0,
      "rows_written": 1,
      "total_attempts": 1
    }
  }
]

 ⛅️ wrangler 4.127.1 (update available 4.132.0)
───────────────────────────────────────────────
Resource location: remote 

🌀 Executing on remote database jarvis-scratch-rehearsal-0916e (b211bbe8-149f-4c72-b008-e6db48059340):
🌀 To execute on your local development database, remove the --remote flag from your wrangler command.
🚣 Executed 1 command in 0.54ms
[
  {
    "results": [],
    "success": true,
    "meta": {
      "served_by": "v3-prod",
      "served_by_region": "ENAM",
      "served_by_colo": "EWR",
      "served_by_primary": true,
      "timings": {
        "sql_duration_ms": 0.5351
      },
      "duration": 0.5351,
      "changes": 1,
      "last_row_id": 3,
      "changed_db": true,
      "size_after": 421888,
      "rows_read": 1,
      "rows_written": 3,
      "total_attempts": 1
    }
  }
]
BASELINE RECEIPT OK: 0003_calling.sql
Applying 0004_call_sessions.sql: 25 split statements.

 ⛅️ wrangler 4.127.1 (update available 4.132.0)
───────────────────────────────────────────────
Resource location: remote 

🌀 Executing on remote database jarvis-scratch-rehearsal-0916e (b211bbe8-149f-4c72-b008-e6db48059340):
🌀 To execute on your local development database, remove the --remote flag from your wrangler command.
🚣 Executed 1 command in 2.00ms
[
  {
    "results": [],
    "success": true,
    "meta": {
      "served_by": "v3-prod",
      "served_by_region": "ENAM",
      "served_by_colo": "EWR",
      "served_by_primary": true,
      "timings": {
        "sql_duration_ms": 2.0041
      },
      "duration": 2.0041,
      "changes": 0,
      "last_row_id": 3,
      "changed_db": true,
      "size_after": 450560,
      "rows_read": 1,
      "rows_written": 7,
      "total_attempts": 1
    }
  }
]

 ⛅️ wrangler 4.127.1 (update available 4.132.0)
───────────────────────────────────────────────
Resource location: remote 

🌀 Executing on remote database jarvis-scratch-rehearsal-0916e (b211bbe8-149f-4c72-b008-e6db48059340):
🌀 To execute on your local development database, remove the --remote flag from your wrangler command.
🚣 Executed 1 command in 0.51ms
[
  {
    "results": [],
    "success": true,
    "meta": {
      "served_by": "v3-prod",
      "served_by_region": "ENAM",
      "served_by_colo": "EWR",
      "served_by_primary": true,
      "timings": {
        "sql_duration_ms": 0.5133
      },
      "duration": 0.5133,
      "changes": 0,
      "last_row_id": 3,
      "changed_db": true,
      "size_after": 454656,
      "rows_read": 2,
      "rows_written": 1,
      "total_attempts": 1
    }
  }
]

 ⛅️ wrangler 4.127.1 (update available 4.132.0)
───────────────────────────────────────────────
Resource location: remote 

🌀 Executing on remote database jarvis-scratch-rehearsal-0916e (b211bbe8-149f-4c72-b008-e6db48059340):
🌀 To execute on your local development database, remove the --remote flag from your wrangler command.
🚣 Executed 1 command in 0.31ms
[
  {
    "results": [],
    "success": true,
    "meta": {
      "served_by": "v3-prod",
      "served_by_region": "ENAM",
      "served_by_colo": "EWR",
      "served_by_primary": true,
      "timings": {
        "sql_duration_ms": 0.3095
      },
      "duration": 0.3095,
      "changes": 0,
      "last_row_id": 3,
      "changed_db": false,
      "size_after": 454656,
      "rows_read": 0,
      "rows_written": 1,
      "total_attempts": 1
    }
  }
]

 ⛅️ wrangler 4.127.1 (update available 4.132.0)
───────────────────────────────────────────────
Resource location: remote 

🌀 Executing on remote database jarvis-scratch-rehearsal-0916e (b211bbe8-149f-4c72-b008-e6db48059340):
🌀 To execute on your local development database, remove the --remote flag from your wrangler command.
🚣 Executed 1 command in 0.78ms
[
  {
    "results": [],
    "success": true,
    "meta": {
      "served_by": "v3-prod",
      "served_by_region": "ENAM",
      "served_by_colo": "EWR",
      "served_by_primary": true,
      "timings": {
        "sql_duration_ms": 0.7829
      },
      "duration": 0.7829,
      "changes": 0,
      "last_row_id": 3,
      "changed_db": true,
      "size_after": 458752,
      "rows_read": 0,
      "rows_written": 1,
      "total_attempts": 1
    }
  }
]

 ⛅️ wrangler 4.127.1 (update available 4.132.0)
───────────────────────────────────────────────
Resource location: remote 

🌀 Executing on remote database jarvis-scratch-rehearsal-0916e (b211bbe8-149f-4c72-b008-e6db48059340):
🌀 To execute on your local development database, remove the --remote flag from your wrangler command.
🚣 Executed 1 command in 0.50ms
[
  {
    "results": [],
    "success": true,
    "meta": {
      "served_by": "v3-prod",
      "served_by_region": "ENAM",
      "served_by_colo": "EWR",
      "served_by_primary": true,
      "timings": {
        "sql_duration_ms": 0.4994
      },
      "duration": 0.4994,
      "changes": 0,
      "last_row_id": 3,
      "changed_db": true,
      "size_after": 462848,
      "rows_read": 0,
      "rows_written": 1,
      "total_attempts": 1
    }
  }
]

 ⛅️ wrangler 4.127.1 (update available 4.132.0)
───────────────────────────────────────────────
Resource location: remote 

🌀 Executing on remote database jarvis-scratch-rehearsal-0916e (b211bbe8-149f-4c72-b008-e6db48059340):
🌀 To execute on your local development database, remove the --remote flag from your wrangler command.
🚣 Executed 1 command in 0.40ms
[
  {
    "results": [],
    "success": true,
    "meta": {
      "served_by": "v3-prod",
      "served_by_region": "ENAM",
      "served_by_colo": "EWR",
      "served_by_primary": true,
      "timings": {
        "sql_duration_ms": 0.4011
      },
      "duration": 0.4011,
      "changes": 0,
      "last_row_id": 3,
      "changed_db": false,
      "size_after": 462848,
      "rows_read": 0,
      "rows_written": 1,
      "total_attempts": 1
    }
  }
]

 ⛅️ wrangler 4.127.1 (update available 4.132.0)
───────────────────────────────────────────────
Resource location: remote 

🌀 Executing on remote database jarvis-scratch-rehearsal-0916e (b211bbe8-149f-4c72-b008-e6db48059340):
🌀 To execute on your local development database, remove the --remote flag from your wrangler command.
🚣 Executed 1 command in 0.32ms
[
  {
    "results": [],
    "success": true,
    "meta": {
      "served_by": "v3-prod",
      "served_by_region": "ENAM",
      "served_by_colo": "EWR",
      "served_by_primary": true,
      "timings": {
        "sql_duration_ms": 0.3204
      },
      "duration": 0.3204,
      "changes": 0,
      "last_row_id": 3,
      "changed_db": false,
      "size_after": 462848,
      "rows_read": 0,
      "rows_written": 1,
      "total_attempts": 1
    }
  }
]

 ⛅️ wrangler 4.127.1 (update available 4.132.0)
───────────────────────────────────────────────
Resource location: remote 

🌀 Executing on remote database jarvis-scratch-rehearsal-0916e (b211bbe8-149f-4c72-b008-e6db48059340):
🌀 To execute on your local development database, remove the --remote flag from your wrangler command.
🚣 Executed 1 command in 0.82ms
[
  {
    "results": [],
    "success": true,
    "meta": {
      "served_by": "v3-prod",
      "served_by_region": "ENAM",
      "served_by_colo": "EWR",
      "served_by_primary": true,
      "timings": {
        "sql_duration_ms": 0.818
      },
      "duration": 0.818,
      "changes": 0,
      "last_row_id": 3,
      "changed_db": true,
      "size_after": 466944,
      "rows_read": 0,
      "rows_written": 1,
      "total_attempts": 1
    }
  }
]

 ⛅️ wrangler 4.127.1 (update available 4.132.0)
───────────────────────────────────────────────
Resource location: remote 

🌀 Executing on remote database jarvis-scratch-rehearsal-0916e (b211bbe8-149f-4c72-b008-e6db48059340):
🌀 To execute on your local development database, remove the --remote flag from your wrangler command.
🚣 Executed 1 command in 0.31ms
[
  {
    "results": [],
    "success": true,
    "meta": {
      "served_by": "v3-prod",
      "served_by_region": "ENAM",
      "served_by_colo": "EWR",
      "served_by_primary": true,
      "timings": {
        "sql_duration_ms": 0.3131
      },
      "duration": 0.3131,
      "changes": 0,
      "last_row_id": 3,
      "changed_db": false,
      "size_after": 466944,
      "rows_read": 0,
      "rows_written": 1,
      "total_attempts": 1
    }
  }
]

 ⛅️ wrangler 4.127.1 (update available 4.132.0)
───────────────────────────────────────────────
Resource location: remote 

🌀 Executing on remote database jarvis-scratch-rehearsal-0916e (b211bbe8-149f-4c72-b008-e6db48059340):
🌀 To execute on your local development database, remove the --remote flag from your wrangler command.
🚣 Executed 1 command in 0.50ms
[
  {
    "results": [],
    "success": true,
    "meta": {
      "served_by": "v3-prod",
      "served_by_region": "ENAM",
      "served_by_colo": "EWR",
      "served_by_primary": true,
      "timings": {
        "sql_duration_ms": 0.4993
      },
      "duration": 0.4993,
      "changes": 0,
      "last_row_id": 3,
      "changed_db": true,
      "size_after": 471040,
      "rows_read": 0,
      "rows_written": 1,
      "total_attempts": 1
    }
  }
]

 ⛅️ wrangler 4.127.1 (update available 4.132.0)
───────────────────────────────────────────────
Resource location: remote 

🌀 Executing on remote database jarvis-scratch-rehearsal-0916e (b211bbe8-149f-4c72-b008-e6db48059340):
🌀 To execute on your local development database, remove the --remote flag from your wrangler command.
🚣 Executed 1 command in 0.35ms
[
  {
    "results": [],
    "success": true,
    "meta": {
      "served_by": "v3-prod",
      "served_by_region": "ENAM",
      "served_by_colo": "EWR",
      "served_by_primary": true,
      "timings": {
        "sql_duration_ms": 0.3474
      },
      "duration": 0.3474,
      "changes": 0,
      "last_row_id": 3,
      "changed_db": false,
      "size_after": 471040,
      "rows_read": 0,
      "rows_written": 1,
      "total_attempts": 1
    }
  }
]

 ⛅️ wrangler 4.127.1 (update available 4.132.0)
───────────────────────────────────────────────
Resource location: remote 

🌀 Executing on remote database jarvis-scratch-rehearsal-0916e (b211bbe8-149f-4c72-b008-e6db48059340):
🌀 To execute on your local development database, remove the --remote flag from your wrangler command.
🚣 Executed 1 command in 0.28ms
[
  {
    "results": [],
    "success": true,
    "meta": {
      "served_by": "v3-prod",
      "served_by_region": "ENAM",
      "served_by_colo": "EWR",
      "served_by_primary": true,
      "timings": {
        "sql_duration_ms": 0.2812
      },
      "duration": 0.2812,
      "changes": 0,
      "last_row_id": 3,
      "changed_db": false,
      "size_after": 471040,
      "rows_read": 0,
      "rows_written": 1,
      "total_attempts": 1
    }
  }
]

 ⛅️ wrangler 4.127.1 (update available 4.132.0)
───────────────────────────────────────────────
Resource location: remote 

🌀 Executing on remote database jarvis-scratch-rehearsal-0916e (b211bbe8-149f-4c72-b008-e6db48059340):
🌀 To execute on your local development database, remove the --remote flag from your wrangler command.
🚣 Executed 1 command in 0.42ms
[
  {
    "results": [],
    "success": true,
    "meta": {
      "served_by": "v3-prod",
      "served_by_region": "ENAM",
      "served_by_colo": "EWR",
      "served_by_primary": true,
      "timings": {
        "sql_duration_ms": 0.4167
      },
      "duration": 0.4167,
      "changes": 0,
      "last_row_id": 3,
      "changed_db": false,
      "size_after": 471040,
      "rows_read": 0,
      "rows_written": 1,
      "total_attempts": 1
    }
  }
]

 ⛅️ wrangler 4.127.1 (update available 4.132.0)
───────────────────────────────────────────────
Resource location: remote 

🌀 Executing on remote database jarvis-scratch-rehearsal-0916e (b211bbe8-149f-4c72-b008-e6db48059340):
🌀 To execute on your local development database, remove the --remote flag from your wrangler command.
🚣 Executed 1 command in 1.30ms
[
  {
    "results": [],
    "success": true,
    "meta": {
      "served_by": "v3-prod",
      "served_by_region": "ENAM",
      "served_by_colo": "EWR",
      "served_by_primary": true,
      "timings": {
        "sql_duration_ms": 1.2977
      },
      "duration": 1.2977,
      "changes": 0,
      "last_row_id": 3,
      "changed_db": false,
      "size_after": 471040,
      "rows_read": 0,
      "rows_written": 1,
      "total_attempts": 1
    }
  }
]

 ⛅️ wrangler 4.127.1 (update available 4.132.0)
───────────────────────────────────────────────
Resource location: remote 

🌀 Executing on remote database jarvis-scratch-rehearsal-0916e (b211bbe8-149f-4c72-b008-e6db48059340):
🌀 To execute on your local development database, remove the --remote flag from your wrangler command.
🚣 Executed 1 command in 0.30ms
[
  {
    "results": [],
    "success": true,
    "meta": {
      "served_by": "v3-prod",
      "served_by_region": "ENAM",
      "served_by_colo": "EWR",
      "served_by_primary": true,
      "timings": {
        "sql_duration_ms": 0.3002
      },
      "duration": 0.3002,
      "changes": 0,
      "last_row_id": 3,
      "changed_db": false,
      "size_after": 471040,
      "rows_read": 0,
      "rows_written": 1,
      "total_attempts": 1
    }
  }
]

 ⛅️ wrangler 4.127.1 (update available 4.132.0)
───────────────────────────────────────────────
Resource location: remote 

🌀 Executing on remote database jarvis-scratch-rehearsal-0916e (b211bbe8-149f-4c72-b008-e6db48059340):
🌀 To execute on your local development database, remove the --remote flag from your wrangler command.
🚣 Executed 1 command in 0.25ms
[
  {
    "results": [],
    "success": true,
    "meta": {
      "served_by": "v3-prod",
      "served_by_region": "ENAM",
      "served_by_colo": "EWR",
      "served_by_primary": true,
      "timings": {
        "sql_duration_ms": 0.2541
      },
      "duration": 0.2541,
      "changes": 0,
      "last_row_id": 3,
      "changed_db": false,
      "size_after": 471040,
      "rows_read": 0,
      "rows_written": 1,
      "total_attempts": 1
    }
  }
]

 ⛅️ wrangler 4.127.1 (update available 4.132.0)
───────────────────────────────────────────────
Resource location: remote 

🌀 Executing on remote database jarvis-scratch-rehearsal-0916e (b211bbe8-149f-4c72-b008-e6db48059340):
🌀 To execute on your local development database, remove the --remote flag from your wrangler command.
🚣 Executed 1 command in 0.53ms
[
  {
    "results": [],
    "success": true,
    "meta": {
      "served_by": "v3-prod",
      "served_by_region": "ENAM",
      "served_by_colo": "EWR",
      "served_by_primary": true,
      "timings": {
        "sql_duration_ms": 0.5264
      },
      "duration": 0.5264,
      "changes": 0,
      "last_row_id": 3,
      "changed_db": true,
      "size_after": 475136,
      "rows_read": 0,
      "rows_written": 1,
      "total_attempts": 1
    }
  }
]

 ⛅️ wrangler 4.127.1 (update available 4.132.0)
───────────────────────────────────────────────
Resource location: remote 

🌀 Executing on remote database jarvis-scratch-rehearsal-0916e (b211bbe8-149f-4c72-b008-e6db48059340):
🌀 To execute on your local development database, remove the --remote flag from your wrangler command.
🚣 Executed 1 command in 0.49ms
[
  {
    "results": [],
    "success": true,
    "meta": {
      "served_by": "v3-prod",
      "served_by_region": "ENAM",
      "served_by_colo": "EWR",
      "served_by_primary": true,
      "timings": {
        "sql_duration_ms": 0.4879
      },
      "duration": 0.4879,
      "changes": 0,
      "last_row_id": 3,
      "changed_db": true,
      "size_after": 483328,
      "rows_read": 1,
      "rows_written": 3,
      "total_attempts": 1
    }
  }
]

 ⛅️ wrangler 4.127.1 (update available 4.132.0)
───────────────────────────────────────────────
Resource location: remote 

🌀 Executing on remote database jarvis-scratch-rehearsal-0916e (b211bbe8-149f-4c72-b008-e6db48059340):
🌀 To execute on your local development database, remove the --remote flag from your wrangler command.
🚣 Executed 1 command in 0.77ms
[
  {
    "results": [],
    "success": true,
    "meta": {
      "served_by": "v3-prod",
      "served_by_region": "ENAM",
      "served_by_colo": "EWR",
      "served_by_primary": true,
      "timings": {
        "sql_duration_ms": 0.7715
      },
      "duration": 0.7715,
      "changes": 0,
      "last_row_id": 3,
      "changed_db": true,
      "size_after": 487424,
      "rows_read": 2,
      "rows_written": 1,
      "total_attempts": 1
    }
  }
]

 ⛅️ wrangler 4.127.1 (update available 4.132.0)
───────────────────────────────────────────────
Resource location: remote 

🌀 Executing on remote database jarvis-scratch-rehearsal-0916e (b211bbe8-149f-4c72-b008-e6db48059340):
🌀 To execute on your local development database, remove the --remote flag from your wrangler command.
🚣 Executed 1 command in 0.40ms
[
  {
    "results": [],
    "success": true,
    "meta": {
      "served_by": "v3-prod",
      "served_by_region": "ENAM",
      "served_by_colo": "EWR",
      "served_by_primary": true,
      "timings": {
        "sql_duration_ms": 0.4028
      },
      "duration": 0.4028,
      "changes": 0,
      "last_row_id": 3,
      "changed_db": true,
      "size_after": 491520,
      "rows_read": 2,
      "rows_written": 1,
      "total_attempts": 1
    }
  }
]

 ⛅️ wrangler 4.127.1 (update available 4.132.0)
───────────────────────────────────────────────
Resource location: remote 

🌀 Executing on remote database jarvis-scratch-rehearsal-0916e (b211bbe8-149f-4c72-b008-e6db48059340):
🌀 To execute on your local development database, remove the --remote flag from your wrangler command.
🚣 Executed 1 command in 0.50ms
[
  {
    "results": [],
    "success": true,
    "meta": {
      "served_by": "v3-prod",
      "served_by_region": "ENAM",
      "served_by_colo": "EWR",
      "served_by_primary": true,
      "timings": {
        "sql_duration_ms": 0.503
      },
      "duration": 0.503,
      "changes": 0,
      "last_row_id": 3,
      "changed_db": true,
      "size_after": 495616,
      "rows_read": 2,
      "rows_written": 1,
      "total_attempts": 1
    }
  }
]

 ⛅️ wrangler 4.127.1 (update available 4.132.0)
───────────────────────────────────────────────
Resource location: remote 

🌀 Executing on remote database jarvis-scratch-rehearsal-0916e (b211bbe8-149f-4c72-b008-e6db48059340):
🌀 To execute on your local development database, remove the --remote flag from your wrangler command.
🚣 Executed 1 command in 0.53ms
[
  {
    "results": [],
    "success": true,
    "meta": {
      "served_by": "v3-prod",
      "served_by_region": "ENAM",
      "served_by_colo": "EWR",
      "served_by_primary": true,
      "timings": {
        "sql_duration_ms": 0.5342
      },
      "duration": 0.5342,
      "changes": 0,
      "last_row_id": 3,
      "changed_db": true,
      "size_after": 499712,
      "rows_read": 2,
      "rows_written": 1,
      "total_attempts": 1
    }
  }
]

 ⛅️ wrangler 4.127.1 (update available 4.132.0)
───────────────────────────────────────────────
Resource location: remote 

🌀 Executing on remote database jarvis-scratch-rehearsal-0916e (b211bbe8-149f-4c72-b008-e6db48059340):
🌀 To execute on your local development database, remove the --remote flag from your wrangler command.
🚣 Executed 1 command in 0.45ms
[
  {
    "results": [],
    "success": true,
    "meta": {
      "served_by": "v3-prod",
      "served_by_region": "ENAM",
      "served_by_colo": "EWR",
      "served_by_primary": true,
      "timings": {
        "sql_duration_ms": 0.4488
      },
      "duration": 0.4488,
      "changes": 0,
      "last_row_id": 3,
      "changed_db": false,
      "size_after": 499712,
      "rows_read": 0,
      "rows_written": 1,
      "total_attempts": 1
    }
  }
]

 ⛅️ wrangler 4.127.1 (update available 4.132.0)
───────────────────────────────────────────────
Resource location: remote 

🌀 Executing on remote database jarvis-scratch-rehearsal-0916e (b211bbe8-149f-4c72-b008-e6db48059340):
🌀 To execute on your local development database, remove the --remote flag from your wrangler command.
🚣 Executed 1 command in 0.35ms
[
  {
    "results": [],
    "success": true,
    "meta": {
      "served_by": "v3-prod",
      "served_by_region": "ENAM",
      "served_by_colo": "EWR",
      "served_by_primary": true,
      "timings": {
        "sql_duration_ms": 0.3458
      },
      "duration": 0.3458,
      "changes": 0,
      "last_row_id": 3,
      "changed_db": true,
      "size_after": 503808,
      "rows_read": 0,
      "rows_written": 1,
      "total_attempts": 1
    }
  }
]

 ⛅️ wrangler 4.127.1 (update available 4.132.0)
───────────────────────────────────────────────
Resource location: remote 

🌀 Executing on remote database jarvis-scratch-rehearsal-0916e (b211bbe8-149f-4c72-b008-e6db48059340):
🌀 To execute on your local development database, remove the --remote flag from your wrangler command.
🚣 Executed 1 command in 0.90ms
[
  {
    "results": [],
    "success": true,
    "meta": {
      "served_by": "v3-prod",
      "served_by_region": "ENAM",
      "served_by_colo": "EWR",
      "served_by_primary": true,
      "timings": {
        "sql_duration_ms": 0.901
      },
      "duration": 0.901,
      "changes": 0,
      "last_row_id": 3,
      "changed_db": false,
      "size_after": 503808,
      "rows_read": 0,
      "rows_written": 1,
      "total_attempts": 1
    }
  }
]

 ⛅️ wrangler 4.127.1 (update available 4.132.0)
───────────────────────────────────────────────
Resource location: remote 

🌀 Executing on remote database jarvis-scratch-rehearsal-0916e (b211bbe8-149f-4c72-b008-e6db48059340):
🌀 To execute on your local development database, remove the --remote flag from your wrangler command.
🚣 Executed 1 command in 0.15ms
[
  {
    "results": [],
    "success": true,
    "meta": {
      "served_by": "v3-prod",
      "served_by_region": "ENAM",
      "served_by_colo": "EWR",
      "served_by_primary": true,
      "timings": {
        "sql_duration_ms": 0.1465
      },
      "duration": 0.1465,
      "changes": 1,
      "last_row_id": 4,
      "changed_db": true,
      "size_after": 503808,
      "rows_read": 1,
      "rows_written": 3,
      "total_attempts": 1
    }
  }
]
BASELINE RECEIPT OK: 0004_call_sessions.sql
Applying 0005_conversation.sql: 21 split statements.

 ⛅️ wrangler 4.127.1 (update available 4.132.0)
───────────────────────────────────────────────
Resource location: remote 

🌀 Executing on remote database jarvis-scratch-rehearsal-0916e (b211bbe8-149f-4c72-b008-e6db48059340):
🌀 To execute on your local development database, remove the --remote flag from your wrangler command.
🚣 Executed 1 command in 0.17ms
[
  {
    "results": [],
    "success": true,
    "meta": {
      "served_by": "v3-prod",
      "served_by_region": "ENAM",
      "served_by_colo": "EWR",
      "served_by_primary": true,
      "timings": {
        "sql_duration_ms": 0.1736
      },
      "duration": 0.1736,
      "changes": 0,
      "last_row_id": 4,
      "changed_db": false,
      "size_after": 503808,
      "rows_read": 0,
      "rows_written": 0,
      "total_attempts": 1
    }
  }
]

 ⛅️ wrangler 4.127.1 (update available 4.132.0)
───────────────────────────────────────────────
Resource location: remote 

🌀 Executing on remote database jarvis-scratch-rehearsal-0916e (b211bbe8-149f-4c72-b008-e6db48059340):
🌀 To execute on your local development database, remove the --remote flag from your wrangler command.
🚣 Executed 1 command in 1.41ms
[
  {
    "results": [],
    "success": true,
    "meta": {
      "served_by": "v3-prod",
      "served_by_region": "ENAM",
      "served_by_colo": "EWR",
      "served_by_primary": true,
      "timings": {
        "sql_duration_ms": 1.4143
      },
      "duration": 1.4143,
      "changes": 0,
      "last_row_id": 4,
      "changed_db": true,
      "size_after": 532480,
      "rows_read": 1,
      "rows_written": 7,
      "total_attempts": 1
    }
  }
]

 ⛅️ wrangler 4.127.1 (update available 4.132.0)
───────────────────────────────────────────────
Resource location: remote 

🌀 Executing on remote database jarvis-scratch-rehearsal-0916e (b211bbe8-149f-4c72-b008-e6db48059340):
🌀 To execute on your local development database, remove the --remote flag from your wrangler command.
🚣 Executed 1 command in 0.49ms
[
  {
    "results": [],
    "success": true,
    "meta": {
      "served_by": "v3-prod",
      "served_by_region": "ENAM",
      "served_by_colo": "EWR",
      "served_by_primary": true,
      "timings": {
        "sql_duration_ms": 0.4932
      },
      "duration": 0.4932,
      "changes": 0,
      "last_row_id": 4,
      "changed_db": true,
      "size_after": 536576,
      "rows_read": 2,
      "rows_written": 1,
      "total_attempts": 1
    }
  }
]

 ⛅️ wrangler 4.127.1 (update available 4.132.0)
───────────────────────────────────────────────
Resource location: remote 

🌀 Executing on remote database jarvis-scratch-rehearsal-0916e (b211bbe8-149f-4c72-b008-e6db48059340):
🌀 To execute on your local development database, remove the --remote flag from your wrangler command.
🚣 Executed 1 command in 0.58ms
[
  {
    "results": [],
    "success": true,
    "meta": {
      "served_by": "v3-prod",
      "served_by_region": "ENAM",
      "served_by_colo": "EWR",
      "served_by_primary": true,
      "timings": {
        "sql_duration_ms": 0.5806
      },
      "duration": 0.5806,
      "changes": 0,
      "last_row_id": 4,
      "changed_db": true,
      "size_after": 540672,
      "rows_read": 2,
      "rows_written": 1,
      "total_attempts": 1
    }
  }
]

 ⛅️ wrangler 4.127.1 (update available 4.132.0)
───────────────────────────────────────────────
Resource location: remote 

🌀 Executing on remote database jarvis-scratch-rehearsal-0916e (b211bbe8-149f-4c72-b008-e6db48059340):
🌀 To execute on your local development database, remove the --remote flag from your wrangler command.
🚣 Executed 1 command in 3.17ms
[
  {
    "results": [],
    "success": true,
    "meta": {
      "served_by": "v3-prod",
      "served_by_region": "ENAM",
      "served_by_colo": "EWR",
      "served_by_primary": true,
      "timings": {
        "sql_duration_ms": 3.1686
      },
      "duration": 3.1686,
      "changes": 0,
      "last_row_id": 4,
      "changed_db": true,
      "size_after": 573440,
      "rows_read": 1,
      "rows_written": 7,
      "total_attempts": 1
    }
  }
]

 ⛅️ wrangler 4.127.1 (update available 4.132.0)
───────────────────────────────────────────────
Resource location: remote 

🌀 Executing on remote database jarvis-scratch-rehearsal-0916e (b211bbe8-149f-4c72-b008-e6db48059340):
🌀 To execute on your local development database, remove the --remote flag from your wrangler command.
🚣 Executed 1 command in 0.43ms
[
  {
    "results": [],
    "success": true,
    "meta": {
      "served_by": "v3-prod",
      "served_by_region": "ENAM",
      "served_by_colo": "EWR",
      "served_by_primary": true,
      "timings": {
        "sql_duration_ms": 0.4308
      },
      "duration": 0.4308,
      "changes": 0,
      "last_row_id": 4,
      "changed_db": true,
      "size_after": 577536,
      "rows_read": 2,
      "rows_written": 1,
      "total_attempts": 1
    }
  }
]

 ⛅️ wrangler 4.127.1 (update available 4.132.0)
───────────────────────────────────────────────
Resource location: remote 

🌀 Executing on remote database jarvis-scratch-rehearsal-0916e (b211bbe8-149f-4c72-b008-e6db48059340):
🌀 To execute on your local development database, remove the --remote flag from your wrangler command.
🚣 Executed 1 command in 0.43ms
[
  {
    "results": [],
    "success": true,
    "meta": {
      "served_by": "v3-prod",
      "served_by_region": "ENAM",
      "served_by_colo": "EWR",
      "served_by_primary": true,
      "timings": {
        "sql_duration_ms": 0.435
      },
      "duration": 0.435,
      "changes": 0,
      "last_row_id": 4,
      "changed_db": true,
      "size_after": 581632,
      "rows_read": 2,
      "rows_written": 1,
      "total_attempts": 1
    }
  }
]

 ⛅️ wrangler 4.127.1 (update available 4.132.0)
───────────────────────────────────────────────
Resource location: remote 

🌀 Executing on remote database jarvis-scratch-rehearsal-0916e (b211bbe8-149f-4c72-b008-e6db48059340):
🌀 To execute on your local development database, remove the --remote flag from your wrangler command.
🚣 Executed 1 command in 0.56ms
[
  {
    "results": [],
    "success": true,
    "meta": {
      "served_by": "v3-prod",
      "served_by_region": "ENAM",
      "served_by_colo": "EWR",
      "served_by_primary": true,
      "timings": {
        "sql_duration_ms": 0.5563
      },
      "duration": 0.5563,
      "changes": 0,
      "last_row_id": 4,
      "changed_db": false,
      "size_after": 581632,
      "rows_read": 0,
      "rows_written": 1,
      "total_attempts": 1
    }
  }
]

 ⛅️ wrangler 4.127.1 (update available 4.132.0)
───────────────────────────────────────────────
Resource location: remote 

🌀 Executing on remote database jarvis-scratch-rehearsal-0916e (b211bbe8-149f-4c72-b008-e6db48059340):
🌀 To execute on your local development database, remove the --remote flag from your wrangler command.
🚣 Executed 1 command in 0.54ms
[
  {
    "results": [],
    "success": true,
    "meta": {
      "served_by": "v3-prod",
      "served_by_region": "ENAM",
      "served_by_colo": "EWR",
      "served_by_primary": true,
      "timings": {
        "sql_duration_ms": 0.5392
      },
      "duration": 0.5392,
      "changes": 0,
      "last_row_id": 4,
      "changed_db": false,
      "size_after": 581632,
      "rows_read": 0,
      "rows_written": 1,
      "total_attempts": 1
    }
  }
]

 ⛅️ wrangler 4.127.1 (update available 4.132.0)
───────────────────────────────────────────────
Resource location: remote 

🌀 Executing on remote database jarvis-scratch-rehearsal-0916e (b211bbe8-149f-4c72-b008-e6db48059340):
🌀 To execute on your local development database, remove the --remote flag from your wrangler command.
🚣 Executed 1 command in 0.48ms
[
  {
    "results": [],
    "success": true,
    "meta": {
      "served_by": "v3-prod",
      "served_by_region": "ENAM",
      "served_by_colo": "EWR",
      "served_by_primary": true,
      "timings": {
        "sql_duration_ms": 0.4769
      },
      "duration": 0.4769,
      "changes": 0,
      "last_row_id": 4,
      "changed_db": true,
      "size_after": 585728,
      "rows_read": 0,
      "rows_written": 1,
      "total_attempts": 1
    }
  }
]

 ⛅️ wrangler 4.127.1 (update available 4.132.0)
───────────────────────────────────────────────
Resource location: remote 

🌀 Executing on remote database jarvis-scratch-rehearsal-0916e (b211bbe8-149f-4c72-b008-e6db48059340):
🌀 To execute on your local development database, remove the --remote flag from your wrangler command.
🚣 Executed 1 command in 0.66ms
[
  {
    "results": [],
    "success": true,
    "meta": {
      "served_by": "v3-prod",
      "served_by_region": "ENAM",
      "served_by_colo": "EWR",
      "served_by_primary": true,
      "timings": {
        "sql_duration_ms": 0.6599
      },
      "duration": 0.6599,
      "changes": 0,
      "last_row_id": 4,
      "changed_db": false,
      "size_after": 585728,
      "rows_read": 0,
      "rows_written": 1,
      "total_attempts": 1
    }
  }
]

 ⛅️ wrangler 4.127.1 (update available 4.132.0)
───────────────────────────────────────────────
Resource location: remote 

🌀 Executing on remote database jarvis-scratch-rehearsal-0916e (b211bbe8-149f-4c72-b008-e6db48059340):
🌀 To execute on your local development database, remove the --remote flag from your wrangler command.
🚣 Executed 1 command in 0.36ms
[
  {
    "results": [],
    "success": true,
    "meta": {
      "served_by": "v3-prod",
      "served_by_region": "ENAM",
      "served_by_colo": "EWR",
      "served_by_primary": true,
      "timings": {
        "sql_duration_ms": 0.3556
      },
      "duration": 0.3556,
      "changes": 0,
      "last_row_id": 4,
      "changed_db": false,
      "size_after": 585728,
      "rows_read": 0,
      "rows_written": 1,
      "total_attempts": 1
    }
  }
]

 ⛅️ wrangler 4.127.1 (update available 4.132.0)
───────────────────────────────────────────────
Resource location: remote 

🌀 Executing on remote database jarvis-scratch-rehearsal-0916e (b211bbe8-149f-4c72-b008-e6db48059340):
🌀 To execute on your local development database, remove the --remote flag from your wrangler command.
🚣 Executed 1 command in 0.33ms
[
  {
    "results": [],
    "success": true,
    "meta": {
      "served_by": "v3-prod",
      "served_by_region": "ENAM",
      "served_by_colo": "EWR",
      "served_by_primary": true,
      "timings": {
        "sql_duration_ms": 0.3299
      },
      "duration": 0.3299,
      "changes": 0,
      "last_row_id": 4,
      "changed_db": false,
      "size_after": 585728,
      "rows_read": 0,
      "rows_written": 1,
      "total_attempts": 1
    }
  }
]

 ⛅️ wrangler 4.127.1 (update available 4.132.0)
───────────────────────────────────────────────
Resource location: remote 

🌀 Executing on remote database jarvis-scratch-rehearsal-0916e (b211bbe8-149f-4c72-b008-e6db48059340):
🌀 To execute on your local development database, remove the --remote flag from your wrangler command.
🚣 Executed 1 command in 1.37ms
[
  {
    "results": [],
    "success": true,
    "meta": {
      "served_by": "v3-prod",
      "served_by_region": "ENAM",
      "served_by_colo": "EWR",
      "served_by_primary": true,
      "timings": {
        "sql_duration_ms": 1.3741
      },
      "duration": 1.3741,
      "changes": 0,
      "last_row_id": 4,
      "changed_db": false,
      "size_after": 585728,
      "rows_read": 0,
      "rows_written": 1,
      "total_attempts": 1
    }
  }
]

 ⛅️ wrangler 4.127.1 (update available 4.132.0)
───────────────────────────────────────────────
Resource location: remote 

🌀 Executing on remote database jarvis-scratch-rehearsal-0916e (b211bbe8-149f-4c72-b008-e6db48059340):
🌀 To execute on your local development database, remove the --remote flag from your wrangler command.
🚣 Executed 1 command in 0.46ms
[
  {
    "results": [],
    "success": true,
    "meta": {
      "served_by": "v3-prod",
      "served_by_region": "ENAM",
      "served_by_colo": "EWR",
      "served_by_primary": true,
      "timings": {
        "sql_duration_ms": 0.4642
      },
      "duration": 0.4642,
      "changes": 0,
      "last_row_id": 4,
      "changed_db": true,
      "size_after": 589824,
      "rows_read": 0,
      "rows_written": 1,
      "total_attempts": 1
    }
  }
]

 ⛅️ wrangler 4.127.1 (update available 4.132.0)
───────────────────────────────────────────────
Resource location: remote 

🌀 Executing on remote database jarvis-scratch-rehearsal-0916e (b211bbe8-149f-4c72-b008-e6db48059340):
🌀 To execute on your local development database, remove the --remote flag from your wrangler command.
🚣 Executed 1 command in 0.38ms
[
  {
    "results": [],
    "success": true,
    "meta": {
      "served_by": "v3-prod",
      "served_by_region": "ENAM",
      "served_by_colo": "EWR",
      "served_by_primary": true,
      "timings": {
        "sql_duration_ms": 0.384
      },
      "duration": 0.384,
      "changes": 0,
      "last_row_id": 4,
      "changed_db": false,
      "size_after": 589824,
      "rows_read": 0,
      "rows_written": 1,
      "total_attempts": 1
    }
  }
]

 ⛅️ wrangler 4.127.1 (update available 4.132.0)
───────────────────────────────────────────────
Resource location: remote 

🌀 Executing on remote database jarvis-scratch-rehearsal-0916e (b211bbe8-149f-4c72-b008-e6db48059340):
🌀 To execute on your local development database, remove the --remote flag from your wrangler command.
🚣 Executed 1 command in 0.55ms
[
  {
    "results": [],
    "success": true,
    "meta": {
      "served_by": "v3-prod",
      "served_by_region": "ENAM",
      "served_by_colo": "EWR",
      "served_by_primary": true,
      "timings": {
        "sql_duration_ms": 0.5479
      },
      "duration": 0.5479,
      "changes": 0,
      "last_row_id": 4,
      "changed_db": false,
      "size_after": 589824,
      "rows_read": 0,
      "rows_written": 1,
      "total_attempts": 1
    }
  }
]

 ⛅️ wrangler 4.127.1 (update available 4.132.0)
───────────────────────────────────────────────
Resource location: remote 

🌀 Executing on remote database jarvis-scratch-rehearsal-0916e (b211bbe8-149f-4c72-b008-e6db48059340):
🌀 To execute on your local development database, remove the --remote flag from your wrangler command.
🚣 Executed 1 command in 0.78ms
[
  {
    "results": [],
    "success": true,
    "meta": {
      "served_by": "v3-prod",
      "served_by_region": "ENAM",
      "served_by_colo": "EWR",
      "served_by_primary": true,
      "timings": {
        "sql_duration_ms": 0.7838
      },
      "duration": 0.7838,
      "changes": 0,
      "last_row_id": 4,
      "changed_db": true,
      "size_after": 593920,
      "rows_read": 0,
      "rows_written": 1,
      "total_attempts": 1
    }
  }
]

 ⛅️ wrangler 4.127.1 (update available 4.132.0)
───────────────────────────────────────────────
Resource location: remote 

🌀 Executing on remote database jarvis-scratch-rehearsal-0916e (b211bbe8-149f-4c72-b008-e6db48059340):
🌀 To execute on your local development database, remove the --remote flag from your wrangler command.
🚣 Executed 1 command in 0.42ms
[
  {
    "results": [],
    "success": true,
    "meta": {
      "served_by": "v3-prod",
      "served_by_region": "ENAM",
      "served_by_colo": "EWR",
      "served_by_primary": true,
      "timings": {
        "sql_duration_ms": 0.4202
      },
      "duration": 0.4202,
      "changes": 0,
      "last_row_id": 4,
      "changed_db": false,
      "size_after": 593920,
      "rows_read": 0,
      "rows_written": 1,
      "total_attempts": 1
    }
  }
]

 ⛅️ wrangler 4.127.1 (update available 4.132.0)
───────────────────────────────────────────────
Resource location: remote 

🌀 Executing on remote database jarvis-scratch-rehearsal-0916e (b211bbe8-149f-4c72-b008-e6db48059340):
🌀 To execute on your local development database, remove the --remote flag from your wrangler command.
🚣 Executed 1 command in 0.72ms
[
  {
    "results": [],
    "success": true,
    "meta": {
      "served_by": "v3-prod",
      "served_by_region": "ENAM",
      "served_by_colo": "EWR",
      "served_by_primary": true,
      "timings": {
        "sql_duration_ms": 0.7182
      },
      "duration": 0.7182,
      "changes": 0,
      "last_row_id": 4,
      "changed_db": false,
      "size_after": 593920,
      "rows_read": 0,
      "rows_written": 1,
      "total_attempts": 1
    }
  }
]

 ⛅️ wrangler 4.127.1 (update available 4.132.0)
───────────────────────────────────────────────
Resource location: remote 

🌀 Executing on remote database jarvis-scratch-rehearsal-0916e (b211bbe8-149f-4c72-b008-e6db48059340):
🌀 To execute on your local development database, remove the --remote flag from your wrangler command.
🚣 Executed 1 command in 0.34ms
[
  {
    "results": [],
    "success": true,
    "meta": {
      "served_by": "v3-prod",
      "served_by_region": "ENAM",
      "served_by_colo": "EWR",
      "served_by_primary": true,
      "timings": {
        "sql_duration_ms": 0.344
      },
      "duration": 0.344,
      "changes": 0,
      "last_row_id": 4,
      "changed_db": false,
      "size_after": 593920,
      "rows_read": 0,
      "rows_written": 1,
      "total_attempts": 1
    }
  }
]

 ⛅️ wrangler 4.127.1 (update available 4.132.0)
───────────────────────────────────────────────
Resource location: remote 

🌀 Executing on remote database jarvis-scratch-rehearsal-0916e (b211bbe8-149f-4c72-b008-e6db48059340):
🌀 To execute on your local development database, remove the --remote flag from your wrangler command.
🚣 Executed 1 command in 0.13ms
[
  {
    "results": [],
    "success": true,
    "meta": {
      "served_by": "v3-prod",
      "served_by_region": "ENAM",
      "served_by_colo": "EWR",
      "served_by_primary": true,
      "timings": {
        "sql_duration_ms": 0.1264
      },
      "duration": 0.1264,
      "changes": 1,
      "last_row_id": 5,
      "changed_db": true,
      "size_after": 593920,
      "rows_read": 1,
      "rows_written": 3,
      "total_attempts": 1
    }
  }
]
BASELINE RECEIPT OK: 0005_conversation.sql
Applying 0006_voice_access.sql: 46 split statements.

 ⛅️ wrangler 4.127.1 (update available 4.132.0)
───────────────────────────────────────────────
Resource location: remote 

🌀 Executing on remote database jarvis-scratch-rehearsal-0916e (b211bbe8-149f-4c72-b008-e6db48059340):
🌀 To execute on your local development database, remove the --remote flag from your wrangler command.
🚣 Executed 1 command in 0.24ms
[
  {
    "results": [],
    "success": true,
    "meta": {
      "served_by": "v3-prod",
      "served_by_region": "ENAM",
      "served_by_colo": "EWR",
      "served_by_primary": true,
      "timings": {
        "sql_duration_ms": 0.2418
      },
      "duration": 0.2418,
      "changes": 0,
      "last_row_id": 5,
      "changed_db": false,
      "size_after": 593920,
      "rows_read": 0,
      "rows_written": 0,
      "total_attempts": 1
    }
  }
]

 ⛅️ wrangler 4.127.1 (update available 4.132.0)
───────────────────────────────────────────────
Resource location: remote 

🌀 Executing on remote database jarvis-scratch-rehearsal-0916e (b211bbe8-149f-4c72-b008-e6db48059340):
🌀 To execute on your local development database, remove the --remote flag from your wrangler command.
🚣 Executed 1 command in 0.73ms
[
  {
    "results": [],
    "success": true,
    "meta": {
      "served_by": "v3-prod",
      "served_by_region": "ENAM",
      "served_by_colo": "EWR",
      "served_by_primary": true,
      "timings": {
        "sql_duration_ms": 0.7332
      },
      "duration": 0.7332,
      "changes": 0,
      "last_row_id": 5,
      "changed_db": true,
      "size_after": 589824,
      "rows_read": 357,
      "rows_written": 1,
      "total_attempts": 1
    }
  }
]

 ⛅️ wrangler 4.127.1 (update available 4.132.0)
───────────────────────────────────────────────
Resource location: remote 

🌀 Executing on remote database jarvis-scratch-rehearsal-0916e (b211bbe8-149f-4c72-b008-e6db48059340):
🌀 To execute on your local development database, remove the --remote flag from your wrangler command.
🚣 Executed 1 command in 0.82ms
[
  {
    "results": [],
    "success": true,
    "meta": {
      "served_by": "v3-prod",
      "served_by_region": "ENAM",
      "served_by_colo": "EWR",
      "served_by_primary": true,
      "timings": {
        "sql_duration_ms": 0.8178
      },
      "duration": 0.8178,
      "changes": 0,
      "last_row_id": 5,
      "changed_db": true,
      "size_after": 602112,
      "rows_read": 1,
      "rows_written": 3,
      "total_attempts": 1
    }
  }
]

 ⛅️ wrangler 4.127.1 (update available 4.132.0)
───────────────────────────────────────────────
Resource location: remote 

🌀 Executing on remote database jarvis-scratch-rehearsal-0916e (b211bbe8-149f-4c72-b008-e6db48059340):
🌀 To execute on your local development database, remove the --remote flag from your wrangler command.
🚣 Executed 1 command in 0.19ms
[
  {
    "results": [],
    "success": true,
    "meta": {
      "served_by": "v3-prod",
      "served_by_region": "ENAM",
      "served_by_colo": "EWR",
      "served_by_primary": true,
      "timings": {
        "sql_duration_ms": 0.1902
      },
      "duration": 0.1902,
      "changes": 0,
      "last_row_id": 5,
      "changed_db": false,
      "size_after": 602112,
      "rows_read": 1,
      "rows_written": 0,
      "total_attempts": 1
    }
  }
]

 ⛅️ wrangler 4.127.1 (update available 4.132.0)
───────────────────────────────────────────────
Resource location: remote 

🌀 Executing on remote database jarvis-scratch-rehearsal-0916e (b211bbe8-149f-4c72-b008-e6db48059340):
🌀 To execute on your local development database, remove the --remote flag from your wrangler command.
🚣 Executed 1 command in 0.27ms
[
  {
    "results": [],
    "success": true,
    "meta": {
      "served_by": "v3-prod",
      "served_by_region": "ENAM",
      "served_by_colo": "EWR",
      "served_by_primary": true,
      "timings": {
        "sql_duration_ms": 0.268
      },
      "duration": 0.268,
      "changes": 0,
      "last_row_id": 5,
      "changed_db": false,
      "size_after": 602112,
      "rows_read": 179,
      "rows_written": 0,
      "total_attempts": 1
    }
  }
]

 ⛅️ wrangler 4.127.1 (update available 4.132.0)
───────────────────────────────────────────────
Resource location: remote 

🌀 Executing on remote database jarvis-scratch-rehearsal-0916e (b211bbe8-149f-4c72-b008-e6db48059340):
🌀 To execute on your local development database, remove the --remote flag from your wrangler command.
🚣 Executed 1 command in 1.57ms
[
  {
    "results": [],
    "success": true,
    "meta": {
      "served_by": "v3-prod",
      "served_by_region": "ENAM",
      "served_by_colo": "EWR",
      "served_by_primary": true,
      "timings": {
        "sql_duration_ms": 1.5732
      },
      "duration": 1.5732,
      "changes": 0,
      "last_row_id": 5,
      "changed_db": true,
      "size_after": 598016,
      "rows_read": 178,
      "rows_written": 0,
      "total_attempts": 1
    }
  }
]

 ⛅️ wrangler 4.127.1 (update available 4.132.0)
───────────────────────────────────────────────
Resource location: remote 

🌀 Executing on remote database jarvis-scratch-rehearsal-0916e (b211bbe8-149f-4c72-b008-e6db48059340):
🌀 To execute on your local development database, remove the --remote flag from your wrangler command.
🚣 Executed 1 command in 0.29ms
[
  {
    "results": [],
    "success": true,
    "meta": {
      "served_by": "v3-prod",
      "served_by_region": "ENAM",
      "served_by_colo": "EWR",
      "served_by_primary": true,
      "timings": {
        "sql_duration_ms": 0.2897
      },
      "duration": 0.2897,
      "changes": 0,
      "last_row_id": 5,
      "changed_db": false,
      "size_after": 598016,
      "rows_read": 177,
      "rows_written": 0,
      "total_attempts": 1
    }
  }
]

 ⛅️ wrangler 4.127.1 (update available 4.132.0)
───────────────────────────────────────────────
Resource location: remote 

🌀 Executing on remote database jarvis-scratch-rehearsal-0916e (b211bbe8-149f-4c72-b008-e6db48059340):
🌀 To execute on your local development database, remove the --remote flag from your wrangler command.
🚣 Executed 1 command in 0.36ms
[
  {
    "results": [],
    "success": true,
    "meta": {
      "served_by": "v3-prod",
      "served_by_region": "ENAM",
      "served_by_colo": "EWR",
      "served_by_primary": true,
      "timings": {
        "sql_duration_ms": 0.3569
      },
      "duration": 0.3569,
      "changes": 0,
      "last_row_id": 5,
      "changed_db": true,
      "size_after": 593920,
      "rows_read": 176,
      "rows_written": 0,
      "total_attempts": 1
    }
  }
]

 ⛅️ wrangler 4.127.1 (update available 4.132.0)
───────────────────────────────────────────────
Resource location: remote 

🌀 Executing on remote database jarvis-scratch-rehearsal-0916e (b211bbe8-149f-4c72-b008-e6db48059340):
🌀 To execute on your local development database, remove the --remote flag from your wrangler command.
🚣 Executed 1 command in 0.29ms
[
  {
    "results": [],
    "success": true,
    "meta": {
      "served_by": "v3-prod",
      "served_by_region": "ENAM",
      "served_by_colo": "EWR",
      "served_by_primary": true,
      "timings": {
        "sql_duration_ms": 0.2907
      },
      "duration": 0.2907,
      "changes": 0,
      "last_row_id": 5,
      "changed_db": false,
      "size_after": 593920,
      "rows_read": 175,
      "rows_written": 0,
      "total_attempts": 1
    }
  }
]

 ⛅️ wrangler 4.127.1 (update available 4.132.0)
───────────────────────────────────────────────
Resource location: remote 

🌀 Executing on remote database jarvis-scratch-rehearsal-0916e (b211bbe8-149f-4c72-b008-e6db48059340):
🌀 To execute on your local development database, remove the --remote flag from your wrangler command.
🚣 Executed 1 command in 0.30ms
[
  {
    "results": [],
    "success": true,
    "meta": {
      "served_by": "v3-prod",
      "served_by_region": "ENAM",
      "served_by_colo": "EWR",
      "served_by_primary": true,
      "timings": {
        "sql_duration_ms": 0.2959
      },
      "duration": 0.2959,
      "changes": 0,
      "last_row_id": 5,
      "changed_db": false,
      "size_after": 593920,
      "rows_read": 174,
      "rows_written": 0,
      "total_attempts": 1
    }
  }
]

 ⛅️ wrangler 4.127.1 (update available 4.132.0)
───────────────────────────────────────────────
Resource location: remote 

🌀 Executing on remote database jarvis-scratch-rehearsal-0916e (b211bbe8-149f-4c72-b008-e6db48059340):
🌀 To execute on your local development database, remove the --remote flag from your wrangler command.
🚣 Executed 1 command in 0.27ms
[
  {
    "results": [],
    "success": true,
    "meta": {
      "served_by": "v3-prod",
      "served_by_region": "ENAM",
      "served_by_colo": "EWR",
      "served_by_primary": true,
      "timings": {
        "sql_duration_ms": 0.2743
      },
      "duration": 0.2743,
      "changes": 0,
      "last_row_id": 5,
      "changed_db": false,
      "size_after": 593920,
      "rows_read": 173,
      "rows_written": 0,
      "total_attempts": 1
    }
  }
]

 ⛅️ wrangler 4.127.1 (update available 4.132.0)
───────────────────────────────────────────────
Resource location: remote 

🌀 Executing on remote database jarvis-scratch-rehearsal-0916e (b211bbe8-149f-4c72-b008-e6db48059340):
🌀 To execute on your local development database, remove the --remote flag from your wrangler command.
🚣 Executed 1 command in 1.28ms
[
  {
    "results": [],
    "success": true,
    "meta": {
      "served_by": "v3-prod",
      "served_by_region": "ENAM",
      "served_by_colo": "EWR",
      "served_by_primary": true,
      "timings": {
        "sql_duration_ms": 1.2842
      },
      "duration": 1.2842,
      "changes": 0,
      "last_row_id": 5,
      "changed_db": true,
      "size_after": 585728,
      "rows_read": 517,
      "rows_written": 2,
      "total_attempts": 1
    }
  }
]

 ⛅️ wrangler 4.127.1 (update available 4.132.0)
───────────────────────────────────────────────
Resource location: remote 

🌀 Executing on remote database jarvis-scratch-rehearsal-0916e (b211bbe8-149f-4c72-b008-e6db48059340):
🌀 To execute on your local development database, remove the --remote flag from your wrangler command.
🚣 Executed 1 command in 17.90ms
[
  {
    "results": [],
    "success": true,
    "meta": {
      "served_by": "v3-prod",
      "served_by_region": "ENAM",
      "served_by_colo": "EWR",
      "served_by_primary": true,
      "timings": {
        "sql_duration_ms": 17.9006
      },
      "duration": 17.9006,
      "changes": 0,
      "last_row_id": 5,
      "changed_db": false,
      "size_after": 585728,
      "rows_read": 673,
      "rows_written": 79,
      "total_attempts": 1
    }
  }
]

 ⛅️ wrangler 4.127.1 (update available 4.132.0)
───────────────────────────────────────────────
Resource location: remote 

🌀 Executing on remote database jarvis-scratch-rehearsal-0916e (b211bbe8-149f-4c72-b008-e6db48059340):
🌀 To execute on your local development database, remove the --remote flag from your wrangler command.
🚣 Executed 1 command in 0.88ms
[
  {
    "results": [],
    "success": true,
    "meta": {
      "served_by": "v3-prod",
      "served_by_region": "ENAM",
      "served_by_colo": "EWR",
      "served_by_primary": true,
      "timings": {
        "sql_duration_ms": 0.8781
      },
      "duration": 0.8781,
      "changes": 0,
      "last_row_id": 5,
      "changed_db": false,
      "size_after": 585728,
      "rows_read": 0,
      "rows_written": 1,
      "total_attempts": 1
    }
  }
]

 ⛅️ wrangler 4.127.1 (update available 4.132.0)
───────────────────────────────────────────────
Resource location: remote 

🌀 Executing on remote database jarvis-scratch-rehearsal-0916e (b211bbe8-149f-4c72-b008-e6db48059340):
🌀 To execute on your local development database, remove the --remote flag from your wrangler command.
🚣 Executed 1 command in 2.25ms
[
  {
    "results": [],
    "success": true,
    "meta": {
      "served_by": "v3-prod",
      "served_by_region": "ENAM",
      "served_by_colo": "EWR",
      "served_by_primary": true,
      "timings": {
        "sql_duration_ms": 2.2505
      },
      "duration": 2.2505,
      "changes": 0,
      "last_row_id": 5,
      "changed_db": true,
      "size_after": 589824,
      "rows_read": 0,
      "rows_written": 1,
      "total_attempts": 1
    }
  }
]

 ⛅️ wrangler 4.127.1 (update available 4.132.0)
───────────────────────────────────────────────
Resource location: remote 

🌀 Executing on remote database jarvis-scratch-rehearsal-0916e (b211bbe8-149f-4c72-b008-e6db48059340):
🌀 To execute on your local development database, remove the --remote flag from your wrangler command.
🚣 Executed 1 command in 0.99ms
[
  {
    "results": [],
    "success": true,
    "meta": {
      "served_by": "v3-prod",
      "served_by_region": "ENAM",
      "served_by_colo": "EWR",
      "served_by_primary": true,
      "timings": {
        "sql_duration_ms": 0.994
      },
      "duration": 0.994,
      "changes": 0,
      "last_row_id": 5,
      "changed_db": true,
      "size_after": 593920,
      "rows_read": 0,
      "rows_written": 1,
      "total_attempts": 1
    }
  }
]

 ⛅️ wrangler 4.127.1 (update available 4.132.0)
───────────────────────────────────────────────
Resource location: remote 

🌀 Executing on remote database jarvis-scratch-rehearsal-0916e (b211bbe8-149f-4c72-b008-e6db48059340):
🌀 To execute on your local development database, remove the --remote flag from your wrangler command.
🚣 Executed 1 command in 0.46ms
[
  {
    "results": [],
    "success": true,
    "meta": {
      "served_by": "v3-prod",
      "served_by_region": "ENAM",
      "served_by_colo": "EWR",
      "served_by_primary": true,
      "timings": {
        "sql_duration_ms": 0.4585
      },
      "duration": 0.4585,
      "changes": 0,
      "last_row_id": 5,
      "changed_db": true,
      "size_after": 598016,
      "rows_read": 0,
      "rows_written": 1,
      "total_attempts": 1
    }
  }
]

 ⛅️ wrangler 4.127.1 (update available 4.132.0)
───────────────────────────────────────────────
Resource location: remote 

🌀 Executing on remote database jarvis-scratch-rehearsal-0916e (b211bbe8-149f-4c72-b008-e6db48059340):
🌀 To execute on your local development database, remove the --remote flag from your wrangler command.
🚣 Executed 1 command in 0.61ms
[
  {
    "results": [],
    "success": true,
    "meta": {
      "served_by": "v3-prod",
      "served_by_region": "ENAM",
      "served_by_colo": "EWR",
      "served_by_primary": true,
      "timings": {
        "sql_duration_ms": 0.6075
      },
      "duration": 0.6075,
      "changes": 0,
      "last_row_id": 5,
      "changed_db": false,
      "size_after": 598016,
      "rows_read": 0,
      "rows_written": 1,
      "total_attempts": 1
    }
  }
]

 ⛅️ wrangler 4.127.1 (update available 4.132.0)
───────────────────────────────────────────────
Resource location: remote 

🌀 Executing on remote database jarvis-scratch-rehearsal-0916e (b211bbe8-149f-4c72-b008-e6db48059340):
🌀 To execute on your local development database, remove the --remote flag from your wrangler command.
🚣 Executed 1 command in 0.41ms
[
  {
    "results": [],
    "success": true,
    "meta": {
      "served_by": "v3-prod",
      "served_by_region": "ENAM",
      "served_by_colo": "EWR",
      "served_by_primary": true,
      "timings": {
        "sql_duration_ms": 0.4055
      },
      "duration": 0.4055,
      "changes": 0,
      "last_row_id": 5,
      "changed_db": false,
      "size_after": 598016,
      "rows_read": 0,
      "rows_written": 1,
      "total_attempts": 1
    }
  }
]

 ⛅️ wrangler 4.127.1 (update available 4.132.0)
───────────────────────────────────────────────
Resource location: remote 

🌀 Executing on remote database jarvis-scratch-rehearsal-0916e (b211bbe8-149f-4c72-b008-e6db48059340):
🌀 To execute on your local development database, remove the --remote flag from your wrangler command.
🚣 Executed 1 command in 0.53ms
[
  {
    "results": [],
    "success": true,
    "meta": {
      "served_by": "v3-prod",
      "served_by_region": "ENAM",
      "served_by_colo": "EWR",
      "served_by_primary": true,
      "timings": {
        "sql_duration_ms": 0.5309
      },
      "duration": 0.5309,
      "changes": 0,
      "last_row_id": 5,
      "changed_db": true,
      "size_after": 610304,
      "rows_read": 1,
      "rows_written": 4,
      "total_attempts": 1
    }
  }
]

 ⛅️ wrangler 4.127.1 (update available 4.132.0)
───────────────────────────────────────────────
Resource location: remote 

🌀 Executing on remote database jarvis-scratch-rehearsal-0916e (b211bbe8-149f-4c72-b008-e6db48059340):
🌀 To execute on your local development database, remove the --remote flag from your wrangler command.
🚣 Executed 1 command in 0.76ms
[
  {
    "results": [],
    "success": true,
    "meta": {
      "served_by": "v3-prod",
      "served_by_region": "ENAM",
      "served_by_colo": "EWR",
      "served_by_primary": true,
      "timings": {
        "sql_duration_ms": 0.7619
      },
      "duration": 0.7619,
      "changes": 0,
      "last_row_id": 5,
      "changed_db": true,
      "size_after": 622592,
      "rows_read": 1,
      "rows_written": 3,
      "total_attempts": 1
    }
  }
]

 ⛅️ wrangler 4.127.1 (update available 4.132.0)
───────────────────────────────────────────────
Resource location: remote 

🌀 Executing on remote database jarvis-scratch-rehearsal-0916e (b211bbe8-149f-4c72-b008-e6db48059340):
🌀 To execute on your local development database, remove the --remote flag from your wrangler command.
🚣 Executed 1 command in 0.45ms
[
  {
    "results": [],
    "success": true,
    "meta": {
      "served_by": "v3-prod",
      "served_by_region": "ENAM",
      "served_by_colo": "EWR",
      "served_by_primary": true,
      "timings": {
        "sql_duration_ms": 0.4549
      },
      "duration": 0.4549,
      "changes": 0,
      "last_row_id": 5,
      "changed_db": true,
      "size_after": 626688,
      "rows_read": 2,
      "rows_written": 1,
      "total_attempts": 1
    }
  }
]

 ⛅️ wrangler 4.127.1 (update available 4.132.0)
───────────────────────────────────────────────
Resource location: remote 

🌀 Executing on remote database jarvis-scratch-rehearsal-0916e (b211bbe8-149f-4c72-b008-e6db48059340):
🌀 To execute on your local development database, remove the --remote flag from your wrangler command.
🚣 Executed 1 command in 0.71ms
[
  {
    "results": [],
    "success": true,
    "meta": {
      "served_by": "v3-prod",
      "served_by_region": "ENAM",
      "served_by_colo": "EWR",
      "served_by_primary": true,
      "timings": {
        "sql_duration_ms": 0.7095
      },
      "duration": 0.7095,
      "changes": 0,
      "last_row_id": 5,
      "changed_db": true,
      "size_after": 634880,
      "rows_read": 1,
      "rows_written": 3,
      "total_attempts": 1
    }
  }
]

 ⛅️ wrangler 4.127.1 (update available 4.132.0)
───────────────────────────────────────────────
Resource location: remote 

🌀 Executing on remote database jarvis-scratch-rehearsal-0916e (b211bbe8-149f-4c72-b008-e6db48059340):
🌀 To execute on your local development database, remove the --remote flag from your wrangler command.
🚣 Executed 1 command in 0.58ms
[
  {
    "results": [],
    "success": true,
    "meta": {
      "served_by": "v3-prod",
      "served_by_region": "ENAM",
      "served_by_colo": "EWR",
      "served_by_primary": true,
      "timings": {
        "sql_duration_ms": 0.5849
      },
      "duration": 0.5849,
      "changes": 0,
      "last_row_id": 5,
      "changed_db": true,
      "size_after": 638976,
      "rows_read": 2,
      "rows_written": 1,
      "total_attempts": 1
    }
  }
]

 ⛅️ wrangler 4.127.1 (update available 4.132.0)
───────────────────────────────────────────────
Resource location: remote 

🌀 Executing on remote database jarvis-scratch-rehearsal-0916e (b211bbe8-149f-4c72-b008-e6db48059340):
🌀 To execute on your local development database, remove the --remote flag from your wrangler command.
🚣 Executed 1 command in 9.35ms
[
  {
    "results": [],
    "success": true,
    "meta": {
      "served_by": "v3-prod",
      "served_by_region": "ENAM",
      "served_by_colo": "EWR",
      "served_by_primary": true,
      "timings": {
        "sql_duration_ms": 9.348
      },
      "duration": 9.348,
      "changes": 0,
      "last_row_id": 5,
      "changed_db": false,
      "size_after": 638976,
      "rows_read": 188,
      "rows_written": 1,
      "total_attempts": 1
    }
  }
]

 ⛅️ wrangler 4.127.1 (update available 4.132.0)
───────────────────────────────────────────────
Resource location: remote 

🌀 Executing on remote database jarvis-scratch-rehearsal-0916e (b211bbe8-149f-4c72-b008-e6db48059340):
🌀 To execute on your local development database, remove the --remote flag from your wrangler command.
🚣 Executed 1 command in 7.13ms
[
  {
    "results": [],
    "success": true,
    "meta": {
      "served_by": "v3-prod",
      "served_by_region": "ENAM",
      "served_by_colo": "EWR",
      "served_by_primary": true,
      "timings": {
        "sql_duration_ms": 7.1288
      },
      "duration": 7.1288,
      "changes": 0,
      "last_row_id": 5,
      "changed_db": false,
      "size_after": 638976,
      "rows_read": 187,
      "rows_written": 1,
      "total_attempts": 1
    }
  }
]

 ⛅️ wrangler 4.127.1 (update available 4.132.0)
───────────────────────────────────────────────
Resource location: remote 

🌀 Executing on remote database jarvis-scratch-rehearsal-0916e (b211bbe8-149f-4c72-b008-e6db48059340):
🌀 To execute on your local development database, remove the --remote flag from your wrangler command.
🚣 Executed 1 command in 9.24ms
[
  {
    "results": [],
    "success": true,
    "meta": {
      "served_by": "v3-prod",
      "served_by_region": "ENAM",
      "served_by_colo": "EWR",
      "served_by_primary": true,
      "timings": {
        "sql_duration_ms": 9.2414
      },
      "duration": 9.2414,
      "changes": 0,
      "last_row_id": 5,
      "changed_db": false,
      "size_after": 638976,
      "rows_read": 188,
      "rows_written": 1,
      "total_attempts": 1
    }
  }
]

 ⛅️ wrangler 4.127.1 (update available 4.132.0)
───────────────────────────────────────────────
Resource location: remote 

🌀 Executing on remote database jarvis-scratch-rehearsal-0916e (b211bbe8-149f-4c72-b008-e6db48059340):
🌀 To execute on your local development database, remove the --remote flag from your wrangler command.
🚣 Executed 1 command in 7.19ms
[
  {
    "results": [],
    "success": true,
    "meta": {
      "served_by": "v3-prod",
      "served_by_region": "ENAM",
      "served_by_colo": "EWR",
      "served_by_primary": true,
      "timings": {
        "sql_duration_ms": 7.1933
      },
      "duration": 7.1933,
      "changes": 0,
      "last_row_id": 5,
      "changed_db": false,
      "size_after": 638976,
      "rows_read": 188,
      "rows_written": 1,
      "total_attempts": 1
    }
  }
]

 ⛅️ wrangler 4.127.1 (update available 4.132.0)
───────────────────────────────────────────────
Resource location: remote 

🌀 Executing on remote database jarvis-scratch-rehearsal-0916e (b211bbe8-149f-4c72-b008-e6db48059340):
🌀 To execute on your local development database, remove the --remote flag from your wrangler command.
🚣 Executed 1 command in 0.80ms
[
  {
    "results": [],
    "success": true,
    "meta": {
      "served_by": "v3-prod",
      "served_by_region": "ENAM",
      "served_by_colo": "EWR",
      "served_by_primary": true,
      "timings": {
        "sql_duration_ms": 0.8008
      },
      "duration": 0.8008,
      "changes": 0,
      "last_row_id": 5,
      "changed_db": true,
      "size_after": 651264,
      "rows_read": 1,
      "rows_written": 3,
      "total_attempts": 1
    }
  }
]

 ⛅️ wrangler 4.127.1 (update available 4.132.0)
───────────────────────────────────────────────
Resource location: remote 

🌀 Executing on remote database jarvis-scratch-rehearsal-0916e (b211bbe8-149f-4c72-b008-e6db48059340):
🌀 To execute on your local development database, remove the --remote flag from your wrangler command.
🚣 Executed 1 command in 0.35ms
[
  {
    "results": [],
    "success": true,
    "meta": {
      "served_by": "v3-prod",
      "served_by_region": "ENAM",
      "served_by_colo": "EWR",
      "served_by_primary": true,
      "timings": {
        "sql_duration_ms": 0.3531
      },
      "duration": 0.3531,
      "changes": 0,
      "last_row_id": 5,
      "changed_db": false,
      "size_after": 651264,
      "rows_read": 0,
      "rows_written": 1,
      "total_attempts": 1
    }
  }
]

 ⛅️ wrangler 4.127.1 (update available 4.132.0)
───────────────────────────────────────────────
Resource location: remote 

🌀 Executing on remote database jarvis-scratch-rehearsal-0916e (b211bbe8-149f-4c72-b008-e6db48059340):
🌀 To execute on your local development database, remove the --remote flag from your wrangler command.
🚣 Executed 1 command in 0.32ms
[
  {
    "results": [],
    "success": true,
    "meta": {
      "served_by": "v3-prod",
      "served_by_region": "ENAM",
      "served_by_colo": "EWR",
      "served_by_primary": true,
      "timings": {
        "sql_duration_ms": 0.3249
      },
      "duration": 0.3249,
      "changes": 0,
      "last_row_id": 5,
      "changed_db": false,
      "size_after": 651264,
      "rows_read": 0,
      "rows_written": 1,
      "total_attempts": 1
    }
  }
]

 ⛅️ wrangler 4.127.1 (update available 4.132.0)
───────────────────────────────────────────────
Resource location: remote 

🌀 Executing on remote database jarvis-scratch-rehearsal-0916e (b211bbe8-149f-4c72-b008-e6db48059340):
🌀 To execute on your local development database, remove the --remote flag from your wrangler command.
🚣 Executed 1 command in 0.43ms
[
  {
    "results": [],
    "success": true,
    "meta": {
      "served_by": "v3-prod",
      "served_by_region": "ENAM",
      "served_by_colo": "EWR",
      "served_by_primary": true,
      "timings": {
        "sql_duration_ms": 0.4282
      },
      "duration": 0.4282,
      "changes": 0,
      "last_row_id": 5,
      "changed_db": false,
      "size_after": 651264,
      "rows_read": 0,
      "rows_written": 1,
      "total_attempts": 1
    }
  }
]

 ⛅️ wrangler 4.127.1 (update available 4.132.0)
───────────────────────────────────────────────
Resource location: remote 

🌀 Executing on remote database jarvis-scratch-rehearsal-0916e (b211bbe8-149f-4c72-b008-e6db48059340):
🌀 To execute on your local development database, remove the --remote flag from your wrangler command.
🚣 Executed 1 command in 0.62ms
[
  {
    "results": [],
    "success": true,
    "meta": {
      "served_by": "v3-prod",
      "served_by_region": "ENAM",
      "served_by_colo": "EWR",
      "served_by_primary": true,
      "timings": {
        "sql_duration_ms": 0.6168
      },
      "duration": 0.6168,
      "changes": 0,
      "last_row_id": 5,
      "changed_db": false,
      "size_after": 651264,
      "rows_read": 0,
      "rows_written": 1,
      "total_attempts": 1
    }
  }
]

 ⛅️ wrangler 4.127.1 (update available 4.132.0)
───────────────────────────────────────────────
Resource location: remote 

🌀 Executing on remote database jarvis-scratch-rehearsal-0916e (b211bbe8-149f-4c72-b008-e6db48059340):
🌀 To execute on your local development database, remove the --remote flag from your wrangler command.
🚣 Executed 1 command in 0.48ms
[
  {
    "results": [],
    "success": true,
    "meta": {
      "served_by": "v3-prod",
      "served_by_region": "ENAM",
      "served_by_colo": "EWR",
      "served_by_primary": true,
      "timings": {
        "sql_duration_ms": 0.4821
      },
      "duration": 0.4821,
      "changes": 0,
      "last_row_id": 5,
      "changed_db": false,
      "size_after": 651264,
      "rows_read": 0,
      "rows_written": 1,
      "total_attempts": 1
    }
  }
]

 ⛅️ wrangler 4.127.1 (update available 4.132.0)
───────────────────────────────────────────────
Resource location: remote 

🌀 Executing on remote database jarvis-scratch-rehearsal-0916e (b211bbe8-149f-4c72-b008-e6db48059340):
🌀 To execute on your local development database, remove the --remote flag from your wrangler command.
🚣 Executed 1 command in 0.90ms
[
  {
    "results": [],
    "success": true,
    "meta": {
      "served_by": "v3-prod",
      "served_by_region": "ENAM",
      "served_by_colo": "EWR",
      "served_by_primary": true,
      "timings": {
        "sql_duration_ms": 0.896
      },
      "duration": 0.896,
      "changes": 0,
      "last_row_id": 5,
      "changed_db": true,
      "size_after": 655360,
      "rows_read": 0,
      "rows_written": 1,
      "total_attempts": 1
    }
  }
]

 ⛅️ wrangler 4.127.1 (update available 4.132.0)
───────────────────────────────────────────────
Resource location: remote 

🌀 Executing on remote database jarvis-scratch-rehearsal-0916e (b211bbe8-149f-4c72-b008-e6db48059340):
🌀 To execute on your local development database, remove the --remote flag from your wrangler command.
🚣 Executed 1 command in 0.72ms
[
  {
    "results": [],
    "success": true,
    "meta": {
      "served_by": "v3-prod",
      "served_by_region": "ENAM",
      "served_by_colo": "EWR",
      "served_by_primary": true,
      "timings": {
        "sql_duration_ms": 0.7235
      },
      "duration": 0.7235,
      "changes": 0,
      "last_row_id": 5,
      "changed_db": false,
      "size_after": 655360,
      "rows_read": 0,
      "rows_written": 1,
      "total_attempts": 1
    }
  }
]

 ⛅️ wrangler 4.127.1 (update available 4.132.0)
───────────────────────────────────────────────
Resource location: remote 

🌀 Executing on remote database jarvis-scratch-rehearsal-0916e (b211bbe8-149f-4c72-b008-e6db48059340):
🌀 To execute on your local development database, remove the --remote flag from your wrangler command.
🚣 Executed 1 command in 0.29ms
[
  {
    "results": [],
    "success": true,
    "meta": {
      "served_by": "v3-prod",
      "served_by_region": "ENAM",
      "served_by_colo": "EWR",
      "served_by_primary": true,
      "timings": {
        "sql_duration_ms": 0.2929
      },
      "duration": 0.2929,
      "changes": 0,
      "last_row_id": 5,
      "changed_db": false,
      "size_after": 655360,
      "rows_read": 0,
      "rows_written": 1,
      "total_attempts": 1
    }
  }
]

 ⛅️ wrangler 4.127.1 (update available 4.132.0)
───────────────────────────────────────────────
Resource location: remote 

🌀 Executing on remote database jarvis-scratch-rehearsal-0916e (b211bbe8-149f-4c72-b008-e6db48059340):
🌀 To execute on your local development database, remove the --remote flag from your wrangler command.
🚣 Executed 1 command in 0.25ms
[
  {
    "results": [],
    "success": true,
    "meta": {
      "served_by": "v3-prod",
      "served_by_region": "ENAM",
      "served_by_colo": "EWR",
      "served_by_primary": true,
      "timings": {
        "sql_duration_ms": 0.2471
      },
      "duration": 0.2471,
      "changes": 0,
      "last_row_id": 5,
      "changed_db": false,
      "size_after": 655360,
      "rows_read": 0,
      "rows_written": 1,
      "total_attempts": 1
    }
  }
]

 ⛅️ wrangler 4.127.1 (update available 4.132.0)
───────────────────────────────────────────────
Resource location: remote 

🌀 Executing on remote database jarvis-scratch-rehearsal-0916e (b211bbe8-149f-4c72-b008-e6db48059340):
🌀 To execute on your local development database, remove the --remote flag from your wrangler command.
🚣 Executed 1 command in 0.33ms
[
  {
    "results": [],
    "success": true,
    "meta": {
      "served_by": "v3-prod",
      "served_by_region": "ENAM",
      "served_by_colo": "EWR",
      "served_by_primary": true,
      "timings": {
        "sql_duration_ms": 0.3298
      },
      "duration": 0.3298,
      "changes": 0,
      "last_row_id": 5,
      "changed_db": false,
      "size_after": 655360,
      "rows_read": 0,
      "rows_written": 1,
      "total_attempts": 1
    }
  }
]

 ⛅️ wrangler 4.127.1 (update available 4.132.0)
───────────────────────────────────────────────
Resource location: remote 

🌀 Executing on remote database jarvis-scratch-rehearsal-0916e (b211bbe8-149f-4c72-b008-e6db48059340):
🌀 To execute on your local development database, remove the --remote flag from your wrangler command.
🚣 Executed 1 command in 0.61ms
[
  {
    "results": [],
    "success": true,
    "meta": {
      "served_by": "v3-prod",
      "served_by_region": "ENAM",
      "served_by_colo": "EWR",
      "served_by_primary": true,
      "timings": {
        "sql_duration_ms": 0.6091
      },
      "duration": 0.6091,
      "changes": 0,
      "last_row_id": 5,
      "changed_db": true,
      "size_after": 659456,
      "rows_read": 0,
      "rows_written": 1,
      "total_attempts": 1
    }
  }
]

 ⛅️ wrangler 4.127.1 (update available 4.132.0)
───────────────────────────────────────────────
Resource location: remote 

🌀 Executing on remote database jarvis-scratch-rehearsal-0916e (b211bbe8-149f-4c72-b008-e6db48059340):
🌀 To execute on your local development database, remove the --remote flag from your wrangler command.
🚣 Executed 1 command in 0.42ms
[
  {
    "results": [],
    "success": true,
    "meta": {
      "served_by": "v3-prod",
      "served_by_region": "ENAM",
      "served_by_colo": "EWR",
      "served_by_primary": true,
      "timings": {
        "sql_duration_ms": 0.4207
      },
      "duration": 0.4207,
      "changes": 0,
      "last_row_id": 5,
      "changed_db": false,
      "size_after": 659456,
      "rows_read": 0,
      "rows_written": 1,
      "total_attempts": 1
    }
  }
]

 ⛅️ wrangler 4.127.1 (update available 4.132.0)
───────────────────────────────────────────────
Resource location: remote 

🌀 Executing on remote database jarvis-scratch-rehearsal-0916e (b211bbe8-149f-4c72-b008-e6db48059340):
🌀 To execute on your local development database, remove the --remote flag from your wrangler command.
🚣 Executed 1 command in 0.74ms
[
  {
    "results": [],
    "success": true,
    "meta": {
      "served_by": "v3-prod",
      "served_by_region": "ENAM",
      "served_by_colo": "EWR",
      "served_by_primary": true,
      "timings": {
        "sql_duration_ms": 0.7428
      },
      "duration": 0.7428,
      "changes": 0,
      "last_row_id": 5,
      "changed_db": true,
      "size_after": 663552,
      "rows_read": 0,
      "rows_written": 1,
      "total_attempts": 1
    }
  }
]

 ⛅️ wrangler 4.127.1 (update available 4.132.0)
───────────────────────────────────────────────
Resource location: remote 

🌀 Executing on remote database jarvis-scratch-rehearsal-0916e (b211bbe8-149f-4c72-b008-e6db48059340):
🌀 To execute on your local development database, remove the --remote flag from your wrangler command.
🚣 Executed 1 command in 0.48ms
[
  {
    "results": [],
    "success": true,
    "meta": {
      "served_by": "v3-prod",
      "served_by_region": "ENAM",
      "served_by_colo": "EWR",
      "served_by_primary": true,
      "timings": {
        "sql_duration_ms": 0.4829
      },
      "duration": 0.4829,
      "changes": 0,
      "last_row_id": 5,
      "changed_db": false,
      "size_after": 663552,
      "rows_read": 0,
      "rows_written": 1,
      "total_attempts": 1
    }
  }
]

 ⛅️ wrangler 4.127.1 (update available 4.132.0)
───────────────────────────────────────────────
Resource location: remote 

🌀 Executing on remote database jarvis-scratch-rehearsal-0916e (b211bbe8-149f-4c72-b008-e6db48059340):
🌀 To execute on your local development database, remove the --remote flag from your wrangler command.
🚣 Executed 1 command in 0.31ms
[
  {
    "results": [],
    "success": true,
    "meta": {
      "served_by": "v3-prod",
      "served_by_region": "ENAM",
      "served_by_colo": "EWR",
      "served_by_primary": true,
      "timings": {
        "sql_duration_ms": 0.3139
      },
      "duration": 0.3139,
      "changes": 0,
      "last_row_id": 5,
      "changed_db": false,
      "size_after": 663552,
      "rows_read": 0,
      "rows_written": 1,
      "total_attempts": 1
    }
  }
]

 ⛅️ wrangler 4.127.1 (update available 4.132.0)
───────────────────────────────────────────────
Resource location: remote 

🌀 Executing on remote database jarvis-scratch-rehearsal-0916e (b211bbe8-149f-4c72-b008-e6db48059340):
🌀 To execute on your local development database, remove the --remote flag from your wrangler command.
🚣 Executed 1 command in 0.74ms
[
  {
    "results": [],
    "success": true,
    "meta": {
      "served_by": "v3-prod",
      "served_by_region": "ENAM",
      "served_by_colo": "EWR",
      "served_by_primary": true,
      "timings": {
        "sql_duration_ms": 0.7363
      },
      "duration": 0.7363,
      "changes": 0,
      "last_row_id": 5,
      "changed_db": true,
      "size_after": 667648,
      "rows_read": 0,
      "rows_written": 1,
      "total_attempts": 1
    }
  }
]

 ⛅️ wrangler 4.127.1 (update available 4.132.0)
───────────────────────────────────────────────
Resource location: remote 

🌀 Executing on remote database jarvis-scratch-rehearsal-0916e (b211bbe8-149f-4c72-b008-e6db48059340):
🌀 To execute on your local development database, remove the --remote flag from your wrangler command.
🚣 Executed 1 command in 0.15ms
[
  {
    "results": [],
    "success": true,
    "meta": {
      "served_by": "v3-prod",
      "served_by_region": "ENAM",
      "served_by_colo": "EWR",
      "served_by_primary": true,
      "timings": {
        "sql_duration_ms": 0.1517
      },
      "duration": 0.1517,
      "changes": 0,
      "last_row_id": 5,
      "changed_db": false,
      "size_after": 667648,
      "rows_read": 0,
      "rows_written": 0,
      "total_attempts": 1
    }
  }
]

 ⛅️ wrangler 4.127.1 (update available 4.132.0)
───────────────────────────────────────────────
Resource location: remote 

🌀 Executing on remote database jarvis-scratch-rehearsal-0916e (b211bbe8-149f-4c72-b008-e6db48059340):
🌀 To execute on your local development database, remove the --remote flag from your wrangler command.
🚣 Executed 1 command in 0.20ms
[
  {
    "results": [],
    "success": true,
    "meta": {
      "served_by": "v3-prod",
      "served_by_region": "ENAM",
      "served_by_colo": "EWR",
      "served_by_primary": true,
      "timings": {
        "sql_duration_ms": 0.1958
      },
      "duration": 0.1958,
      "changes": 1,
      "last_row_id": 6,
      "changed_db": true,
      "size_after": 667648,
      "rows_read": 1,
      "rows_written": 3,
      "total_attempts": 1
    }
  }
]
BASELINE RECEIPT OK: 0006_voice_access.sql
Applying 0007_voice_access_boundaries.sql: 8 split statements.

 ⛅️ wrangler 4.127.1 (update available 4.132.0)
───────────────────────────────────────────────
Resource location: remote 

🌀 Executing on remote database jarvis-scratch-rehearsal-0916e (b211bbe8-149f-4c72-b008-e6db48059340):
🌀 To execute on your local development database, remove the --remote flag from your wrangler command.
🚣 Executed 1 command in 9.80ms
[
  {
    "results": [],
    "success": true,
    "meta": {
      "served_by": "v3-prod",
      "served_by_region": "ENAM",
      "served_by_colo": "EWR",
      "served_by_primary": true,
      "timings": {
        "sql_duration_ms": 9.7972
      },
      "duration": 9.7972,
      "changes": 0,
      "last_row_id": 6,
      "changed_db": false,
      "size_after": 667648,
      "rows_read": 206,
      "rows_written": 1,
      "total_attempts": 1
    }
  }
]

 ⛅️ wrangler 4.127.1 (update available 4.132.0)
───────────────────────────────────────────────
Resource location: remote 

🌀 Executing on remote database jarvis-scratch-rehearsal-0916e (b211bbe8-149f-4c72-b008-e6db48059340):
🌀 To execute on your local development database, remove the --remote flag from your wrangler command.
🚣 Executed 1 command in 0.41ms
[
  {
    "results": [],
    "success": true,
    "meta": {
      "served_by": "v3-prod",
      "served_by_region": "ENAM",
      "served_by_colo": "EWR",
      "served_by_primary": true,
      "timings": {
        "sql_duration_ms": 0.4111
      },
      "duration": 0.4111,
      "changes": 0,
      "last_row_id": 6,
      "changed_db": false,
      "size_after": 667648,
      "rows_read": 2,
      "rows_written": 0,
      "total_attempts": 1
    }
  }
]

 ⛅️ wrangler 4.127.1 (update available 4.132.0)
───────────────────────────────────────────────
Resource location: remote 

🌀 Executing on remote database jarvis-scratch-rehearsal-0916e (b211bbe8-149f-4c72-b008-e6db48059340):
🌀 To execute on your local development database, remove the --remote flag from your wrangler command.
🚣 Executed 1 command in 0.52ms
[
  {
    "results": [],
    "success": true,
    "meta": {
      "served_by": "v3-prod",
      "served_by_region": "ENAM",
      "served_by_colo": "EWR",
      "served_by_primary": true,
      "timings": {
        "sql_duration_ms": 0.5232
      },
      "duration": 0.5232,
      "changes": 0,
      "last_row_id": 6,
      "changed_db": false,
      "size_after": 667648,
      "rows_read": 0,
      "rows_written": 1,
      "total_attempts": 1
    }
  }
]

 ⛅️ wrangler 4.127.1 (update available 4.132.0)
───────────────────────────────────────────────
Resource location: remote 

🌀 Executing on remote database jarvis-scratch-rehearsal-0916e (b211bbe8-149f-4c72-b008-e6db48059340):
🌀 To execute on your local development database, remove the --remote flag from your wrangler command.
🚣 Executed 1 command in 0.32ms
[
  {
    "results": [],
    "success": true,
    "meta": {
      "served_by": "v3-prod",
      "served_by_region": "ENAM",
      "served_by_colo": "EWR",
      "served_by_primary": true,
      "timings": {
        "sql_duration_ms": 0.3235
      },
      "duration": 0.3235,
      "changes": 0,
      "last_row_id": 6,
      "changed_db": false,
      "size_after": 667648,
      "rows_read": 0,
      "rows_written": 1,
      "total_attempts": 1
    }
  }
]

 ⛅️ wrangler 4.127.1 (update available 4.132.0)
───────────────────────────────────────────────
Resource location: remote 

🌀 Executing on remote database jarvis-scratch-rehearsal-0916e (b211bbe8-149f-4c72-b008-e6db48059340):
🌀 To execute on your local development database, remove the --remote flag from your wrangler command.
🚣 Executed 1 command in 0.33ms
[
  {
    "results": [],
    "success": true,
    "meta": {
      "served_by": "v3-prod",
      "served_by_region": "ENAM",
      "served_by_colo": "EWR",
      "served_by_primary": true,
      "timings": {
        "sql_duration_ms": 0.3307
      },
      "duration": 0.3307,
      "changes": 0,
      "last_row_id": 6,
      "changed_db": false,
      "size_after": 667648,
      "rows_read": 0,
      "rows_written": 1,
      "total_attempts": 1
    }
  }
]

 ⛅️ wrangler 4.127.1 (update available 4.132.0)
───────────────────────────────────────────────
Resource location: remote 

🌀 Executing on remote database jarvis-scratch-rehearsal-0916e (b211bbe8-149f-4c72-b008-e6db48059340):
🌀 To execute on your local development database, remove the --remote flag from your wrangler command.
🚣 Executed 1 command in 0.59ms
[
  {
    "results": [],
    "success": true,
    "meta": {
      "served_by": "v3-prod",
      "served_by_region": "ENAM",
      "served_by_colo": "EWR",
      "served_by_primary": true,
      "timings": {
        "sql_duration_ms": 0.59
      },
      "duration": 0.59,
      "changes": 0,
      "last_row_id": 6,
      "changed_db": true,
      "size_after": 671744,
      "rows_read": 0,
      "rows_written": 1,
      "total_attempts": 1
    }
  }
]

 ⛅️ wrangler 4.127.1 (update available 4.132.0)
───────────────────────────────────────────────
Resource location: remote 

🌀 Executing on remote database jarvis-scratch-rehearsal-0916e (b211bbe8-149f-4c72-b008-e6db48059340):
🌀 To execute on your local development database, remove the --remote flag from your wrangler command.
🚣 Executed 1 command in 0.69ms
[
  {
    "results": [],
    "success": true,
    "meta": {
      "served_by": "v3-prod",
      "served_by_region": "ENAM",
      "served_by_colo": "EWR",
      "served_by_primary": true,
      "timings": {
        "sql_duration_ms": 0.6913
      },
      "duration": 0.6913,
      "changes": 0,
      "last_row_id": 6,
      "changed_db": false,
      "size_after": 671744,
      "rows_read": 0,
      "rows_written": 1,
      "total_attempts": 1
    }
  }
]

 ⛅️ wrangler 4.127.1 (update available 4.132.0)
───────────────────────────────────────────────
Resource location: remote 

🌀 Executing on remote database jarvis-scratch-rehearsal-0916e (b211bbe8-149f-4c72-b008-e6db48059340):
🌀 To execute on your local development database, remove the --remote flag from your wrangler command.
🚣 Executed 1 command in 0.49ms
[
  {
    "results": [],
    "success": true,
    "meta": {
      "served_by": "v3-prod",
      "served_by_region": "ENAM",
      "served_by_colo": "EWR",
      "served_by_primary": true,
      "timings": {
        "sql_duration_ms": 0.4875
      },
      "duration": 0.4875,
      "changes": 0,
      "last_row_id": 6,
      "changed_db": false,
      "size_after": 671744,
      "rows_read": 0,
      "rows_written": 1,
      "total_attempts": 1
    }
  }
]

 ⛅️ wrangler 4.127.1 (update available 4.132.0)
───────────────────────────────────────────────
Resource location: remote 

🌀 Executing on remote database jarvis-scratch-rehearsal-0916e (b211bbe8-149f-4c72-b008-e6db48059340):
🌀 To execute on your local development database, remove the --remote flag from your wrangler command.
🚣 Executed 1 command in 0.61ms
[
  {
    "results": [],
    "success": true,
    "meta": {
      "served_by": "v3-prod",
      "served_by_region": "ENAM",
      "served_by_colo": "EWR",
      "served_by_primary": true,
      "timings": {
        "sql_duration_ms": 0.6114
      },
      "duration": 0.6114,
      "changes": 1,
      "last_row_id": 7,
      "changed_db": true,
      "size_after": 671744,
      "rows_read": 1,
      "rows_written": 3,
      "total_attempts": 1
    }
  }
]
BASELINE RECEIPT OK: 0007_voice_access_boundaries.sql
Applying 0008_autonomy.sql: 10 split statements.

 ⛅️ wrangler 4.127.1 (update available 4.132.0)
───────────────────────────────────────────────
Resource location: remote 

🌀 Executing on remote database jarvis-scratch-rehearsal-0916e (b211bbe8-149f-4c72-b008-e6db48059340):
🌀 To execute on your local development database, remove the --remote flag from your wrangler command.
🚣 Executed 1 command in 0.69ms
[
  {
    "results": [],
    "success": true,
    "meta": {
      "served_by": "v3-prod",
      "served_by_region": "ENAM",
      "served_by_colo": "EWR",
      "served_by_primary": true,
      "timings": {
        "sql_duration_ms": 0.6924
      },
      "duration": 0.6924,
      "changes": 0,
      "last_row_id": 7,
      "changed_db": true,
      "size_after": 679936,
      "rows_read": 1,
      "rows_written": 3,
      "total_attempts": 1
    }
  }
]

 ⛅️ wrangler 4.127.1 (update available 4.132.0)
───────────────────────────────────────────────
Resource location: remote 

🌀 Executing on remote database jarvis-scratch-rehearsal-0916e (b211bbe8-149f-4c72-b008-e6db48059340):
🌀 To execute on your local development database, remove the --remote flag from your wrangler command.
🚣 Executed 1 command in 0.18ms
[
  {
    "results": [],
    "success": true,
    "meta": {
      "served_by": "v3-prod",
      "served_by_region": "ENAM",
      "served_by_colo": "EWR",
      "served_by_primary": true,
      "timings": {
        "sql_duration_ms": 0.1833
      },
      "duration": 0.1833,
      "changes": 13,
      "last_row_id": 13,
      "changed_db": true,
      "size_after": 679936,
      "rows_read": 13,
      "rows_written": 26,
      "total_attempts": 1
    }
  }
]

 ⛅️ wrangler 4.127.1 (update available 4.132.0)
───────────────────────────────────────────────
Resource location: remote 

🌀 Executing on remote database jarvis-scratch-rehearsal-0916e (b211bbe8-149f-4c72-b008-e6db48059340):
🌀 To execute on your local development database, remove the --remote flag from your wrangler command.
🚣 Executed 1 command in 0.43ms
[
  {
    "results": [],
    "success": true,
    "meta": {
      "served_by": "v3-prod",
      "served_by_region": "ENAM",
      "served_by_colo": "EWR",
      "served_by_primary": true,
      "timings": {
        "sql_duration_ms": 0.4281
      },
      "duration": 0.4281,
      "changes": 0,
      "last_row_id": 13,
      "changed_db": true,
      "size_after": 684032,
      "rows_read": 1,
      "rows_written": 2,
      "total_attempts": 1
    }
  }
]

 ⛅️ wrangler 4.127.1 (update available 4.132.0)
───────────────────────────────────────────────
Resource location: remote 

🌀 Executing on remote database jarvis-scratch-rehearsal-0916e (b211bbe8-149f-4c72-b008-e6db48059340):
🌀 To execute on your local development database, remove the --remote flag from your wrangler command.
🚣 Executed 1 command in 0.37ms
[
  {
    "results": [],
    "success": true,
    "meta": {
      "served_by": "v3-prod",
      "served_by_region": "ENAM",
      "served_by_colo": "EWR",
      "served_by_primary": true,
      "timings": {
        "sql_duration_ms": 0.3711
      },
      "duration": 0.3711,
      "changes": 1,
      "last_row_id": 1,
      "changed_db": true,
      "size_after": 684032,
      "rows_read": 1,
      "rows_written": 1,
      "total_attempts": 1
    }
  }
]

 ⛅️ wrangler 4.127.1 (update available 4.132.0)
───────────────────────────────────────────────
Resource location: remote 

🌀 Executing on remote database jarvis-scratch-rehearsal-0916e (b211bbe8-149f-4c72-b008-e6db48059340):
🌀 To execute on your local development database, remove the --remote flag from your wrangler command.
🚣 Executed 1 command in 0.33ms
[
  {
    "results": [],
    "success": true,
    "meta": {
      "served_by": "v3-prod",
      "served_by_region": "ENAM",
      "served_by_colo": "EWR",
      "served_by_primary": true,
      "timings": {
        "sql_duration_ms": 0.3295
      },
      "duration": 0.3295,
      "changes": 0,
      "last_row_id": 1,
      "changed_db": false,
      "size_after": 684032,
      "rows_read": 0,
      "rows_written": 1,
      "total_attempts": 1
    }
  }
]

 ⛅️ wrangler 4.127.1 (update available 4.132.0)
───────────────────────────────────────────────
Resource location: remote 

🌀 Executing on remote database jarvis-scratch-rehearsal-0916e (b211bbe8-149f-4c72-b008-e6db48059340):
🌀 To execute on your local development database, remove the --remote flag from your wrangler command.
🚣 Executed 1 command in 0.61ms
[
  {
    "results": [],
    "success": true,
    "meta": {
      "served_by": "v3-prod",
      "served_by_region": "ENAM",
      "served_by_colo": "EWR",
      "served_by_primary": true,
      "timings": {
        "sql_duration_ms": 0.6071
      },
      "duration": 0.6071,
      "changes": 0,
      "last_row_id": 1,
      "changed_db": true,
      "size_after": 696320,
      "rows_read": 1,
      "rows_written": 3,
      "total_attempts": 1
    }
  }
]

 ⛅️ wrangler 4.127.1 (update available 4.132.0)
───────────────────────────────────────────────
Resource location: remote 

🌀 Executing on remote database jarvis-scratch-rehearsal-0916e (b211bbe8-149f-4c72-b008-e6db48059340):
🌀 To execute on your local development database, remove the --remote flag from your wrangler command.
🚣 Executed 1 command in 0.48ms
[
  {
    "results": [],
    "success": true,
    "meta": {
      "served_by": "v3-prod",
      "served_by_region": "ENAM",
      "served_by_colo": "EWR",
      "served_by_primary": true,
      "timings": {
        "sql_duration_ms": 0.4769
      },
      "duration": 0.4769,
      "changes": 0,
      "last_row_id": 1,
      "changed_db": true,
      "size_after": 700416,
      "rows_read": 2,
      "rows_written": 1,
      "total_attempts": 1
    }
  }
]

 ⛅️ wrangler 4.127.1 (update available 4.132.0)
───────────────────────────────────────────────
Resource location: remote 

🌀 Executing on remote database jarvis-scratch-rehearsal-0916e (b211bbe8-149f-4c72-b008-e6db48059340):
🌀 To execute on your local development database, remove the --remote flag from your wrangler command.
🚣 Executed 1 command in 0.41ms
[
  {
    "results": [],
    "success": true,
    "meta": {
      "served_by": "v3-prod",
      "served_by_region": "ENAM",
      "served_by_colo": "EWR",
      "served_by_primary": true,
      "timings": {
        "sql_duration_ms": 0.4059
      },
      "duration": 0.4059,
      "changes": 0,
      "last_row_id": 1,
      "changed_db": true,
      "size_after": 704512,
      "rows_read": 2,
      "rows_written": 1,
      "total_attempts": 1
    }
  }
]

 ⛅️ wrangler 4.127.1 (update available 4.132.0)
───────────────────────────────────────────────
Resource location: remote 

🌀 Executing on remote database jarvis-scratch-rehearsal-0916e (b211bbe8-149f-4c72-b008-e6db48059340):
🌀 To execute on your local development database, remove the --remote flag from your wrangler command.
🚣 Executed 1 command in 0.35ms
[
  {
    "results": [],
    "success": true,
    "meta": {
      "served_by": "v3-prod",
      "served_by_region": "ENAM",
      "served_by_colo": "EWR",
      "served_by_primary": true,
      "timings": {
        "sql_duration_ms": 0.3477
      },
      "duration": 0.3477,
      "changes": 0,
      "last_row_id": 1,
      "changed_db": false,
      "size_after": 704512,
      "rows_read": 0,
      "rows_written": 1,
      "total_attempts": 1
    }
  }
]

 ⛅️ wrangler 4.127.1 (update available 4.132.0)
───────────────────────────────────────────────
Resource location: remote 

🌀 Executing on remote database jarvis-scratch-rehearsal-0916e (b211bbe8-149f-4c72-b008-e6db48059340):
🌀 To execute on your local development database, remove the --remote flag from your wrangler command.
🚣 Executed 1 command in 0.39ms
[
  {
    "results": [],
    "success": true,
    "meta": {
      "served_by": "v3-prod",
      "served_by_region": "ENAM",
      "served_by_colo": "EWR",
      "served_by_primary": true,
      "timings": {
        "sql_duration_ms": 0.3877
      },
      "duration": 0.3877,
      "changes": 0,
      "last_row_id": 1,
      "changed_db": false,
      "size_after": 704512,
      "rows_read": 0,
      "rows_written": 1,
      "total_attempts": 1
    }
  }
]

 ⛅️ wrangler 4.127.1 (update available 4.132.0)
───────────────────────────────────────────────
Resource location: remote 

🌀 Executing on remote database jarvis-scratch-rehearsal-0916e (b211bbe8-149f-4c72-b008-e6db48059340):
🌀 To execute on your local development database, remove the --remote flag from your wrangler command.
🚣 Executed 1 command in 0.16ms
[
  {
    "results": [],
    "success": true,
    "meta": {
      "served_by": "v3-prod",
      "served_by_region": "ENAM",
      "served_by_colo": "EWR",
      "served_by_primary": true,
      "timings": {
        "sql_duration_ms": 0.163
      },
      "duration": 0.163,
      "changes": 1,
      "last_row_id": 8,
      "changed_db": true,
      "size_after": 704512,
      "rows_read": 1,
      "rows_written": 3,
      "total_attempts": 1
    }
  }
]
BASELINE RECEIPT OK: 0008_autonomy.sql
Applying 0009_decisions.sql: 12 split statements.

 ⛅️ wrangler 4.127.1 (update available 4.132.0)
───────────────────────────────────────────────
Resource location: remote 

🌀 Executing on remote database jarvis-scratch-rehearsal-0916e (b211bbe8-149f-4c72-b008-e6db48059340):
🌀 To execute on your local development database, remove the --remote flag from your wrangler command.
🚣 Executed 1 command in 0.69ms
[
  {
    "results": [],
    "success": true,
    "meta": {
      "served_by": "v3-prod",
      "served_by_region": "ENAM",
      "served_by_colo": "EWR",
      "served_by_primary": true,
      "timings": {
        "sql_duration_ms": 0.6897
      },
      "duration": 0.6897,
      "changes": 0,
      "last_row_id": 8,
      "changed_db": true,
      "size_after": 712704,
      "rows_read": 1,
      "rows_written": 3,
      "total_attempts": 1
    }
  }
]

 ⛅️ wrangler 4.127.1 (update available 4.132.0)
───────────────────────────────────────────────
Resource location: remote 

🌀 Executing on remote database jarvis-scratch-rehearsal-0916e (b211bbe8-149f-4c72-b008-e6db48059340):
🌀 To execute on your local development database, remove the --remote flag from your wrangler command.
🚣 Executed 1 command in 0.50ms
[
  {
    "results": [],
    "success": true,
    "meta": {
      "served_by": "v3-prod",
      "served_by_region": "ENAM",
      "served_by_colo": "EWR",
      "served_by_primary": true,
      "timings": {
        "sql_duration_ms": 0.5022
      },
      "duration": 0.5022,
      "changes": 0,
      "last_row_id": 8,
      "changed_db": true,
      "size_after": 716800,
      "rows_read": 2,
      "rows_written": 1,
      "total_attempts": 1
    }
  }
]

 ⛅️ wrangler 4.127.1 (update available 4.132.0)
───────────────────────────────────────────────
Resource location: remote 

🌀 Executing on remote database jarvis-scratch-rehearsal-0916e (b211bbe8-149f-4c72-b008-e6db48059340):
🌀 To execute on your local development database, remove the --remote flag from your wrangler command.
🚣 Executed 1 command in 0.61ms
[
  {
    "results": [],
    "success": true,
    "meta": {
      "served_by": "v3-prod",
      "served_by_region": "ENAM",
      "served_by_colo": "EWR",
      "served_by_primary": true,
      "timings": {
        "sql_duration_ms": 0.6131
      },
      "duration": 0.6131,
      "changes": 0,
      "last_row_id": 8,
      "changed_db": true,
      "size_after": 720896,
      "rows_read": 2,
      "rows_written": 1,
      "total_attempts": 1
    }
  }
]

 ⛅️ wrangler 4.127.1 (update available 4.132.0)
───────────────────────────────────────────────
Resource location: remote 

🌀 Executing on remote database jarvis-scratch-rehearsal-0916e (b211bbe8-149f-4c72-b008-e6db48059340):
🌀 To execute on your local development database, remove the --remote flag from your wrangler command.
🚣 Executed 1 command in 0.78ms
[
  {
    "results": [],
    "success": true,
    "meta": {
      "served_by": "v3-prod",
      "served_by_region": "ENAM",
      "served_by_colo": "EWR",
      "served_by_primary": true,
      "timings": {
        "sql_duration_ms": 0.7815
      },
      "duration": 0.7815,
      "changes": 0,
      "last_row_id": 8,
      "changed_db": true,
      "size_after": 733184,
      "rows_read": 1,
      "rows_written": 3,
      "total_attempts": 1
    }
  }
]

 ⛅️ wrangler 4.127.1 (update available 4.132.0)
───────────────────────────────────────────────
Resource location: remote 

🌀 Executing on remote database jarvis-scratch-rehearsal-0916e (b211bbe8-149f-4c72-b008-e6db48059340):
🌀 To execute on your local development database, remove the --remote flag from your wrangler command.
🚣 Executed 1 command in 1.45ms
[
  {
    "results": [],
    "success": true,
    "meta": {
      "served_by": "v3-prod",
      "served_by_region": "ENAM",
      "served_by_colo": "EWR",
      "served_by_primary": true,
      "timings": {
        "sql_duration_ms": 1.4462
      },
      "duration": 1.4462,
      "changes": 0,
      "last_row_id": 8,
      "changed_db": true,
      "size_after": 737280,
      "rows_read": 2,
      "rows_written": 1,
      "total_attempts": 1
    }
  }
]

 ⛅️ wrangler 4.127.1 (update available 4.132.0)
───────────────────────────────────────────────
Resource location: remote 

🌀 Executing on remote database jarvis-scratch-rehearsal-0916e (b211bbe8-149f-4c72-b008-e6db48059340):
🌀 To execute on your local development database, remove the --remote flag from your wrangler command.
🚣 Executed 1 command in 0.60ms
[
  {
    "results": [],
    "success": true,
    "meta": {
      "served_by": "v3-prod",
      "served_by_region": "ENAM",
      "served_by_colo": "EWR",
      "served_by_primary": true,
      "timings": {
        "sql_duration_ms": 0.5972
      },
      "duration": 0.5972,
      "changes": 0,
      "last_row_id": 8,
      "changed_db": true,
      "size_after": 745472,
      "rows_read": 1,
      "rows_written": 3,
      "total_attempts": 1
    }
  }
]

 ⛅️ wrangler 4.127.1 (update available 4.132.0)
───────────────────────────────────────────────
Resource location: remote 

🌀 Executing on remote database jarvis-scratch-rehearsal-0916e (b211bbe8-149f-4c72-b008-e6db48059340):
🌀 To execute on your local development database, remove the --remote flag from your wrangler command.
🚣 Executed 1 command in 0.86ms
[
  {
    "results": [],
    "success": true,
    "meta": {
      "served_by": "v3-prod",
      "served_by_region": "ENAM",
      "served_by_colo": "EWR",
      "served_by_primary": true,
      "timings": {
        "sql_duration_ms": 0.8621
      },
      "duration": 0.8621,
      "changes": 0,
      "last_row_id": 8,
      "changed_db": true,
      "size_after": 749568,
      "rows_read": 2,
      "rows_written": 1,
      "total_attempts": 1
    }
  }
]

 ⛅️ wrangler 4.127.1 (update available 4.132.0)
───────────────────────────────────────────────
Resource location: remote 

🌀 Executing on remote database jarvis-scratch-rehearsal-0916e (b211bbe8-149f-4c72-b008-e6db48059340):
🌀 To execute on your local development database, remove the --remote flag from your wrangler command.
🚣 Executed 1 command in 0.90ms
[
  {
    "results": [],
    "success": true,
    "meta": {
      "served_by": "v3-prod",
      "served_by_region": "ENAM",
      "served_by_colo": "EWR",
      "served_by_primary": true,
      "timings": {
        "sql_duration_ms": 0.9014
      },
      "duration": 0.9014,
      "changes": 0,
      "last_row_id": 8,
      "changed_db": false,
      "size_after": 749568,
      "rows_read": 0,
      "rows_written": 1,
      "total_attempts": 1
    }
  }
]

 ⛅️ wrangler 4.127.1 (update available 4.132.0)
───────────────────────────────────────────────
Resource location: remote 

🌀 Executing on remote database jarvis-scratch-rehearsal-0916e (b211bbe8-149f-4c72-b008-e6db48059340):
🌀 To execute on your local development database, remove the --remote flag from your wrangler command.
🚣 Executed 1 command in 0.41ms
[
  {
    "results": [],
    "success": true,
    "meta": {
      "served_by": "v3-prod",
      "served_by_region": "ENAM",
      "served_by_colo": "EWR",
      "served_by_primary": true,
      "timings": {
        "sql_duration_ms": 0.408
      },
      "duration": 0.408,
      "changes": 0,
      "last_row_id": 8,
      "changed_db": false,
      "size_after": 749568,
      "rows_read": 0,
      "rows_written": 1,
      "total_attempts": 1
    }
  }
]

 ⛅️ wrangler 4.127.1 (update available 4.132.0)
───────────────────────────────────────────────
Resource location: remote 

🌀 Executing on remote database jarvis-scratch-rehearsal-0916e (b211bbe8-149f-4c72-b008-e6db48059340):
🌀 To execute on your local development database, remove the --remote flag from your wrangler command.
🚣 Executed 1 command in 0.85ms
[
  {
    "results": [],
    "success": true,
    "meta": {
      "served_by": "v3-prod",
      "served_by_region": "ENAM",
      "served_by_colo": "EWR",
      "served_by_primary": true,
      "timings": {
        "sql_duration_ms": 0.8531
      },
      "duration": 0.8531,
      "changes": 0,
      "last_row_id": 8,
      "changed_db": false,
      "size_after": 749568,
      "rows_read": 0,
      "rows_written": 1,
      "total_attempts": 1
    }
  }
]

 ⛅️ wrangler 4.127.1 (update available 4.132.0)
───────────────────────────────────────────────
Resource location: remote 

🌀 Executing on remote database jarvis-scratch-rehearsal-0916e (b211bbe8-149f-4c72-b008-e6db48059340):
🌀 To execute on your local development database, remove the --remote flag from your wrangler command.
🚣 Executed 1 command in 1.17ms
[
  {
    "results": [],
    "success": true,
    "meta": {
      "served_by": "v3-prod",
      "served_by_region": "ENAM",
      "served_by_colo": "EWR",
      "served_by_primary": true,
      "timings": {
        "sql_duration_ms": 1.1722
      },
      "duration": 1.1722,
      "changes": 0,
      "last_row_id": 8,
      "changed_db": false,
      "size_after": 749568,
      "rows_read": 0,
      "rows_written": 1,
      "total_attempts": 1
    }
  }
]

 ⛅️ wrangler 4.127.1 (update available 4.132.0)
───────────────────────────────────────────────
Resource location: remote 

🌀 Executing on remote database jarvis-scratch-rehearsal-0916e (b211bbe8-149f-4c72-b008-e6db48059340):
🌀 To execute on your local development database, remove the --remote flag from your wrangler command.
🚣 Executed 1 command in 1.03ms
[
  {
    "results": [],
    "success": true,
    "meta": {
      "served_by": "v3-prod",
      "served_by_region": "ENAM",
      "served_by_colo": "EWR",
      "served_by_primary": true,
      "timings": {
        "sql_duration_ms": 1.0298
      },
      "duration": 1.0298,
      "changes": 0,
      "last_row_id": 8,
      "changed_db": false,
      "size_after": 749568,
      "rows_read": 0,
      "rows_written": 1,
      "total_attempts": 1
    }
  }
]

 ⛅️ wrangler 4.127.1 (update available 4.132.0)
───────────────────────────────────────────────
Resource location: remote 

🌀 Executing on remote database jarvis-scratch-rehearsal-0916e (b211bbe8-149f-4c72-b008-e6db48059340):
🌀 To execute on your local development database, remove the --remote flag from your wrangler command.
🚣 Executed 1 command in 0.25ms
[
  {
    "results": [],
    "success": true,
    "meta": {
      "served_by": "v3-prod",
      "served_by_region": "ENAM",
      "served_by_colo": "EWR",
      "served_by_primary": true,
      "timings": {
        "sql_duration_ms": 0.2486
      },
      "duration": 0.2486,
      "changes": 1,
      "last_row_id": 9,
      "changed_db": true,
      "size_after": 749568,
      "rows_read": 1,
      "rows_written": 3,
      "total_attempts": 1
    }
  }
]
BASELINE RECEIPT OK: 0009_decisions.sql
Applying 0010_projects.sql: 7 split statements.

 ⛅️ wrangler 4.127.1 (update available 4.132.0)
───────────────────────────────────────────────
Resource location: remote 

🌀 Executing on remote database jarvis-scratch-rehearsal-0916e (b211bbe8-149f-4c72-b008-e6db48059340):
🌀 To execute on your local development database, remove the --remote flag from your wrangler command.
🚣 Executed 1 command in 0.71ms
[
  {
    "results": [],
    "success": true,
    "meta": {
      "served_by": "v3-prod",
      "served_by_region": "ENAM",
      "served_by_colo": "EWR",
      "served_by_primary": true,
      "timings": {
        "sql_duration_ms": 0.7082
      },
      "duration": 0.7082,
      "changes": 0,
      "last_row_id": 9,
      "changed_db": true,
      "size_after": 761856,
      "rows_read": 1,
      "rows_written": 4,
      "total_attempts": 1
    }
  }
]

 ⛅️ wrangler 4.127.1 (update available 4.132.0)
───────────────────────────────────────────────
Resource location: remote 

🌀 Executing on remote database jarvis-scratch-rehearsal-0916e (b211bbe8-149f-4c72-b008-e6db48059340):
🌀 To execute on your local development database, remove the --remote flag from your wrangler command.
🚣 Executed 1 command in 0.70ms
[
  {
    "results": [],
    "success": true,
    "meta": {
      "served_by": "v3-prod",
      "served_by_region": "ENAM",
      "served_by_colo": "EWR",
      "served_by_primary": true,
      "timings": {
        "sql_duration_ms": 0.701
      },
      "duration": 0.701,
      "changes": 0,
      "last_row_id": 9,
      "changed_db": true,
      "size_after": 774144,
      "rows_read": 1,
      "rows_written": 3,
      "total_attempts": 1
    }
  }
]

 ⛅️ wrangler 4.127.1 (update available 4.132.0)
───────────────────────────────────────────────
Resource location: remote 

🌀 Executing on remote database jarvis-scratch-rehearsal-0916e (b211bbe8-149f-4c72-b008-e6db48059340):
🌀 To execute on your local development database, remove the --remote flag from your wrangler command.
🚣 Executed 1 command in 0.62ms
[
  {
    "results": [],
    "success": true,
    "meta": {
      "served_by": "v3-prod",
      "served_by_region": "ENAM",
      "served_by_colo": "EWR",
      "served_by_primary": true,
      "timings": {
        "sql_duration_ms": 0.6181
      },
      "duration": 0.6181,
      "changes": 0,
      "last_row_id": 9,
      "changed_db": true,
      "size_after": 778240,
      "rows_read": 2,
      "rows_written": 1,
      "total_attempts": 1
    }
  }
]

 ⛅️ wrangler 4.127.1 (update available 4.132.0)
───────────────────────────────────────────────
Resource location: remote 

🌀 Executing on remote database jarvis-scratch-rehearsal-0916e (b211bbe8-149f-4c72-b008-e6db48059340):
🌀 To execute on your local development database, remove the --remote flag from your wrangler command.
🚣 Executed 1 command in 0.62ms
[
  {
    "results": [],
    "success": true,
    "meta": {
      "served_by": "v3-prod",
      "served_by_region": "ENAM",
      "served_by_colo": "EWR",
      "served_by_primary": true,
      "timings": {
        "sql_duration_ms": 0.618
      },
      "duration": 0.618,
      "changes": 0,
      "last_row_id": 9,
      "changed_db": false,
      "size_after": 778240,
      "rows_read": 0,
      "rows_written": 1,
      "total_attempts": 1
    }
  }
]

 ⛅️ wrangler 4.127.1 (update available 4.132.0)
───────────────────────────────────────────────
Resource location: remote 

🌀 Executing on remote database jarvis-scratch-rehearsal-0916e (b211bbe8-149f-4c72-b008-e6db48059340):
🌀 To execute on your local development database, remove the --remote flag from your wrangler command.
🚣 Executed 1 command in 0.62ms
[
  {
    "results": [],
    "success": true,
    "meta": {
      "served_by": "v3-prod",
      "served_by_region": "ENAM",
      "served_by_colo": "EWR",
      "served_by_primary": true,
      "timings": {
        "sql_duration_ms": 0.616
      },
      "duration": 0.616,
      "changes": 0,
      "last_row_id": 9,
      "changed_db": true,
      "size_after": 786432,
      "rows_read": 1,
      "rows_written": 3,
      "total_attempts": 1
    }
  }
]

 ⛅️ wrangler 4.127.1 (update available 4.132.0)
───────────────────────────────────────────────
Resource location: remote 

🌀 Executing on remote database jarvis-scratch-rehearsal-0916e (b211bbe8-149f-4c72-b008-e6db48059340):
🌀 To execute on your local development database, remove the --remote flag from your wrangler command.
🚣 Executed 1 command in 0.59ms
[
  {
    "results": [],
    "success": true,
    "meta": {
      "served_by": "v3-prod",
      "served_by_region": "ENAM",
      "served_by_colo": "EWR",
      "served_by_primary": true,
      "timings": {
        "sql_duration_ms": 0.591
      },
      "duration": 0.591,
      "changes": 0,
      "last_row_id": 9,
      "changed_db": true,
      "size_after": 790528,
      "rows_read": 2,
      "rows_written": 1,
      "total_attempts": 1
    }
  }
]

 ⛅️ wrangler 4.127.1 (update available 4.132.0)
───────────────────────────────────────────────
Resource location: remote 

🌀 Executing on remote database jarvis-scratch-rehearsal-0916e (b211bbe8-149f-4c72-b008-e6db48059340):
🌀 To execute on your local development database, remove the --remote flag from your wrangler command.
🚣 Executed 1 command in 0.43ms
[
  {
    "results": [],
    "success": true,
    "meta": {
      "served_by": "v3-prod",
      "served_by_region": "ENAM",
      "served_by_colo": "EWR",
      "served_by_primary": true,
      "timings": {
        "sql_duration_ms": 0.4303
      },
      "duration": 0.4303,
      "changes": 0,
      "last_row_id": 9,
      "changed_db": false,
      "size_after": 790528,
      "rows_read": 0,
      "rows_written": 1,
      "total_attempts": 1
    }
  }
]

 ⛅️ wrangler 4.127.1 (update available 4.132.0)
───────────────────────────────────────────────
Resource location: remote 

🌀 Executing on remote database jarvis-scratch-rehearsal-0916e (b211bbe8-149f-4c72-b008-e6db48059340):
🌀 To execute on your local development database, remove the --remote flag from your wrangler command.
🚣 Executed 1 command in 0.32ms
[
  {
    "results": [],
    "success": true,
    "meta": {
      "served_by": "v3-prod",
      "served_by_region": "ENAM",
      "served_by_colo": "EWR",
      "served_by_primary": true,
      "timings": {
        "sql_duration_ms": 0.3183
      },
      "duration": 0.3183,
      "changes": 1,
      "last_row_id": 10,
      "changed_db": true,
      "size_after": 790528,
      "rows_read": 1,
      "rows_written": 3,
      "total_attempts": 1
    }
  }
]
BASELINE RECEIPT OK: 0010_projects.sql
Applying 0011_deadlines.sql: 9 split statements.

 ⛅️ wrangler 4.127.1 (update available 4.132.0)
───────────────────────────────────────────────
Resource location: remote 

🌀 Executing on remote database jarvis-scratch-rehearsal-0916e (b211bbe8-149f-4c72-b008-e6db48059340):
🌀 To execute on your local development database, remove the --remote flag from your wrangler command.
🚣 Executed 1 command in 0.74ms
[
  {
    "results": [],
    "success": true,
    "meta": {
      "served_by": "v3-prod",
      "served_by_region": "ENAM",
      "served_by_colo": "EWR",
      "served_by_primary": true,
      "timings": {
        "sql_duration_ms": 0.7375
      },
      "duration": 0.7375,
      "changes": 0,
      "last_row_id": 10,
      "changed_db": true,
      "size_after": 798720,
      "rows_read": 1,
      "rows_written": 3,
      "total_attempts": 1
    }
  }
]

 ⛅️ wrangler 4.127.1 (update available 4.132.0)
───────────────────────────────────────────────
Resource location: remote 

🌀 Executing on remote database jarvis-scratch-rehearsal-0916e (b211bbe8-149f-4c72-b008-e6db48059340):
🌀 To execute on your local development database, remove the --remote flag from your wrangler command.
🚣 Executed 1 command in 1.87ms
[
  {
    "results": [],
    "success": true,
    "meta": {
      "served_by": "v3-prod",
      "served_by_region": "ENAM",
      "served_by_colo": "EWR",
      "served_by_primary": true,
      "timings": {
        "sql_duration_ms": 1.8728
      },
      "duration": 1.8728,
      "changes": 0,
      "last_row_id": 10,
      "changed_db": true,
      "size_after": 815104,
      "rows_read": 1,
      "rows_written": 4,
      "total_attempts": 1
    }
  }
]

 ⛅️ wrangler 4.127.1 (update available 4.132.0)
───────────────────────────────────────────────
Resource location: remote 

🌀 Executing on remote database jarvis-scratch-rehearsal-0916e (b211bbe8-149f-4c72-b008-e6db48059340):
🌀 To execute on your local development database, remove the --remote flag from your wrangler command.
🚣 Executed 1 command in 0.57ms
[
  {
    "results": [],
    "success": true,
    "meta": {
      "served_by": "v3-prod",
      "served_by_region": "ENAM",
      "served_by_colo": "EWR",
      "served_by_primary": true,
      "timings": {
        "sql_duration_ms": 0.5664
      },
      "duration": 0.5664,
      "changes": 0,
      "last_row_id": 10,
      "changed_db": true,
      "size_after": 819200,
      "rows_read": 2,
      "rows_written": 1,
      "total_attempts": 1
    }
  }
]

 ⛅️ wrangler 4.127.1 (update available 4.132.0)
───────────────────────────────────────────────
Resource location: remote 

🌀 Executing on remote database jarvis-scratch-rehearsal-0916e (b211bbe8-149f-4c72-b008-e6db48059340):
🌀 To execute on your local development database, remove the --remote flag from your wrangler command.
🚣 Executed 1 command in 0.58ms
[
  {
    "results": [],
    "success": true,
    "meta": {
      "served_by": "v3-prod",
      "served_by_region": "ENAM",
      "served_by_colo": "EWR",
      "served_by_primary": true,
      "timings": {
        "sql_duration_ms": 0.5834
      },
      "duration": 0.5834,
      "changes": 0,
      "last_row_id": 10,
      "changed_db": true,
      "size_after": 827392,
      "rows_read": 1,
      "rows_written": 3,
      "total_attempts": 1
    }
  }
]

 ⛅️ wrangler 4.127.1 (update available 4.132.0)
───────────────────────────────────────────────
Resource location: remote 

🌀 Executing on remote database jarvis-scratch-rehearsal-0916e (b211bbe8-149f-4c72-b008-e6db48059340):
🌀 To execute on your local development database, remove the --remote flag from your wrangler command.
🚣 Executed 1 command in 0.73ms
[
  {
    "results": [],
    "success": true,
    "meta": {
      "served_by": "v3-prod",
      "served_by_region": "ENAM",
      "served_by_colo": "EWR",
      "served_by_primary": true,
      "timings": {
        "sql_duration_ms": 0.729
      },
      "duration": 0.729,
      "changes": 0,
      "last_row_id": 10,
      "changed_db": true,
      "size_after": 831488,
      "rows_read": 2,
      "rows_written": 1,
      "total_attempts": 1
    }
  }
]

 ⛅️ wrangler 4.127.1 (update available 4.132.0)
───────────────────────────────────────────────
Resource location: remote 

🌀 Executing on remote database jarvis-scratch-rehearsal-0916e (b211bbe8-149f-4c72-b008-e6db48059340):
🌀 To execute on your local development database, remove the --remote flag from your wrangler command.
🚣 Executed 1 command in 0.36ms
[
  {
    "results": [],
    "success": true,
    "meta": {
      "served_by": "v3-prod",
      "served_by_region": "ENAM",
      "served_by_colo": "EWR",
      "served_by_primary": true,
      "timings": {
        "sql_duration_ms": 0.3592
      },
      "duration": 0.3592,
      "changes": 0,
      "last_row_id": 10,
      "changed_db": false,
      "size_after": 831488,
      "rows_read": 0,
      "rows_written": 1,
      "total_attempts": 1
    }
  }
]

 ⛅️ wrangler 4.127.1 (update available 4.132.0)
───────────────────────────────────────────────
Resource location: remote 

🌀 Executing on remote database jarvis-scratch-rehearsal-0916e (b211bbe8-149f-4c72-b008-e6db48059340):
🌀 To execute on your local development database, remove the --remote flag from your wrangler command.
🚣 Executed 1 command in 0.37ms
[
  {
    "results": [],
    "success": true,
    "meta": {
      "served_by": "v3-prod",
      "served_by_region": "ENAM",
      "served_by_colo": "EWR",
      "served_by_primary": true,
      "timings": {
        "sql_duration_ms": 0.3698
      },
      "duration": 0.3698,
      "changes": 0,
      "last_row_id": 10,
      "changed_db": false,
      "size_after": 831488,
      "rows_read": 0,
      "rows_written": 1,
      "total_attempts": 1
    }
  }
]

 ⛅️ wrangler 4.127.1 (update available 4.132.0)
───────────────────────────────────────────────
Resource location: remote 

🌀 Executing on remote database jarvis-scratch-rehearsal-0916e (b211bbe8-149f-4c72-b008-e6db48059340):
🌀 To execute on your local development database, remove the --remote flag from your wrangler command.
🚣 Executed 1 command in 0.76ms
[
  {
    "results": [],
    "success": true,
    "meta": {
      "served_by": "v3-prod",
      "served_by_region": "ENAM",
      "served_by_colo": "EWR",
      "served_by_primary": true,
      "timings": {
        "sql_duration_ms": 0.7581
      },
      "duration": 0.7581,
      "changes": 0,
      "last_row_id": 10,
      "changed_db": true,
      "size_after": 839680,
      "rows_read": 1,
      "rows_written": 3,
      "total_attempts": 1
    }
  }
]

 ⛅️ wrangler 4.127.1 (update available 4.132.0)
───────────────────────────────────────────────
Resource location: remote 

🌀 Executing on remote database jarvis-scratch-rehearsal-0916e (b211bbe8-149f-4c72-b008-e6db48059340):
🌀 To execute on your local development database, remove the --remote flag from your wrangler command.
🚣 Executed 1 command in 0.60ms
[
  {
    "results": [],
    "success": true,
    "meta": {
      "served_by": "v3-prod",
      "served_by_region": "ENAM",
      "served_by_colo": "EWR",
      "served_by_primary": true,
      "timings": {
        "sql_duration_ms": 0.6022
      },
      "duration": 0.6022,
      "changes": 0,
      "last_row_id": 10,
      "changed_db": true,
      "size_after": 843776,
      "rows_read": 2,
      "rows_written": 1,
      "total_attempts": 1
    }
  }
]

 ⛅️ wrangler 4.127.1 (update available 4.132.0)
───────────────────────────────────────────────
Resource location: remote 

🌀 Executing on remote database jarvis-scratch-rehearsal-0916e (b211bbe8-149f-4c72-b008-e6db48059340):
🌀 To execute on your local development database, remove the --remote flag from your wrangler command.
🚣 Executed 1 command in 0.23ms
[
  {
    "results": [],
    "success": true,
    "meta": {
      "served_by": "v3-prod",
      "served_by_region": "ENAM",
      "served_by_colo": "EWR",
      "served_by_primary": true,
      "timings": {
        "sql_duration_ms": 0.2279
      },
      "duration": 0.2279,
      "changes": 1,
      "last_row_id": 11,
      "changed_db": true,
      "size_after": 843776,
      "rows_read": 1,
      "rows_written": 3,
      "total_attempts": 1
    }
  }
]
BASELINE RECEIPT OK: 0011_deadlines.sql
Applying 0012_liveness.sql: 3 split statements.

 ⛅️ wrangler 4.127.1 (update available 4.132.0)
───────────────────────────────────────────────
Resource location: remote 

🌀 Executing on remote database jarvis-scratch-rehearsal-0916e (b211bbe8-149f-4c72-b008-e6db48059340):
🌀 To execute on your local development database, remove the --remote flag from your wrangler command.
🚣 Executed 1 command in 0.73ms
[
  {
    "results": [],
    "success": true,
    "meta": {
      "served_by": "v3-prod",
      "served_by_region": "ENAM",
      "served_by_colo": "EWR",
      "served_by_primary": true,
      "timings": {
        "sql_duration_ms": 0.7264
      },
      "duration": 0.7264,
      "changes": 0,
      "last_row_id": 11,
      "changed_db": true,
      "size_after": 851968,
      "rows_read": 1,
      "rows_written": 3,
      "total_attempts": 1
    }
  }
]

 ⛅️ wrangler 4.127.1 (update available 4.132.0)
───────────────────────────────────────────────
Resource location: remote 

🌀 Executing on remote database jarvis-scratch-rehearsal-0916e (b211bbe8-149f-4c72-b008-e6db48059340):
🌀 To execute on your local development database, remove the --remote flag from your wrangler command.
🚣 Executed 1 command in 0.54ms
[
  {
    "results": [],
    "success": true,
    "meta": {
      "served_by": "v3-prod",
      "served_by_region": "ENAM",
      "served_by_colo": "EWR",
      "served_by_primary": true,
      "timings": {
        "sql_duration_ms": 0.5394
      },
      "duration": 0.5394,
      "changes": 0,
      "last_row_id": 11,
      "changed_db": true,
      "size_after": 864256,
      "rows_read": 1,
      "rows_written": 3,
      "total_attempts": 1
    }
  }
]

 ⛅️ wrangler 4.127.1 (update available 4.132.0)
───────────────────────────────────────────────
Resource location: remote 

🌀 Executing on remote database jarvis-scratch-rehearsal-0916e (b211bbe8-149f-4c72-b008-e6db48059340):
🌀 To execute on your local development database, remove the --remote flag from your wrangler command.
🚣 Executed 1 command in 0.88ms
[
  {
    "results": [],
    "success": true,
    "meta": {
      "served_by": "v3-prod",
      "served_by_region": "ENAM",
      "served_by_colo": "EWR",
      "served_by_primary": true,
      "timings": {
        "sql_duration_ms": 0.8761
      },
      "duration": 0.8761,
      "changes": 0,
      "last_row_id": 11,
      "changed_db": true,
      "size_after": 868352,
      "rows_read": 2,
      "rows_written": 1,
      "total_attempts": 1
    }
  }
]

 ⛅️ wrangler 4.127.1 (update available 4.132.0)
───────────────────────────────────────────────
Resource location: remote 

🌀 Executing on remote database jarvis-scratch-rehearsal-0916e (b211bbe8-149f-4c72-b008-e6db48059340):
🌀 To execute on your local development database, remove the --remote flag from your wrangler command.
🚣 Executed 1 command in 0.20ms
[
  {
    "results": [],
    "success": true,
    "meta": {
      "served_by": "v3-prod",
      "served_by_region": "ENAM",
      "served_by_colo": "EWR",
      "served_by_primary": true,
      "timings": {
        "sql_duration_ms": 0.1955
      },
      "duration": 0.1955,
      "changes": 1,
      "last_row_id": 12,
      "changed_db": true,
      "size_after": 868352,
      "rows_read": 1,
      "rows_written": 3,
      "total_attempts": 1
    }
  }
]
BASELINE RECEIPT OK: 0012_liveness.sql
Applying 0013_scheduled_runs.sql: 2 split statements.

 ⛅️ wrangler 4.127.1 (update available 4.132.0)
───────────────────────────────────────────────
Resource location: remote 

🌀 Executing on remote database jarvis-scratch-rehearsal-0916e (b211bbe8-149f-4c72-b008-e6db48059340):
🌀 To execute on your local development database, remove the --remote flag from your wrangler command.
🚣 Executed 1 command in 0.69ms
[
  {
    "results": [],
    "success": true,
    "meta": {
      "served_by": "v3-prod",
      "served_by_region": "ENAM",
      "served_by_colo": "EWR",
      "served_by_primary": true,
      "timings": {
        "sql_duration_ms": 0.6891
      },
      "duration": 0.6891,
      "changes": 0,
      "last_row_id": 12,
      "changed_db": true,
      "size_after": 876544,
      "rows_read": 1,
      "rows_written": 3,
      "total_attempts": 1
    }
  }
]

 ⛅️ wrangler 4.127.1 (update available 4.132.0)
───────────────────────────────────────────────
Resource location: remote 

🌀 Executing on remote database jarvis-scratch-rehearsal-0916e (b211bbe8-149f-4c72-b008-e6db48059340):
🌀 To execute on your local development database, remove the --remote flag from your wrangler command.
🚣 Executed 1 command in 0.52ms
[
  {
    "results": [],
    "success": true,
    "meta": {
      "served_by": "v3-prod",
      "served_by_region": "ENAM",
      "served_by_colo": "EWR",
      "served_by_primary": true,
      "timings": {
        "sql_duration_ms": 0.5156
      },
      "duration": 0.5156,
      "changes": 0,
      "last_row_id": 12,
      "changed_db": true,
      "size_after": 880640,
      "rows_read": 2,
      "rows_written": 1,
      "total_attempts": 1
    }
  }
]

 ⛅️ wrangler 4.127.1 (update available 4.132.0)
───────────────────────────────────────────────
Resource location: remote 

🌀 Executing on remote database jarvis-scratch-rehearsal-0916e (b211bbe8-149f-4c72-b008-e6db48059340):
🌀 To execute on your local development database, remove the --remote flag from your wrangler command.
🚣 Executed 1 command in 0.22ms
[
  {
    "results": [],
    "success": true,
    "meta": {
      "served_by": "v3-prod",
      "served_by_region": "ENAM",
      "served_by_colo": "EWR",
      "served_by_primary": true,
      "timings": {
        "sql_duration_ms": 0.2224
      },
      "duration": 0.2224,
      "changes": 1,
      "last_row_id": 13,
      "changed_db": true,
      "size_after": 880640,
      "rows_read": 1,
      "rows_written": 3,
      "total_attempts": 1
    }
  }
]
BASELINE RECEIPT OK: 0013_scheduled_runs.sql
Applying 0014_memory_projection.sql: 29 split statements.

 ⛅️ wrangler 4.127.1 (update available 4.132.0)
───────────────────────────────────────────────
Resource location: remote 

🌀 Executing on remote database jarvis-scratch-rehearsal-0916e (b211bbe8-149f-4c72-b008-e6db48059340):
🌀 To execute on your local development database, remove the --remote flag from your wrangler command.
🚣 Executed 1 command in 1.40ms
[
  {
    "results": [],
    "success": true,
    "meta": {
      "served_by": "v3-prod",
      "served_by_region": "ENAM",
      "served_by_colo": "EWR",
      "served_by_primary": true,
      "timings": {
        "sql_duration_ms": 1.4025
      },
      "duration": 1.4025,
      "changes": 0,
      "last_row_id": 13,
      "changed_db": false,
      "size_after": 880640,
      "rows_read": 0,
      "rows_written": 0,
      "total_attempts": 1
    }
  }
]

 ⛅️ wrangler 4.127.1 (update available 4.132.0)
───────────────────────────────────────────────
Resource location: remote 

🌀 Executing on remote database jarvis-scratch-rehearsal-0916e (b211bbe8-149f-4c72-b008-e6db48059340):
🌀 To execute on your local development database, remove the --remote flag from your wrangler command.
🚣 Executed 1 command in 0.59ms
[
  {
    "results": [],
    "success": true,
    "meta": {
      "served_by": "v3-prod",
      "served_by_region": "ENAM",
      "served_by_colo": "EWR",
      "served_by_primary": true,
      "timings": {
        "sql_duration_ms": 0.5891
      },
      "duration": 0.5891,
      "changes": 0,
      "last_row_id": 13,
      "changed_db": true,
      "size_after": 884736,
      "rows_read": 1,
      "rows_written": 2,
      "total_attempts": 1
    }
  }
]

 ⛅️ wrangler 4.127.1 (update available 4.132.0)
───────────────────────────────────────────────
Resource location: remote 

🌀 Executing on remote database jarvis-scratch-rehearsal-0916e (b211bbe8-149f-4c72-b008-e6db48059340):
🌀 To execute on your local development database, remove the --remote flag from your wrangler command.
🚣 Executed 1 command in 1.32ms
[
  {
    "results": [],
    "success": true,
    "meta": {
      "served_by": "v3-prod",
      "served_by_region": "ENAM",
      "served_by_colo": "EWR",
      "served_by_primary": true,
      "timings": {
        "sql_duration_ms": 1.3216
      },
      "duration": 1.3216,
      "changes": 0,
      "last_row_id": 13,
      "changed_db": false,
      "size_after": 884736,
      "rows_read": 0,
      "rows_written": 1,
      "total_attempts": 1
    }
  }
]

 ⛅️ wrangler 4.127.1 (update available 4.132.0)
───────────────────────────────────────────────
Resource location: remote 

🌀 Executing on remote database jarvis-scratch-rehearsal-0916e (b211bbe8-149f-4c72-b008-e6db48059340):
🌀 To execute on your local development database, remove the --remote flag from your wrangler command.
🚣 Executed 1 command in 0.40ms
[
  {
    "results": [],
    "success": true,
    "meta": {
      "served_by": "v3-prod",
      "served_by_region": "ENAM",
      "served_by_colo": "EWR",
      "served_by_primary": true,
      "timings": {
        "sql_duration_ms": 0.4027
      },
      "duration": 0.4027,
      "changes": 0,
      "last_row_id": 13,
      "changed_db": true,
      "size_after": 888832,
      "rows_read": 0,
      "rows_written": 1,
      "total_attempts": 1
    }
  }
]

 ⛅️ wrangler 4.127.1 (update available 4.132.0)
───────────────────────────────────────────────
Resource location: remote 

🌀 Executing on remote database jarvis-scratch-rehearsal-0916e (b211bbe8-149f-4c72-b008-e6db48059340):
🌀 To execute on your local development database, remove the --remote flag from your wrangler command.
🚣 Executed 1 command in 1.15ms
[
  {
    "results": [],
    "success": true,
    "meta": {
      "served_by": "v3-prod",
      "served_by_region": "ENAM",
      "served_by_colo": "EWR",
      "served_by_primary": true,
      "timings": {
        "sql_duration_ms": 1.1542
      },
      "duration": 1.1542,
      "changes": 0,
      "last_row_id": 13,
      "changed_db": false,
      "size_after": 888832,
      "rows_read": 0,
      "rows_written": 1,
      "total_attempts": 1
    }
  }
]

 ⛅️ wrangler 4.127.1 (update available 4.132.0)
───────────────────────────────────────────────
Resource location: remote 

🌀 Executing on remote database jarvis-scratch-rehearsal-0916e (b211bbe8-149f-4c72-b008-e6db48059340):
🌀 To execute on your local development database, remove the --remote flag from your wrangler command.
🚣 Executed 1 command in 0.42ms
[
  {
    "results": [],
    "success": true,
    "meta": {
      "served_by": "v3-prod",
      "served_by_region": "ENAM",
      "served_by_colo": "EWR",
      "served_by_primary": true,
      "timings": {
        "sql_duration_ms": 0.4218
      },
      "duration": 0.4218,
      "changes": 0,
      "last_row_id": 13,
      "changed_db": false,
      "size_after": 888832,
      "rows_read": 0,
      "rows_written": 1,
      "total_attempts": 1
    }
  }
]

 ⛅️ wrangler 4.127.1 (update available 4.132.0)
───────────────────────────────────────────────
Resource location: remote 

🌀 Executing on remote database jarvis-scratch-rehearsal-0916e (b211bbe8-149f-4c72-b008-e6db48059340):
🌀 To execute on your local development database, remove the --remote flag from your wrangler command.
🚣 Executed 1 command in 0.56ms
[
  {
    "results": [],
    "success": true,
    "meta": {
      "served_by": "v3-prod",
      "served_by_region": "ENAM",
      "served_by_colo": "EWR",
      "served_by_primary": true,
      "timings": {
        "sql_duration_ms": 0.5575
      },
      "duration": 0.5575,
      "changes": 0,
      "last_row_id": 13,
      "changed_db": true,
      "size_after": 892928,
      "rows_read": 1,
      "rows_written": 2,
      "total_attempts": 1
    }
  }
]

 ⛅️ wrangler 4.127.1 (update available 4.132.0)
───────────────────────────────────────────────
Resource location: remote 

🌀 Executing on remote database jarvis-scratch-rehearsal-0916e (b211bbe8-149f-4c72-b008-e6db48059340):
🌀 To execute on your local development database, remove the --remote flag from your wrangler command.
🚣 Executed 1 command in 0.58ms
[
  {
    "results": [],
    "success": true,
    "meta": {
      "served_by": "v3-prod",
      "served_by_region": "ENAM",
      "served_by_colo": "EWR",
      "served_by_primary": true,
      "timings": {
        "sql_duration_ms": 0.5839
      },
      "duration": 0.5839,
      "changes": 0,
      "last_row_id": 13,
      "changed_db": false,
      "size_after": 892928,
      "rows_read": 0,
      "rows_written": 1,
      "total_attempts": 1
    }
  }
]

 ⛅️ wrangler 4.127.1 (update available 4.132.0)
───────────────────────────────────────────────
Resource location: remote 

🌀 Executing on remote database jarvis-scratch-rehearsal-0916e (b211bbe8-149f-4c72-b008-e6db48059340):
🌀 To execute on your local development database, remove the --remote flag from your wrangler command.
🚣 Executed 1 command in 0.70ms
[
  {
    "results": [],
    "success": true,
    "meta": {
      "served_by": "v3-prod",
      "served_by_region": "ENAM",
      "served_by_colo": "EWR",
      "served_by_primary": true,
      "timings": {
        "sql_duration_ms": 0.6975
      },
      "duration": 0.6975,
      "changes": 0,
      "last_row_id": 13,
      "changed_db": true,
      "size_after": 901120,
      "rows_read": 1,
      "rows_written": 2,
      "total_attempts": 1
    }
  }
]

 ⛅️ wrangler 4.127.1 (update available 4.132.0)
───────────────────────────────────────────────
Resource location: remote 

🌀 Executing on remote database jarvis-scratch-rehearsal-0916e (b211bbe8-149f-4c72-b008-e6db48059340):
🌀 To execute on your local development database, remove the --remote flag from your wrangler command.
🚣 Executed 1 command in 0.61ms
[
  {
    "results": [],
    "success": true,
    "meta": {
      "served_by": "v3-prod",
      "served_by_region": "ENAM",
      "served_by_colo": "EWR",
      "served_by_primary": true,
      "timings": {
        "sql_duration_ms": 0.61
      },
      "duration": 0.61,
      "changes": 0,
      "last_row_id": 13,
      "changed_db": false,
      "size_after": 901120,
      "rows_read": 0,
      "rows_written": 1,
      "total_attempts": 1
    }
  }
]

 ⛅️ wrangler 4.127.1 (update available 4.132.0)
───────────────────────────────────────────────
Resource location: remote 

🌀 Executing on remote database jarvis-scratch-rehearsal-0916e (b211bbe8-149f-4c72-b008-e6db48059340):
🌀 To execute on your local development database, remove the --remote flag from your wrangler command.
🚣 Executed 1 command in 0.73ms
[
  {
    "results": [],
    "success": true,
    "meta": {
      "served_by": "v3-prod",
      "served_by_region": "ENAM",
      "served_by_colo": "EWR",
      "served_by_primary": true,
      "timings": {
        "sql_duration_ms": 0.7316
      },
      "duration": 0.7316,
      "changes": 0,
      "last_row_id": 13,
      "changed_db": true,
      "size_after": 905216,
      "rows_read": 1,
      "rows_written": 2,
      "total_attempts": 1
    }
  }
]

 ⛅️ wrangler 4.127.1 (update available 4.132.0)
───────────────────────────────────────────────
Resource location: remote 

🌀 Executing on remote database jarvis-scratch-rehearsal-0916e (b211bbe8-149f-4c72-b008-e6db48059340):
🌀 To execute on your local development database, remove the --remote flag from your wrangler command.
🚣 Executed 1 command in 0.47ms
[
  {
    "results": [],
    "success": true,
    "meta": {
      "served_by": "v3-prod",
      "served_by_region": "ENAM",
      "served_by_colo": "EWR",
      "served_by_primary": true,
      "timings": {
        "sql_duration_ms": 0.4665
      },
      "duration": 0.4665,
      "changes": 0,
      "last_row_id": 13,
      "changed_db": true,
      "size_after": 909312,
      "rows_read": 0,
      "rows_written": 1,
      "total_attempts": 1
    }
  }
]

 ⛅️ wrangler 4.127.1 (update available 4.132.0)
───────────────────────────────────────────────
Resource location: remote 

🌀 Executing on remote database jarvis-scratch-rehearsal-0916e (b211bbe8-149f-4c72-b008-e6db48059340):
🌀 To execute on your local development database, remove the --remote flag from your wrangler command.
🚣 Executed 1 command in 0.98ms
[
  {
    "results": [],
    "success": true,
    "meta": {
      "served_by": "v3-prod",
      "served_by_region": "ENAM",
      "served_by_colo": "EWR",
      "served_by_primary": true,
      "timings": {
        "sql_duration_ms": 0.9845
      },
      "duration": 0.9845,
      "changes": 0,
      "last_row_id": 13,
      "changed_db": true,
      "size_after": 921600,
      "rows_read": 1,
      "rows_written": 4,
      "total_attempts": 1
    }
  }
]

 ⛅️ wrangler 4.127.1 (update available 4.132.0)
───────────────────────────────────────────────
Resource location: remote 

🌀 Executing on remote database jarvis-scratch-rehearsal-0916e (b211bbe8-149f-4c72-b008-e6db48059340):
🌀 To execute on your local development database, remove the --remote flag from your wrangler command.
🚣 Executed 1 command in 1.89ms
[
  {
    "results": [],
    "success": true,
    "meta": {
      "served_by": "v3-prod",
      "served_by_region": "ENAM",
      "served_by_colo": "EWR",
      "served_by_primary": true,
      "timings": {
        "sql_duration_ms": 1.889
      },
      "duration": 1.889,
      "changes": 3,
      "last_row_id": 10,
      "changed_db": true,
      "size_after": 942080,
      "rows_read": 1,
      "rows_written": 2,
      "total_attempts": 1
    }
  }
]

 ⛅️ wrangler 4.127.1 (update available 4.132.0)
───────────────────────────────────────────────
Resource location: remote 

🌀 Executing on remote database jarvis-scratch-rehearsal-0916e (b211bbe8-149f-4c72-b008-e6db48059340):
🌀 To execute on your local development database, remove the --remote flag from your wrangler command.
🚣 Executed 1 command in 0.70ms
[
  {
    "results": [],
    "success": true,
    "meta": {
      "served_by": "v3-prod",
      "served_by_region": "ENAM",
      "served_by_colo": "EWR",
      "served_by_primary": true,
      "timings": {
        "sql_duration_ms": 0.6985
      },
      "duration": 0.6985,
      "changes": 0,
      "last_row_id": 10,
      "changed_db": false,
      "size_after": 942080,
      "rows_read": 0,
      "rows_written": 1,
      "total_attempts": 1
    }
  }
]

 ⛅️ wrangler 4.127.1 (update available 4.132.0)
───────────────────────────────────────────────
Resource location: remote 

🌀 Executing on remote database jarvis-scratch-rehearsal-0916e (b211bbe8-149f-4c72-b008-e6db48059340):
🌀 To execute on your local development database, remove the --remote flag from your wrangler command.
🚣 Executed 1 command in 0.44ms
[
  {
    "results": [],
    "success": true,
    "meta": {
      "served_by": "v3-prod",
      "served_by_region": "ENAM",
      "served_by_colo": "EWR",
      "served_by_primary": true,
      "timings": {
        "sql_duration_ms": 0.4424
      },
      "duration": 0.4424,
      "changes": 0,
      "last_row_id": 10,
      "changed_db": false,
      "size_after": 942080,
      "rows_read": 0,
      "rows_written": 1,
      "total_attempts": 1
    }
  }
]

 ⛅️ wrangler 4.127.1 (update available 4.132.0)
───────────────────────────────────────────────
Resource location: remote 

🌀 Executing on remote database jarvis-scratch-rehearsal-0916e (b211bbe8-149f-4c72-b008-e6db48059340):
🌀 To execute on your local development database, remove the --remote flag from your wrangler command.
🚣 Executed 1 command in 0.47ms
[
  {
    "results": [],
    "success": true,
    "meta": {
      "served_by": "v3-prod",
      "served_by_region": "ENAM",
      "served_by_colo": "EWR",
      "served_by_primary": true,
      "timings": {
        "sql_duration_ms": 0.4722
      },
      "duration": 0.4722,
      "changes": 0,
      "last_row_id": 10,
      "changed_db": false,
      "size_after": 942080,
      "rows_read": 0,
      "rows_written": 1,
      "total_attempts": 1
    }
  }
]

 ⛅️ wrangler 4.127.1 (update available 4.132.0)
───────────────────────────────────────────────
Resource location: remote 

🌀 Executing on remote database jarvis-scratch-rehearsal-0916e (b211bbe8-149f-4c72-b008-e6db48059340):
🌀 To execute on your local development database, remove the --remote flag from your wrangler command.
🚣 Executed 1 command in 0.39ms
[
  {
    "results": [],
    "success": true,
    "meta": {
      "served_by": "v3-prod",
      "served_by_region": "ENAM",
      "served_by_colo": "EWR",
      "served_by_primary": true,
      "timings": {
        "sql_duration_ms": 0.3921
      },
      "duration": 0.3921,
      "changes": 0,
      "last_row_id": 10,
      "changed_db": false,
      "size_after": 942080,
      "rows_read": 0,
      "rows_written": 1,
      "total_attempts": 1
    }
  }
]

 ⛅️ wrangler 4.127.1 (update available 4.132.0)
───────────────────────────────────────────────
Resource location: remote 

🌀 Executing on remote database jarvis-scratch-rehearsal-0916e (b211bbe8-149f-4c72-b008-e6db48059340):
🌀 To execute on your local development database, remove the --remote flag from your wrangler command.
🚣 Executed 1 command in 0.53ms
[
  {
    "results": [],
    "success": true,
    "meta": {
      "served_by": "v3-prod",
      "served_by_region": "ENAM",
      "served_by_colo": "EWR",
      "served_by_primary": true,
      "timings": {
        "sql_duration_ms": 0.5296
      },
      "duration": 0.5296,
      "changes": 0,
      "last_row_id": 10,
      "changed_db": false,
      "size_after": 942080,
      "rows_read": 0,
      "rows_written": 1,
      "total_attempts": 1
    }
  }
]

 ⛅️ wrangler 4.127.1 (update available 4.132.0)
───────────────────────────────────────────────
Resource location: remote 

🌀 Executing on remote database jarvis-scratch-rehearsal-0916e (b211bbe8-149f-4c72-b008-e6db48059340):
🌀 To execute on your local development database, remove the --remote flag from your wrangler command.
🚣 Executed 1 command in 0.72ms
[
  {
    "results": [],
    "success": true,
    "meta": {
      "served_by": "v3-prod",
      "served_by_region": "ENAM",
      "served_by_colo": "EWR",
      "served_by_primary": true,
      "timings": {
        "sql_duration_ms": 0.7163
      },
      "duration": 0.7163,
      "changes": 0,
      "last_row_id": 10,
      "changed_db": false,
      "size_after": 942080,
      "rows_read": 0,
      "rows_written": 1,
      "total_attempts": 1
    }
  }
]

 ⛅️ wrangler 4.127.1 (update available 4.132.0)
───────────────────────────────────────────────
Resource location: remote 

🌀 Executing on remote database jarvis-scratch-rehearsal-0916e (b211bbe8-149f-4c72-b008-e6db48059340):
🌀 To execute on your local development database, remove the --remote flag from your wrangler command.
🚣 Executed 1 command in 0.94ms
[
  {
    "results": [],
    "success": true,
    "meta": {
      "served_by": "v3-prod",
      "served_by_region": "ENAM",
      "served_by_colo": "EWR",
      "served_by_primary": true,
      "timings": {
        "sql_duration_ms": 0.9372
      },
      "duration": 0.9372,
      "changes": 0,
      "last_row_id": 10,
      "changed_db": true,
      "size_after": 946176,
      "rows_read": 0,
      "rows_written": 1,
      "total_attempts": 1
    }
  }
]

 ⛅️ wrangler 4.127.1 (update available 4.132.0)
───────────────────────────────────────────────
Resource location: remote 

🌀 Executing on remote database jarvis-scratch-rehearsal-0916e (b211bbe8-149f-4c72-b008-e6db48059340):
🌀 To execute on your local development database, remove the --remote flag from your wrangler command.
🚣 Executed 1 command in 0.39ms
[
  {
    "results": [],
    "success": true,
    "meta": {
      "served_by": "v3-prod",
      "served_by_region": "ENAM",
      "served_by_colo": "EWR",
      "served_by_primary": true,
      "timings": {
        "sql_duration_ms": 0.3924
      },
      "duration": 0.3924,
      "changes": 0,
      "last_row_id": 10,
      "changed_db": false,
      "size_after": 946176,
      "rows_read": 0,
      "rows_written": 1,
      "total_attempts": 1
    }
  }
]

 ⛅️ wrangler 4.127.1 (update available 4.132.0)
───────────────────────────────────────────────
Resource location: remote 

🌀 Executing on remote database jarvis-scratch-rehearsal-0916e (b211bbe8-149f-4c72-b008-e6db48059340):
🌀 To execute on your local development database, remove the --remote flag from your wrangler command.
🚣 Executed 1 command in 0.43ms
[
  {
    "results": [],
    "success": true,
    "meta": {
      "served_by": "v3-prod",
      "served_by_region": "ENAM",
      "served_by_colo": "EWR",
      "served_by_primary": true,
      "timings": {
        "sql_duration_ms": 0.4304
      },
      "duration": 0.4304,
      "changes": 0,
      "last_row_id": 10,
      "changed_db": false,
      "size_after": 946176,
      "rows_read": 0,
      "rows_written": 1,
      "total_attempts": 1
    }
  }
]

 ⛅️ wrangler 4.127.1 (update available 4.132.0)
───────────────────────────────────────────────
Resource location: remote 

🌀 Executing on remote database jarvis-scratch-rehearsal-0916e (b211bbe8-149f-4c72-b008-e6db48059340):
🌀 To execute on your local development database, remove the --remote flag from your wrangler command.
🚣 Executed 1 command in 0.43ms
[
  {
    "results": [],
    "success": true,
    "meta": {
      "served_by": "v3-prod",
      "served_by_region": "ENAM",
      "served_by_colo": "EWR",
      "served_by_primary": true,
      "timings": {
        "sql_duration_ms": 0.4333
      },
      "duration": 0.4333,
      "changes": 0,
      "last_row_id": 10,
      "changed_db": false,
      "size_after": 946176,
      "rows_read": 0,
      "rows_written": 1,
      "total_attempts": 1
    }
  }
]

 ⛅️ wrangler 4.127.1 (update available 4.132.0)
───────────────────────────────────────────────
Resource location: remote 

🌀 Executing on remote database jarvis-scratch-rehearsal-0916e (b211bbe8-149f-4c72-b008-e6db48059340):
🌀 To execute on your local development database, remove the --remote flag from your wrangler command.
🚣 Executed 1 command in 0.45ms
[
  {
    "results": [],
    "success": true,
    "meta": {
      "served_by": "v3-prod",
      "served_by_region": "ENAM",
      "served_by_colo": "EWR",
      "served_by_primary": true,
      "timings": {
        "sql_duration_ms": 0.4456
      },
      "duration": 0.4456,
      "changes": 0,
      "last_row_id": 10,
      "changed_db": false,
      "size_after": 946176,
      "rows_read": 0,
      "rows_written": 1,
      "total_attempts": 1
    }
  }
]

 ⛅️ wrangler 4.127.1 (update available 4.132.0)
───────────────────────────────────────────────
Resource location: remote 

🌀 Executing on remote database jarvis-scratch-rehearsal-0916e (b211bbe8-149f-4c72-b008-e6db48059340):
🌀 To execute on your local development database, remove the --remote flag from your wrangler command.
🚣 Executed 1 command in 0.57ms
[
  {
    "results": [],
    "success": true,
    "meta": {
      "served_by": "v3-prod",
      "served_by_region": "ENAM",
      "served_by_colo": "EWR",
      "served_by_primary": true,
      "timings": {
        "sql_duration_ms": 0.5708
      },
      "duration": 0.5708,
      "changes": 0,
      "last_row_id": 10,
      "changed_db": true,
      "size_after": 950272,
      "rows_read": 1,
      "rows_written": 2,
      "total_attempts": 1
    }
  }
]

 ⛅️ wrangler 4.127.1 (update available 4.132.0)
───────────────────────────────────────────────
Resource location: remote 

🌀 Executing on remote database jarvis-scratch-rehearsal-0916e (b211bbe8-149f-4c72-b008-e6db48059340):
🌀 To execute on your local development database, remove the --remote flag from your wrangler command.
🚣 Executed 1 command in 0.65ms
[
  {
    "results": [],
    "success": true,
    "meta": {
      "served_by": "v3-prod",
      "served_by_region": "ENAM",
      "served_by_colo": "EWR",
      "served_by_primary": true,
      "timings": {
        "sql_duration_ms": 0.649
      },
      "duration": 0.649,
      "changes": 0,
      "last_row_id": 10,
      "changed_db": true,
      "size_after": 954368,
      "rows_read": 0,
      "rows_written": 1,
      "total_attempts": 1
    }
  }
]

 ⛅️ wrangler 4.127.1 (update available 4.132.0)
───────────────────────────────────────────────
Resource location: remote 

🌀 Executing on remote database jarvis-scratch-rehearsal-0916e (b211bbe8-149f-4c72-b008-e6db48059340):
🌀 To execute on your local development database, remove the --remote flag from your wrangler command.
🚣 Executed 1 command in 0.38ms
[
  {
    "results": [],
    "success": true,
    "meta": {
      "served_by": "v3-prod",
      "served_by_region": "ENAM",
      "served_by_colo": "EWR",
      "served_by_primary": true,
      "timings": {
        "sql_duration_ms": 0.3765
      },
      "duration": 0.3765,
      "changes": 0,
      "last_row_id": 10,
      "changed_db": false,
      "size_after": 954368,
      "rows_read": 0,
      "rows_written": 1,
      "total_attempts": 1
    }
  }
]

 ⛅️ wrangler 4.127.1 (update available 4.132.0)
───────────────────────────────────────────────
Resource location: remote 

🌀 Executing on remote database jarvis-scratch-rehearsal-0916e (b211bbe8-149f-4c72-b008-e6db48059340):
🌀 To execute on your local development database, remove the --remote flag from your wrangler command.
🚣 Executed 1 command in 0.56ms
[
  {
    "results": [],
    "success": true,
    "meta": {
      "served_by": "v3-prod",
      "served_by_region": "ENAM",
      "served_by_colo": "EWR",
      "served_by_primary": true,
      "timings": {
        "sql_duration_ms": 0.563
      },
      "duration": 0.563,
      "changes": 0,
      "last_row_id": 10,
      "changed_db": false,
      "size_after": 954368,
      "rows_read": 0,
      "rows_written": 1,
      "total_attempts": 1
    }
  }
]

 ⛅️ wrangler 4.127.1 (update available 4.132.0)
───────────────────────────────────────────────
Resource location: remote 

🌀 Executing on remote database jarvis-scratch-rehearsal-0916e (b211bbe8-149f-4c72-b008-e6db48059340):
🌀 To execute on your local development database, remove the --remote flag from your wrangler command.
🚣 Executed 1 command in 0.21ms
[
  {
    "results": [],
    "success": true,
    "meta": {
      "served_by": "v3-prod",
      "served_by_region": "ENAM",
      "served_by_colo": "EWR",
      "served_by_primary": true,
      "timings": {
        "sql_duration_ms": 0.2107
      },
      "duration": 0.2107,
      "changes": 1,
      "last_row_id": 14,
      "changed_db": true,
      "size_after": 954368,
      "rows_read": 1,
      "rows_written": 3,
      "total_attempts": 1
    }
  }
]
BASELINE RECEIPT OK: 0014_memory_projection.sql
Applying 0015_voice_runtime.sql: 11 split statements.

 ⛅️ wrangler 4.127.1 (update available 4.132.0)
───────────────────────────────────────────────
Resource location: remote 

🌀 Executing on remote database jarvis-scratch-rehearsal-0916e (b211bbe8-149f-4c72-b008-e6db48059340):
🌀 To execute on your local development database, remove the --remote flag from your wrangler command.
🚣 Executed 1 command in 0.65ms
[
  {
    "results": [],
    "success": true,
    "meta": {
      "served_by": "v3-prod",
      "served_by_region": "ENAM",
      "served_by_colo": "EWR",
      "served_by_primary": true,
      "timings": {
        "sql_duration_ms": 0.6521
      },
      "duration": 0.6521,
      "changes": 0,
      "last_row_id": 14,
      "changed_db": true,
      "size_after": 962560,
      "rows_read": 1,
      "rows_written": 3,
      "total_attempts": 1
    }
  }
]

 ⛅️ wrangler 4.127.1 (update available 4.132.0)
───────────────────────────────────────────────
Resource location: remote 

🌀 Executing on remote database jarvis-scratch-rehearsal-0916e (b211bbe8-149f-4c72-b008-e6db48059340):
🌀 To execute on your local development database, remove the --remote flag from your wrangler command.
🚣 Executed 1 command in 0.45ms
[
  {
    "results": [],
    "success": true,
    "meta": {
      "served_by": "v3-prod",
      "served_by_region": "ENAM",
      "served_by_colo": "EWR",
      "served_by_primary": true,
      "timings": {
        "sql_duration_ms": 0.4481
      },
      "duration": 0.4481,
      "changes": 0,
      "last_row_id": 14,
      "changed_db": true,
      "size_after": 970752,
      "rows_read": 1,
      "rows_written": 2,
      "total_attempts": 1
    }
  }
]

 ⛅️ wrangler 4.127.1 (update available 4.132.0)
───────────────────────────────────────────────
Resource location: remote 

🌀 Executing on remote database jarvis-scratch-rehearsal-0916e (b211bbe8-149f-4c72-b008-e6db48059340):
🌀 To execute on your local development database, remove the --remote flag from your wrangler command.
🚣 Executed 1 command in 0.31ms
[
  {
    "results": [],
    "success": true,
    "meta": {
      "served_by": "v3-prod",
      "served_by_region": "ENAM",
      "served_by_colo": "EWR",
      "served_by_primary": true,
      "timings": {
        "sql_duration_ms": 0.3073
      },
      "duration": 0.3073,
      "changes": 1,
      "last_row_id": 1,
      "changed_db": true,
      "size_after": 970752,
      "rows_read": 1,
      "rows_written": 1,
      "total_attempts": 1
    }
  }
]

 ⛅️ wrangler 4.127.1 (update available 4.132.0)
───────────────────────────────────────────────
Resource location: remote 

🌀 Executing on remote database jarvis-scratch-rehearsal-0916e (b211bbe8-149f-4c72-b008-e6db48059340):
🌀 To execute on your local development database, remove the --remote flag from your wrangler command.
🚣 Executed 1 command in 8.39ms
[
  {
    "results": [],
    "success": true,
    "meta": {
      "served_by": "v3-prod",
      "served_by_region": "ENAM",
      "served_by_colo": "EWR",
      "served_by_primary": true,
      "timings": {
        "sql_duration_ms": 8.3852
      },
      "duration": 8.3852,
      "changes": 0,
      "last_row_id": 1,
      "changed_db": false,
      "size_after": 970752,
      "rows_read": 306,
      "rows_written": 1,
      "total_attempts": 1
    }
  }
]

 ⛅️ wrangler 4.127.1 (update available 4.132.0)
───────────────────────────────────────────────
Resource location: remote 

🌀 Executing on remote database jarvis-scratch-rehearsal-0916e (b211bbe8-149f-4c72-b008-e6db48059340):
🌀 To execute on your local development database, remove the --remote flag from your wrangler command.
🚣 Executed 1 command in 0.48ms
[
  {
    "results": [],
    "success": true,
    "meta": {
      "served_by": "v3-prod",
      "served_by_region": "ENAM",
      "served_by_colo": "EWR",
      "served_by_primary": true,
      "timings": {
        "sql_duration_ms": 0.4793
      },
      "duration": 0.4793,
      "changes": 0,
      "last_row_id": 1,
      "changed_db": false,
      "size_after": 970752,
      "rows_read": 2,
      "rows_written": 0,
      "total_attempts": 1
    }
  }
]

 ⛅️ wrangler 4.127.1 (update available 4.132.0)
───────────────────────────────────────────────
Resource location: remote 

🌀 Executing on remote database jarvis-scratch-rehearsal-0916e (b211bbe8-149f-4c72-b008-e6db48059340):
🌀 To execute on your local development database, remove the --remote flag from your wrangler command.
🚣 Executed 1 command in 1.43ms
[
  {
    "results": [],
    "success": true,
    "meta": {
      "served_by": "v3-prod",
      "served_by_region": "ENAM",
      "served_by_colo": "EWR",
      "served_by_primary": true,
      "timings": {
        "sql_duration_ms": 1.4342
      },
      "duration": 1.4342,
      "changes": 0,
      "last_row_id": 1,
      "changed_db": false,
      "size_after": 970752,
      "rows_read": 0,
      "rows_written": 1,
      "total_attempts": 1
    }
  }
]

 ⛅️ wrangler 4.127.1 (update available 4.132.0)
───────────────────────────────────────────────
Resource location: remote 

🌀 Executing on remote database jarvis-scratch-rehearsal-0916e (b211bbe8-149f-4c72-b008-e6db48059340):
🌀 To execute on your local development database, remove the --remote flag from your wrangler command.
🚣 Executed 1 command in 0.44ms
[
  {
    "results": [],
    "success": true,
    "meta": {
      "served_by": "v3-prod",
      "served_by_region": "ENAM",
      "served_by_colo": "EWR",
      "served_by_primary": true,
      "timings": {
        "sql_duration_ms": 0.4398
      },
      "duration": 0.4398,
      "changes": 0,
      "last_row_id": 1,
      "changed_db": false,
      "size_after": 970752,
      "rows_read": 0,
      "rows_written": 1,
      "total_attempts": 1
    }
  }
]

 ⛅️ wrangler 4.127.1 (update available 4.132.0)
───────────────────────────────────────────────
Resource location: remote 

🌀 Executing on remote database jarvis-scratch-rehearsal-0916e (b211bbe8-149f-4c72-b008-e6db48059340):
🌀 To execute on your local development database, remove the --remote flag from your wrangler command.
🚣 Executed 1 command in 0.94ms
[
  {
    "results": [],
    "success": true,
    "meta": {
      "served_by": "v3-prod",
      "served_by_region": "ENAM",
      "served_by_colo": "EWR",
      "served_by_primary": true,
      "timings": {
        "sql_duration_ms": 0.9437
      },
      "duration": 0.9437,
      "changes": 0,
      "last_row_id": 1,
      "changed_db": false,
      "size_after": 970752,
      "rows_read": 0,
      "rows_written": 1,
      "total_attempts": 1
    }
  }
]

 ⛅️ wrangler 4.127.1 (update available 4.132.0)
───────────────────────────────────────────────
Resource location: remote 

🌀 Executing on remote database jarvis-scratch-rehearsal-0916e (b211bbe8-149f-4c72-b008-e6db48059340):
🌀 To execute on your local development database, remove the --remote flag from your wrangler command.
🚣 Executed 1 command in 0.48ms
[
  {
    "results": [],
    "success": true,
    "meta": {
      "served_by": "v3-prod",
      "served_by_region": "ENAM",
      "served_by_colo": "EWR",
      "served_by_primary": true,
      "timings": {
        "sql_duration_ms": 0.4761
      },
      "duration": 0.4761,
      "changes": 0,
      "last_row_id": 1,
      "changed_db": false,
      "size_after": 970752,
      "rows_read": 0,
      "rows_written": 1,
      "total_attempts": 1
    }
  }
]

 ⛅️ wrangler 4.127.1 (update available 4.132.0)
───────────────────────────────────────────────
Resource location: remote 

🌀 Executing on remote database jarvis-scratch-rehearsal-0916e (b211bbe8-149f-4c72-b008-e6db48059340):
🌀 To execute on your local development database, remove the --remote flag from your wrangler command.
🚣 Executed 1 command in 1.26ms
[
  {
    "results": [],
    "success": true,
    "meta": {
      "served_by": "v3-prod",
      "served_by_region": "ENAM",
      "served_by_colo": "EWR",
      "served_by_primary": true,
      "timings": {
        "sql_duration_ms": 1.2583
      },
      "duration": 1.2583,
      "changes": 0,
      "last_row_id": 1,
      "changed_db": true,
      "size_after": 974848,
      "rows_read": 0,
      "rows_written": 1,
      "total_attempts": 1
    }
  }
]

 ⛅️ wrangler 4.127.1 (update available 4.132.0)
───────────────────────────────────────────────
Resource location: remote 

🌀 Executing on remote database jarvis-scratch-rehearsal-0916e (b211bbe8-149f-4c72-b008-e6db48059340):
🌀 To execute on your local development database, remove the --remote flag from your wrangler command.
🚣 Executed 1 command in 0.68ms
[
  {
    "results": [],
    "success": true,
    "meta": {
      "served_by": "v3-prod",
      "served_by_region": "ENAM",
      "served_by_colo": "EWR",
      "served_by_primary": true,
      "timings": {
        "sql_duration_ms": 0.6755
      },
      "duration": 0.6755,
      "changes": 0,
      "last_row_id": 1,
      "changed_db": true,
      "size_after": 978944,
      "rows_read": 2,
      "rows_written": 1,
      "total_attempts": 1
    }
  }
]

 ⛅️ wrangler 4.127.1 (update available 4.132.0)
───────────────────────────────────────────────
Resource location: remote 

🌀 Executing on remote database jarvis-scratch-rehearsal-0916e (b211bbe8-149f-4c72-b008-e6db48059340):
🌀 To execute on your local development database, remove the --remote flag from your wrangler command.
🚣 Executed 1 command in 0.22ms
[
  {
    "results": [],
    "success": true,
    "meta": {
      "served_by": "v3-prod",
      "served_by_region": "ENAM",
      "served_by_colo": "EWR",
      "served_by_primary": true,
      "timings": {
        "sql_duration_ms": 0.2182
      },
      "duration": 0.2182,
      "changes": 1,
      "last_row_id": 15,
      "changed_db": true,
      "size_after": 978944,
      "rows_read": 1,
      "rows_written": 3,
      "total_attempts": 1
    }
  }
]
BASELINE RECEIPT OK: 0015_voice_runtime.sql
SCRATCH BASELINE OK: 15/15 receipts through 0015.

 ⛅️ wrangler 4.127.1 (update available 4.132.0)
───────────────────────────────────────────────
Resource location: remote 

🌀 Executing on remote database jarvis-scratch-rehearsal-0916e (b211bbe8-149f-4c72-b008-e6db48059340):
🌀 To execute on your local development database, remove the --remote flag from your wrangler command.
🚣 Executed 1 command in 0.60ms
[
  {
    "results": [
      {
        "name": "0001_foundation.sql"
      },
      {
        "name": "0002_foundation_hardening.sql"
      },
      {
        "name": "0003_calling.sql"
      },
      {
        "name": "0004_call_sessions.sql"
      },
      {
        "name": "0005_conversation.sql"
      },
      {
        "name": "0006_voice_access.sql"
      },
      {
        "name": "0007_voice_access_boundaries.sql"
      },
      {
        "name": "0008_autonomy.sql"
      },
      {
        "name": "0009_decisions.sql"
      },
      {
        "name": "0010_projects.sql"
      },
      {
        "name": "0011_deadlines.sql"
      },
      {
        "name": "0012_liveness.sql"
      },
      {
        "name": "0013_scheduled_runs.sql"
      },
      {
        "name": "0014_memory_projection.sql"
      },
      {
        "name": "0015_voice_runtime.sql"
      }
    ],
    "success": true,
    "meta": {
      "served_by": "v3-prod",
      "served_by_region": "ENAM",
      "served_by_colo": "EWR",
      "served_by_primary": true,
      "timings": {
        "sql_duration_ms": 0.6021
      },
      "duration": 0.6021,
      "changes": 0,
      "last_row_id": 15,
      "changed_db": false,
      "size_after": 978944,
      "rows_read": 45,
      "rows_written": 0,
      "total_attempts": 1
    }
  }
]
SCRATCH BASELINE RECEIPTS OK: 15/15 through 0015.
===== RUNBOOK STEP 4 =====
PROMPT: Confirmed non-production scratch D1 name
PROMPT: Absolute SCRATCH CONFIG OUTSIDE REPO path from step 2

 ⛅️ wrangler 4.127.1 (update available 4.132.0)
───────────────────────────────────────────────
Resource location: remote 

🌀 Executing on remote database jarvis-scratch-rehearsal-0916e (b211bbe8-149f-4c72-b008-e6db48059340):
🌀 To execute on your local development database, remove the --remote flag from your wrangler command.
🚣 Executed 4 commands in 1.88ms
[
  {
    "results": [],
    "success": true,
    "meta": {
      "served_by": "v3-prod",
      "served_by_region": "ENAM",
      "served_by_colo": "EWR",
      "served_by_primary": true,
      "timings": {
        "sql_duration_ms": 0.2591
      },
      "duration": 0.2591,
      "changes": 1,
      "last_row_id": 1,
      "changed_db": true,
      "size_after": 978944,
      "rows_read": 1,
      "rows_written": 2,
      "total_attempts": 1
    }
  },
  {
    "results": [],
    "success": true,
    "meta": {
      "served_by": "v3-prod",
      "served_by_region": "ENAM",
      "served_by_colo": "EWR",
      "served_by_primary": true,
      "timings": {
        "sql_duration_ms": 0.3044
      },
      "duration": 0.3044,
      "changes": 1,
      "last_row_id": 1,
      "changed_db": true,
      "size_after": 978944,
      "rows_read": 0,
      "rows_written": 8,
      "total_attempts": 1
    }
  },
  {
    "results": [],
    "success": true,
    "meta": {
      "served_by": "v3-prod",
      "served_by_region": "ENAM",
      "served_by_colo": "EWR",
      "served_by_primary": true,
      "timings": {
        "sql_duration_ms": 0.2332
      },
      "duration": 0.2332,
      "changes": 1,
      "last_row_id": 1,
      "changed_db": true,
      "size_after": 978944,
      "rows_read": 2,
      "rows_written": 4,
      "total_attempts": 1
    }
  },
  {
    "results": [],
    "success": true,
    "meta": {
      "served_by": "v3-prod",
      "served_by_region": "ENAM",
      "served_by_colo": "EWR",
      "served_by_primary": true,
      "timings": {
        "sql_duration_ms": 1.0838
      },
      "duration": 1.0838,
      "changes": 1,
      "last_row_id": 1,
      "changed_db": true,
      "size_after": 978944,
      "rows_read": 1,
      "rows_written": 5,
      "total_attempts": 1
    }
  }
]

 ⛅️ wrangler 4.127.1 (update available 4.132.0)
───────────────────────────────────────────────
Resource location: remote 

🌀 Executing on remote database jarvis-scratch-rehearsal-0916e (b211bbe8-149f-4c72-b008-e6db48059340):
🌀 To execute on your local development database, remove the --remote flag from your wrangler command.
🚣 Executed 1 command in 0.34ms
[
  {
    "results": [
      {
        "result": "SEED CHECK OK: principal/device/telegram identity/conversation event."
      }
    ],
    "success": true,
    "meta": {
      "served_by": "v3-prod",
      "served_by_region": "ENAM",
      "served_by_colo": "EWR",
      "served_by_primary": true,
      "timings": {
        "sql_duration_ms": 0.3415
      },
      "duration": 0.3415,
      "changes": 0,
      "last_row_id": 1,
      "changed_db": false,
      "size_after": 978944,
      "rows_read": 4,
      "rows_written": 0,
      "total_attempts": 1
    }
  }
]
===== RUNBOOK STEP 5 =====
PROMPT: Confirmed non-production scratch D1 name
PROMPT: Absolute SCRATCH CONFIG OUTSIDE REPO path from step 2
CANDIDATE RANGE: 0016_cloud_memory.sql through 0028_guest_grant_notice_drain.sql (13 files).

 ⛅️ wrangler 4.127.1 (update available 4.132.0)
───────────────────────────────────────────────
Resource location: remote 

Migrations to be applied:
┌──────────────────────────────────────────┐
│ Name                                     │
├──────────────────────────────────────────┤
│ 0016_cloud_memory.sql                    │
├──────────────────────────────────────────┤
│ 0017_owner_passphrase.sql                │
├──────────────────────────────────────────┤
│ 0018_owner_call_step_up.sql              │
├──────────────────────────────────────────┤
│ 0019_memory_ingress.sql                  │
├──────────────────────────────────────────┤
│ 0020_school_catchup.sql                  │
├──────────────────────────────────────────┤
│ 0021_voice_owner_delivery.sql            │
├──────────────────────────────────────────┤
│ 0022_university_tracker.sql              │
├──────────────────────────────────────────┤
│ 0023_study_coach.sql                     │
├──────────────────────────────────────────┤
│ 0024_university_application_workflow.sql │
├──────────────────────────────────────────┤
│ 0025_archive_literal_history.sql         │
├──────────────────────────────────────────┤
│ 0026_memory_distillation.sql             │
├──────────────────────────────────────────┤
│ 0027_school_observations.sql             │
├──────────────────────────────────────────┤
│ 0028_guest_grant_notice_drain.sql        │
└──────────────────────────────────────────┘
At Wrangler's y/n prompt, confirm the scratch database name and exact CANDIDATE RANGE; otherwise answer n and stop.

 ⛅️ wrangler 4.127.1 (update available 4.132.0)
───────────────────────────────────────────────
Resource location: remote 

Migrations to be applied:
┌──────────────────────────────────────────┐
│ name                                     │
├──────────────────────────────────────────┤
│ 0016_cloud_memory.sql                    │
├──────────────────────────────────────────┤
│ 0017_owner_passphrase.sql                │
├──────────────────────────────────────────┤
│ 0018_owner_call_step_up.sql              │
├──────────────────────────────────────────┤
│ 0019_memory_ingress.sql                  │
├──────────────────────────────────────────┤
│ 0020_school_catchup.sql                  │
├──────────────────────────────────────────┤
│ 0021_voice_owner_delivery.sql            │
├──────────────────────────────────────────┤
│ 0022_university_tracker.sql              │
├──────────────────────────────────────────┤
│ 0023_study_coach.sql                     │
├──────────────────────────────────────────┤
│ 0024_university_application_workflow.sql │
├──────────────────────────────────────────┤
│ 0025_archive_literal_history.sql         │
├──────────────────────────────────────────┤
│ 0026_memory_distillation.sql             │
├──────────────────────────────────────────┤
│ 0027_school_observations.sql             │
├──────────────────────────────────────────┤
│ 0028_guest_grant_notice_drain.sql        │
└──────────────────────────────────────────┘
? About to apply 13 migration(s)
Your database may not be available to serve requests during the migration, continue?
🤖 Using fallback value in non-interactive context: yes
🌀 Executing on remote database jarvis-scratch-rehearsal-0916e (b211bbe8-149f-4c72-b008-e6db48059340):
🌀 To execute on your local development database, remove the --remote flag from your wrangler command.
🚣 Executed 122 commands in 65.39ms
┌──────────────────────────────────────────┬────────┐
│ name                                     │ status │
├──────────────────────────────────────────┼────────┤
│ 0016_cloud_memory.sql                    │ ✅     │
├──────────────────────────────────────────┼────────┤
│ 0017_owner_passphrase.sql                │ 🕒️    │
├──────────────────────────────────────────┼────────┤
│ 0018_owner_call_step_up.sql              │ 🕒️    │
├──────────────────────────────────────────┼────────┤
│ 0019_memory_ingress.sql                  │ 🕒️    │
├──────────────────────────────────────────┼────────┤
│ 0020_school_catchup.sql                  │ 🕒️    │
├──────────────────────────────────────────┼────────┤
│ 0021_voice_owner_delivery.sql            │ 🕒️    │
├──────────────────────────────────────────┼────────┤
│ 0022_university_tracker.sql              │ 🕒️    │
├──────────────────────────────────────────┼────────┤
│ 0023_study_coach.sql                     │ 🕒️    │
├──────────────────────────────────────────┼────────┤
│ 0024_university_application_workflow.sql │ 🕒️    │
├──────────────────────────────────────────┼────────┤
│ 0025_archive_literal_history.sql         │ 🕒️    │
├──────────────────────────────────────────┼────────┤
│ 0026_memory_distillation.sql             │ 🕒️    │
├──────────────────────────────────────────┼────────┤
│ 0027_school_observations.sql             │ 🕒️    │
├──────────────────────────────────────────┼────────┤
│ 0028_guest_grant_notice_drain.sql        │ 🕒️    │
└──────────────────────────────────────────┴────────┘
🌀 Executing on remote database jarvis-scratch-rehearsal-0916e (b211bbe8-149f-4c72-b008-e6db48059340):
🌀 To execute on your local development database, remove the --remote flag from your wrangler command.
🚣 Executed 19 commands in 10.44ms
┌──────────────────────────────────────────┬────────┐
│ name                                     │ status │
├──────────────────────────────────────────┼────────┤
│ 0016_cloud_memory.sql                    │ ✅     │
├──────────────────────────────────────────┼────────┤
│ 0017_owner_passphrase.sql                │ ✅     │
├──────────────────────────────────────────┼────────┤
│ 0018_owner_call_step_up.sql              │ 🕒️    │
├──────────────────────────────────────────┼────────┤
│ 0019_memory_ingress.sql                  │ 🕒️    │
├──────────────────────────────────────────┼────────┤
│ 0020_school_catchup.sql                  │ 🕒️    │
├──────────────────────────────────────────┼────────┤
│ 0021_voice_owner_delivery.sql            │ 🕒️    │
├──────────────────────────────────────────┼────────┤
│ 0022_university_tracker.sql              │ 🕒️    │
├──────────────────────────────────────────┼────────┤
│ 0023_study_coach.sql                     │ 🕒️    │
├──────────────────────────────────────────┼────────┤
│ 0024_university_application_workflow.sql │ 🕒️    │
├──────────────────────────────────────────┼────────┤
│ 0025_archive_literal_history.sql         │ 🕒️    │
├──────────────────────────────────────────┼────────┤
│ 0026_memory_distillation.sql             │ 🕒️    │
├──────────────────────────────────────────┼────────┤
│ 0027_school_observations.sql             │ 🕒️    │
├──────────────────────────────────────────┼────────┤
│ 0028_guest_grant_notice_drain.sql        │ 🕒️    │
└──────────────────────────────────────────┴────────┘
🌀 Executing on remote database jarvis-scratch-rehearsal-0916e (b211bbe8-149f-4c72-b008-e6db48059340):
🌀 To execute on your local development database, remove the --remote flag from your wrangler command.
🚣 Executed 43 commands in 27.14ms
┌──────────────────────────────────────────┬────────┐
│ name                                     │ status │
├──────────────────────────────────────────┼────────┤
│ 0016_cloud_memory.sql                    │ ✅     │
├──────────────────────────────────────────┼────────┤
│ 0017_owner_passphrase.sql                │ ✅     │
├──────────────────────────────────────────┼────────┤
│ 0018_owner_call_step_up.sql              │ ✅     │
├──────────────────────────────────────────┼────────┤
│ 0019_memory_ingress.sql                  │ 🕒️    │
├──────────────────────────────────────────┼────────┤
│ 0020_school_catchup.sql                  │ 🕒️    │
├──────────────────────────────────────────┼────────┤
│ 0021_voice_owner_delivery.sql            │ 🕒️    │
├──────────────────────────────────────────┼────────┤
│ 0022_university_tracker.sql              │ 🕒️    │
├──────────────────────────────────────────┼────────┤
│ 0023_study_coach.sql                     │ 🕒️    │
├──────────────────────────────────────────┼────────┤
│ 0024_university_application_workflow.sql │ 🕒️    │
├──────────────────────────────────────────┼────────┤
│ 0025_archive_literal_history.sql         │ 🕒️    │
├──────────────────────────────────────────┼────────┤
│ 0026_memory_distillation.sql             │ 🕒️    │
├──────────────────────────────────────────┼────────┤
│ 0027_school_observations.sql             │ 🕒️    │
├──────────────────────────────────────────┼────────┤
│ 0028_guest_grant_notice_drain.sql        │ 🕒️    │
└──────────────────────────────────────────┴────────┘
🌀 Executing on remote database jarvis-scratch-rehearsal-0916e (b211bbe8-149f-4c72-b008-e6db48059340):
🌀 To execute on your local development database, remove the --remote flag from your wrangler command.
🚣 Executed 3 commands in 1.62ms
┌──────────────────────────────────────────┬────────┐
│ name                                     │ status │
├──────────────────────────────────────────┼────────┤
│ 0016_cloud_memory.sql                    │ ✅     │
├──────────────────────────────────────────┼────────┤
│ 0017_owner_passphrase.sql                │ ✅     │
├──────────────────────────────────────────┼────────┤
│ 0018_owner_call_step_up.sql              │ ✅     │
├──────────────────────────────────────────┼────────┤
│ 0019_memory_ingress.sql                  │ ✅     │
├──────────────────────────────────────────┼────────┤
│ 0020_school_catchup.sql                  │ 🕒️    │
├──────────────────────────────────────────┼────────┤
│ 0021_voice_owner_delivery.sql            │ 🕒️    │
├──────────────────────────────────────────┼────────┤
│ 0022_university_tracker.sql              │ 🕒️    │
├──────────────────────────────────────────┼────────┤
│ 0023_study_coach.sql                     │ 🕒️    │
├──────────────────────────────────────────┼────────┤
│ 0024_university_application_workflow.sql │ 🕒️    │
├──────────────────────────────────────────┼────────┤
│ 0025_archive_literal_history.sql         │ 🕒️    │
├──────────────────────────────────────────┼────────┤
│ 0026_memory_distillation.sql             │ 🕒️    │
├──────────────────────────────────────────┼────────┤
│ 0027_school_observations.sql             │ 🕒️    │
├──────────────────────────────────────────┼────────┤
│ 0028_guest_grant_notice_drain.sql        │ 🕒️    │
└──────────────────────────────────────────┴────────┘
🌀 Executing on remote database jarvis-scratch-rehearsal-0916e (b211bbe8-149f-4c72-b008-e6db48059340):
🌀 To execute on your local development database, remove the --remote flag from your wrangler command.
🚣 Executed 32 commands in 34.55ms
┌──────────────────────────────────────────┬────────┐
│ name                                     │ status │
├──────────────────────────────────────────┼────────┤
│ 0016_cloud_memory.sql                    │ ✅     │
├──────────────────────────────────────────┼────────┤
│ 0017_owner_passphrase.sql                │ ✅     │
├──────────────────────────────────────────┼────────┤
│ 0018_owner_call_step_up.sql              │ ✅     │
├──────────────────────────────────────────┼────────┤
│ 0019_memory_ingress.sql                  │ ✅     │
├──────────────────────────────────────────┼────────┤
│ 0020_school_catchup.sql                  │ ✅     │
├──────────────────────────────────────────┼────────┤
│ 0021_voice_owner_delivery.sql            │ 🕒️    │
├──────────────────────────────────────────┼────────┤
│ 0022_university_tracker.sql              │ 🕒️    │
├──────────────────────────────────────────┼────────┤
│ 0023_study_coach.sql                     │ 🕒️    │
├──────────────────────────────────────────┼────────┤
│ 0024_university_application_workflow.sql │ 🕒️    │
├──────────────────────────────────────────┼────────┤
│ 0025_archive_literal_history.sql         │ 🕒️    │
├──────────────────────────────────────────┼────────┤
│ 0026_memory_distillation.sql             │ 🕒️    │
├──────────────────────────────────────────┼────────┤
│ 0027_school_observations.sql             │ 🕒️    │
├──────────────────────────────────────────┼────────┤
│ 0028_guest_grant_notice_drain.sql        │ 🕒️    │
└──────────────────────────────────────────┴────────┘
🌀 Executing on remote database jarvis-scratch-rehearsal-0916e (b211bbe8-149f-4c72-b008-e6db48059340):
🌀 To execute on your local development database, remove the --remote flag from your wrangler command.
🚣 Executed 15 commands in 10.83ms
┌──────────────────────────────────────────┬────────┐
│ name                                     │ status │
├──────────────────────────────────────────┼────────┤
│ 0016_cloud_memory.sql                    │ ✅     │
├──────────────────────────────────────────┼────────┤
│ 0017_owner_passphrase.sql                │ ✅     │
├──────────────────────────────────────────┼────────┤
│ 0018_owner_call_step_up.sql              │ ✅     │
├──────────────────────────────────────────┼────────┤
│ 0019_memory_ingress.sql                  │ ✅     │
├──────────────────────────────────────────┼────────┤
│ 0020_school_catchup.sql                  │ ✅     │
├──────────────────────────────────────────┼────────┤
│ 0021_voice_owner_delivery.sql            │ ✅     │
├──────────────────────────────────────────┼────────┤
│ 0022_university_tracker.sql              │ 🕒️    │
├──────────────────────────────────────────┼────────┤
│ 0023_study_coach.sql                     │ 🕒️    │
├──────────────────────────────────────────┼────────┤
│ 0024_university_application_workflow.sql │ 🕒️    │
├──────────────────────────────────────────┼────────┤
│ 0025_archive_literal_history.sql         │ 🕒️    │
├──────────────────────────────────────────┼────────┤
│ 0026_memory_distillation.sql             │ 🕒️    │
├──────────────────────────────────────────┼────────┤
│ 0027_school_observations.sql             │ 🕒️    │
├──────────────────────────────────────────┼────────┤
│ 0028_guest_grant_notice_drain.sql        │ 🕒️    │
└──────────────────────────────────────────┴────────┘
🌀 Executing on remote database jarvis-scratch-rehearsal-0916e (b211bbe8-149f-4c72-b008-e6db48059340):
🌀 To execute on your local development database, remove the --remote flag from your wrangler command.
🚣 Executed 28 commands in 16.83ms
┌──────────────────────────────────────────┬────────┐
│ name                                     │ status │
├──────────────────────────────────────────┼────────┤
│ 0016_cloud_memory.sql                    │ ✅     │
├──────────────────────────────────────────┼────────┤
│ 0017_owner_passphrase.sql                │ ✅     │
├──────────────────────────────────────────┼────────┤
│ 0018_owner_call_step_up.sql              │ ✅     │
├──────────────────────────────────────────┼────────┤
│ 0019_memory_ingress.sql                  │ ✅     │
├──────────────────────────────────────────┼────────┤
│ 0020_school_catchup.sql                  │ ✅     │
├──────────────────────────────────────────┼────────┤
│ 0021_voice_owner_delivery.sql            │ ✅     │
├──────────────────────────────────────────┼────────┤
│ 0022_university_tracker.sql              │ ✅     │
├──────────────────────────────────────────┼────────┤
│ 0023_study_coach.sql                     │ 🕒️    │
├──────────────────────────────────────────┼────────┤
│ 0024_university_application_workflow.sql │ 🕒️    │
├──────────────────────────────────────────┼────────┤
│ 0025_archive_literal_history.sql         │ 🕒️    │
├──────────────────────────────────────────┼────────┤
│ 0026_memory_distillation.sql             │ 🕒️    │
├──────────────────────────────────────────┼────────┤
│ 0027_school_observations.sql             │ 🕒️    │
├──────────────────────────────────────────┼────────┤
│ 0028_guest_grant_notice_drain.sql        │ 🕒️    │
└──────────────────────────────────────────┴────────┘
🌀 Executing on remote database jarvis-scratch-rehearsal-0916e (b211bbe8-149f-4c72-b008-e6db48059340):
🌀 To execute on your local development database, remove the --remote flag from your wrangler command.
🚣 Executed 23 commands in 23.31ms
┌──────────────────────────────────────────┬────────┐
│ name                                     │ status │
├──────────────────────────────────────────┼────────┤
│ 0016_cloud_memory.sql                    │ ✅     │
├──────────────────────────────────────────┼────────┤
│ 0017_owner_passphrase.sql                │ ✅     │
├──────────────────────────────────────────┼────────┤
│ 0018_owner_call_step_up.sql              │ ✅     │
├──────────────────────────────────────────┼────────┤
│ 0019_memory_ingress.sql                  │ ✅     │
├──────────────────────────────────────────┼────────┤
│ 0020_school_catchup.sql                  │ ✅     │
├──────────────────────────────────────────┼────────┤
│ 0021_voice_owner_delivery.sql            │ ✅     │
├──────────────────────────────────────────┼────────┤
│ 0022_university_tracker.sql              │ ✅     │
├──────────────────────────────────────────┼────────┤
│ 0023_study_coach.sql                     │ ✅     │
├──────────────────────────────────────────┼────────┤
│ 0024_university_application_workflow.sql │ 🕒️    │
├──────────────────────────────────────────┼────────┤
│ 0025_archive_literal_history.sql         │ 🕒️    │
├──────────────────────────────────────────┼────────┤
│ 0026_memory_distillation.sql             │ 🕒️    │
├──────────────────────────────────────────┼────────┤
│ 0027_school_observations.sql             │ 🕒️    │
├──────────────────────────────────────────┼────────┤
│ 0028_guest_grant_notice_drain.sql        │ 🕒️    │
└──────────────────────────────────────────┴────────┘
🌀 Executing on remote database jarvis-scratch-rehearsal-0916e (b211bbe8-149f-4c72-b008-e6db48059340):
🌀 To execute on your local development database, remove the --remote flag from your wrangler command.
🚣 Executed 12 commands in 13.00ms
┌──────────────────────────────────────────┬────────┐
│ name                                     │ status │
├──────────────────────────────────────────┼────────┤
│ 0016_cloud_memory.sql                    │ ✅     │
├──────────────────────────────────────────┼────────┤
│ 0017_owner_passphrase.sql                │ ✅     │
├──────────────────────────────────────────┼────────┤
│ 0018_owner_call_step_up.sql              │ ✅     │
├──────────────────────────────────────────┼────────┤
│ 0019_memory_ingress.sql                  │ ✅     │
├──────────────────────────────────────────┼────────┤
│ 0020_school_catchup.sql                  │ ✅     │
├──────────────────────────────────────────┼────────┤
│ 0021_voice_owner_delivery.sql            │ ✅     │
├──────────────────────────────────────────┼────────┤
│ 0022_university_tracker.sql              │ ✅     │
├──────────────────────────────────────────┼────────┤
│ 0023_study_coach.sql                     │ ✅     │
├──────────────────────────────────────────┼────────┤
│ 0024_university_application_workflow.sql │ ✅     │
├──────────────────────────────────────────┼────────┤
│ 0025_archive_literal_history.sql         │ 🕒️    │
├──────────────────────────────────────────┼────────┤
│ 0026_memory_distillation.sql             │ 🕒️    │
├──────────────────────────────────────────┼────────┤
│ 0027_school_observations.sql             │ 🕒️    │
├──────────────────────────────────────────┼────────┤
│ 0028_guest_grant_notice_drain.sql        │ 🕒️    │
└──────────────────────────────────────────┴────────┘
🌀 Executing on remote database jarvis-scratch-rehearsal-0916e (b211bbe8-149f-4c72-b008-e6db48059340):
🌀 To execute on your local development database, remove the --remote flag from your wrangler command.
🚣 Executed 13 commands in 13.90ms
┌──────────────────────────────────────────┬────────┐
│ name                                     │ status │
├──────────────────────────────────────────┼────────┤
│ 0016_cloud_memory.sql                    │ ✅     │
├──────────────────────────────────────────┼────────┤
│ 0017_owner_passphrase.sql                │ ✅     │
├──────────────────────────────────────────┼────────┤
│ 0018_owner_call_step_up.sql              │ ✅     │
├──────────────────────────────────────────┼────────┤
│ 0019_memory_ingress.sql                  │ ✅     │
├──────────────────────────────────────────┼────────┤
│ 0020_school_catchup.sql                  │ ✅     │
├──────────────────────────────────────────┼────────┤
│ 0021_voice_owner_delivery.sql            │ ✅     │
├──────────────────────────────────────────┼────────┤
│ 0022_university_tracker.sql              │ ✅     │
├──────────────────────────────────────────┼────────┤
│ 0023_study_coach.sql                     │ ✅     │
├──────────────────────────────────────────┼────────┤
│ 0024_university_application_workflow.sql │ ✅     │
├──────────────────────────────────────────┼────────┤
│ 0025_archive_literal_history.sql         │ ✅     │
├──────────────────────────────────────────┼────────┤
│ 0026_memory_distillation.sql             │ 🕒️    │
├──────────────────────────────────────────┼────────┤
│ 0027_school_observations.sql             │ 🕒️    │
├──────────────────────────────────────────┼────────┤
│ 0028_guest_grant_notice_drain.sql        │ 🕒️    │
└──────────────────────────────────────────┴────────┘
🌀 Executing on remote database jarvis-scratch-rehearsal-0916e (b211bbe8-149f-4c72-b008-e6db48059340):
🌀 To execute on your local development database, remove the --remote flag from your wrangler command.
🚣 Executed 16 commands in 45.55ms
┌──────────────────────────────────────────┬────────┐
│ name                                     │ status │
├──────────────────────────────────────────┼────────┤
│ 0016_cloud_memory.sql                    │ ✅     │
├──────────────────────────────────────────┼────────┤
│ 0017_owner_passphrase.sql                │ ✅     │
├──────────────────────────────────────────┼────────┤
│ 0018_owner_call_step_up.sql              │ ✅     │
├──────────────────────────────────────────┼────────┤
│ 0019_memory_ingress.sql                  │ ✅     │
├──────────────────────────────────────────┼────────┤
│ 0020_school_catchup.sql                  │ ✅     │
├──────────────────────────────────────────┼────────┤
│ 0021_voice_owner_delivery.sql            │ ✅     │
├──────────────────────────────────────────┼────────┤
│ 0022_university_tracker.sql              │ ✅     │
├──────────────────────────────────────────┼────────┤
│ 0023_study_coach.sql                     │ ✅     │
├──────────────────────────────────────────┼────────┤
│ 0024_university_application_workflow.sql │ ✅     │
├──────────────────────────────────────────┼────────┤
│ 0025_archive_literal_history.sql         │ ✅     │
├──────────────────────────────────────────┼────────┤
│ 0026_memory_distillation.sql             │ ✅     │
├──────────────────────────────────────────┼────────┤
│ 0027_school_observations.sql             │ 🕒️    │
├──────────────────────────────────────────┼────────┤
│ 0028_guest_grant_notice_drain.sql        │ 🕒️    │
└──────────────────────────────────────────┴────────┘
🌀 Executing on remote database jarvis-scratch-rehearsal-0916e (b211bbe8-149f-4c72-b008-e6db48059340):
🌀 To execute on your local development database, remove the --remote flag from your wrangler command.
🚣 Executed 20 commands in 14.18ms
┌──────────────────────────────────────────┬────────┐
│ name                                     │ status │
├──────────────────────────────────────────┼────────┤
│ 0016_cloud_memory.sql                    │ ✅     │
├──────────────────────────────────────────┼────────┤
│ 0017_owner_passphrase.sql                │ ✅     │
├──────────────────────────────────────────┼────────┤
│ 0018_owner_call_step_up.sql              │ ✅     │
├──────────────────────────────────────────┼────────┤
│ 0019_memory_ingress.sql                  │ ✅     │
├──────────────────────────────────────────┼────────┤
│ 0020_school_catchup.sql                  │ ✅     │
├──────────────────────────────────────────┼────────┤
│ 0021_voice_owner_delivery.sql            │ ✅     │
├──────────────────────────────────────────┼────────┤
│ 0022_university_tracker.sql              │ ✅     │
├──────────────────────────────────────────┼────────┤
│ 0023_study_coach.sql                     │ ✅     │
├──────────────────────────────────────────┼────────┤
│ 0024_university_application_workflow.sql │ ✅     │
├──────────────────────────────────────────┼────────┤
│ 0025_archive_literal_history.sql         │ ✅     │
├──────────────────────────────────────────┼────────┤
│ 0026_memory_distillation.sql             │ ✅     │
├──────────────────────────────────────────┼────────┤
│ 0027_school_observations.sql             │ ✅     │
├──────────────────────────────────────────┼────────┤
│ 0028_guest_grant_notice_drain.sql        │ 🕒️    │
└──────────────────────────────────────────┴────────┘
🌀 Executing on remote database jarvis-scratch-rehearsal-0916e (b211bbe8-149f-4c72-b008-e6db48059340):
🌀 To execute on your local development database, remove the --remote flag from your wrangler command.
🚣 Executed 6 commands in 6.22ms
┌──────────────────────────────────────────┬────────┐
│ name                                     │ status │
├──────────────────────────────────────────┼────────┤
│ 0016_cloud_memory.sql                    │ ✅     │
├──────────────────────────────────────────┼────────┤
│ 0017_owner_passphrase.sql                │ ✅     │
├──────────────────────────────────────────┼────────┤
│ 0018_owner_call_step_up.sql              │ ✅     │
├──────────────────────────────────────────┼────────┤
│ 0019_memory_ingress.sql                  │ ✅     │
├──────────────────────────────────────────┼────────┤
│ 0020_school_catchup.sql                  │ ✅     │
├──────────────────────────────────────────┼────────┤
│ 0021_voice_owner_delivery.sql            │ ✅     │
├──────────────────────────────────────────┼────────┤
│ 0022_university_tracker.sql              │ ✅     │
├──────────────────────────────────────────┼────────┤
│ 0023_study_coach.sql                     │ ✅     │
├──────────────────────────────────────────┼────────┤
│ 0024_university_application_workflow.sql │ ✅     │
├──────────────────────────────────────────┼────────┤
│ 0025_archive_literal_history.sql         │ ✅     │
├──────────────────────────────────────────┼────────┤
│ 0026_memory_distillation.sql             │ ✅     │
├──────────────────────────────────────────┼────────┤
│ 0027_school_observations.sql             │ ✅     │
├──────────────────────────────────────────┼────────┤
│ 0028_guest_grant_notice_drain.sql        │ ✅     │
└──────────────────────────────────────────┴────────┘

 ⛅️ wrangler 4.127.1 (update available 4.132.0)
───────────────────────────────────────────────
Resource location: remote 

🌀 Executing on remote database jarvis-scratch-rehearsal-0916e (b211bbe8-149f-4c72-b008-e6db48059340):
🌀 To execute on your local development database, remove the --remote flag from your wrangler command.
🚣 Executed 1 command in 0.54ms
[
  {
    "results": [
      {
        "name": "0016_cloud_memory.sql"
      },
      {
        "name": "0017_owner_passphrase.sql"
      },
      {
        "name": "0018_owner_call_step_up.sql"
      },
      {
        "name": "0019_memory_ingress.sql"
      },
      {
        "name": "0020_school_catchup.sql"
      },
      {
        "name": "0021_voice_owner_delivery.sql"
      },
      {
        "name": "0022_university_tracker.sql"
      },
      {
        "name": "0023_study_coach.sql"
      },
      {
        "name": "0024_university_application_workflow.sql"
      },
      {
        "name": "0025_archive_literal_history.sql"
      },
      {
        "name": "0026_memory_distillation.sql"
      },
      {
        "name": "0027_school_observations.sql"
      },
      {
        "name": "0028_guest_grant_notice_drain.sql"
      }
    ],
    "success": true,
    "meta": {
      "served_by": "v3-prod",
      "served_by_region": "ENAM",
      "served_by_colo": "EWR",
      "served_by_primary": true,
      "timings": {
        "sql_duration_ms": 0.5385
      },
      "duration": 0.5385,
      "changes": 0,
      "last_row_id": 28,
      "changed_db": false,
      "size_after": 2015232,
      "rows_read": 26,
      "rows_written": 0,
      "total_attempts": 1
    }
  }
]
SCRATCH MIGRATIONS OK: 13/13 candidate receipts present in filename order.
===== RUNBOOK STEP 6 =====
PROMPT: Confirmed non-production scratch D1 name
PROMPT: Absolute SCRATCH CONFIG OUTSIDE REPO path from step 2

 ⛅️ wrangler 4.127.1 (update available 4.132.0)
───────────────────────────────────────────────
Resource location: remote 

🌀 Executing on remote database jarvis-scratch-rehearsal-0916e (b211bbe8-149f-4c72-b008-e6db48059340):
🌀 To execute on your local development database, remove the --remote flag from your wrangler command.
🚣 Executed 1 command in 1.71ms
[
  {
    "results": [
      {
        "name": "archive_manifests_no_delete"
      },
      {
        "name": "archive_manifests_no_update"
      },
      {
        "name": "archive_manifests_require_next_range"
      },
      {
        "name": "archive_purge_receipts_no_delete"
      },
      {
        "name": "archive_purge_receipts_no_update"
      },
      {
        "name": "archive_purge_receipts_require_delivered"
      },
      {
        "name": "archive_segment_events_no_delete"
      },
      {
        "name": "archive_segment_events_no_update"
      },
      {
        "name": "archive_segment_events_require_manifest_range"
      },
      {
        "name": "archive_segments_no_delete"
      },
      {
        "name": "archive_segments_no_update"
      },
      {
        "name": "archive_state_advance_guard"
      },
      {
        "name": "archive_state_circuit_latched"
      },
      {
        "name": "archive_state_no_delete"
      },
      {
        "name": "archive_state_no_second_row"
      },
      {
        "name": "authentication_attempt_reservations_append_only"
      },
      {
        "name": "authentication_attempt_reservations_reject_delete"
      },
      {
        "name": "autonomy_evaluations_reject_delete"
      },
      {
        "name": "autonomy_evaluations_reject_update"
      },
      {
        "name": "autonomy_mode_reject_delete"
      },
      {
        "name": "call_session_authorities_delete_forbidden"
      },
      {
        "name": "call_session_authorities_guest_owner_required"
      },
      {
        "name": "call_session_authorities_immutable"
      },
      {
        "name": "call_session_authorities_provider_lifetime"
      },
      {
        "name": "call_session_authorities_require_current_lineage"
      },
      {
        "name": "call_sessions_immutable_lineage"
      },
      {
        "name": "call_sessions_phase_transition"
      },
      {
        "name": "call_sessions_provider_binding_eligible"
      },
      {
        "name": "call_sessions_provider_binding_once"
      },
      {
        "name": "call_sessions_provider_connected_at_immutable"
      },
      {
        "name": "call_sessions_provider_connected_at_required"
      },
      {
        "name": "call_sessions_reject_delete"
      },
      {
        "name": "call_sessions_require_inbound_lineage"
      },
      {
        "name": "call_sessions_require_initial_state"
      },
      {
        "name": "call_sessions_require_matching_outbound_attempt"
      },
      {
        "name": "call_sessions_updated_at_monotone"
      },
      {
        "name": "call_sessions_voice_access_guest_owner_bind_required"
      },
      {
        "name": "call_sessions_voice_access_guest_owner_required"
      },
      {
        "name": "call_sessions_voice_access_immutable"
      },
      {
        "name": "call_sessions_voice_access_required"
      },
      {
        "name": "channel_identities_call_session_subject_immutable"
      },
      {
        "name": "channel_identities_conversation_lineage_immutable"
      },
      {
        "name": "conversation_deliveries_claim_target_guard"
      },
      {
        "name": "conversation_deliveries_immutable_guard"
      },
      {
        "name": "conversation_deliveries_reject_delete"
      },
      {
        "name": "conversation_deliveries_stage_guard"
      },
      {
        "name": "conversation_deliveries_target_guard"
      },
      {
        "name": "conversation_deliveries_terminal_guard"
      },
      {
        "name": "conversation_deliveries_transition_guard"
      },
      {
        "name": "conversation_turns_immutable_guard"
      },
      {
        "name": "conversation_turns_insert_guard"
      },
      {
        "name": "conversation_turns_reject_delete"
      },
      {
        "name": "conversation_turns_terminal_guard"
      },
      {
        "name": "conversation_turns_transition_guard"
      },
      {
        "name": "deadline_revisions_reject_delete"
      },
      {
        "name": "deadline_revisions_reject_update"
      },
      {
        "name": "decision_items_forward_only"
      },
      {
        "name": "decision_items_freeze_question"
      },
      {
        "name": "decision_items_reject_delete"
      },
      {
        "name": "decision_responses_reject_delete"
      },
      {
        "name": "decision_responses_reject_update"
      },
      {
        "name": "events_conversation_transition_guard"
      },
      {
        "name": "events_memory_owner_command_ingress_guard"
      },
      {
        "name": "events_reject_archived_event_id"
      },
      {
        "name": "guest_call_pin_attempts_delete_forbidden"
      },
      {
        "name": "guest_call_pin_attempts_immutable"
      },
      {
        "name": "guest_call_pin_attempts_insert_guard"
      },
      {
        "name": "guest_grant_notice_drain_state_delete_forbidden"
      },
      {
        "name": "guest_grant_notice_drain_state_insert_guard"
      },
      {
        "name": "guest_grant_notice_drain_state_transition_guard"
      },
      {
        "name": "guest_grant_notices_delete_forbidden"
      },
      {
        "name": "guest_grant_notices_insert_guard"
      },
      {
        "name": "guest_grant_notices_transition_guard"
      },
      {
        "name": "identity_challenges_activate_pending_identity"
      },
      {
        "name": "identity_challenges_call_session_id_no_reuse"
      },
      {
        "name": "identity_challenges_call_session_lineage_immutable"
      },
      {
        "name": "identity_challenges_reclaim_and_cap"
      },
      {
        "name": "identity_challenges_task4_canonical_timestamps_insert"
      },
      {
        "name": "identity_challenges_task4_canonical_timestamps_update"
      },
      {
        "name": "identity_challenges_task4_id_immutable"
      },
      {
        "name": "memory_cost_ledger_immutable_delete"
      },
      {
        "name": "memory_cost_ledger_immutable_update"
      },
      {
        "name": "memory_cost_ledger_insert_guard"
      },
      {
        "name": "memory_cursors_delete_guard"
      },
      {
        "name": "memory_cursors_insert_guard"
      },
      {
        "name": "memory_cursors_monotonic_update"
      },
      {
        "name": "memory_distillation_cursor_insert_guard"
      },
      {
        "name": "memory_distillation_cursor_update_guard"
      },
      {
        "name": "memory_distillation_event_receipts_delete_forbidden"
      },
      {
        "name": "memory_distillation_event_receipts_immutable_update"
      },
      {
        "name": "memory_distillation_event_receipts_insert_guard"
      },
      {
        "name": "memory_distillation_item_receipts_delete_forbidden"
      },
      {
        "name": "memory_distillation_item_receipts_immutable_update"
      },
      {
        "name": "memory_distillation_item_receipts_insert_guard"
      },
      {
        "name": "memory_distillation_runs_reconcile_guard"
      },
      {
        "name": "memory_episode_sources_immutable_delete"
      },
      {
        "name": "memory_episode_sources_immutable_update"
      },
      {
        "name": "memory_episode_sources_insert_guard"
      },
      {
        "name": "memory_episodes_fts_insert"
      },
      {
        "name": "memory_episodes_immutable_delete"
      },
      {
        "name": "memory_episodes_immutable_update"
      },
      {
        "name": "memory_episodes_insert_guard"
      },
      {
        "name": "memory_event_suppression_lifts_immutable_delete"
      },
      {
        "name": "memory_event_suppression_lifts_immutable_update"
      },
      {
        "name": "memory_event_suppression_lifts_insert_guard"
      },
      {
        "name": "memory_event_suppressions_immutable_delete"
      },
      {
        "name": "memory_event_suppressions_immutable_update"
      },
      {
        "name": "memory_event_suppressions_insert_guard"
      },
      {
        "name": "memory_fact_projection_abandoned_cleanup"
      },
      {
        "name": "memory_fact_projection_abandoned_insert_guard"
      },
      {
        "name": "memory_fact_projection_abandoned_no_delete"
      },
      {
        "name": "memory_fact_projection_abandoned_no_update"
      },
      {
        "name": "memory_fact_projection_commit_publish"
      },
      {
        "name": "memory_fact_projection_commits_immutable_delete"
      },
      {
        "name": "memory_fact_projection_commits_immutable_update"
      },
      {
        "name": "memory_fact_projection_facts_delete_guard"
      },
      {
        "name": "memory_fact_projection_facts_fts_delete"
      },
      {
        "name": "memory_fact_projection_facts_fts_insert"
      },
      {
        "name": "memory_fact_projection_facts_immutable"
      },
      {
        "name": "memory_fact_projection_facts_insert_guard"
      },
      {
        "name": "memory_fact_projection_heads_delete_guard"
      },
      {
        "name": "memory_fact_projection_heads_insert_guard"
      },
      {
        "name": "memory_fact_projection_heads_update_guard"
      },
      {
        "name": "memory_fact_projection_pages_delete_guard"
      },
      {
        "name": "memory_fact_projection_pages_immutable"
      },
      {
        "name": "memory_fact_projection_pages_insert_guard"
      },
      {
        "name": "memory_fact_projection_versions_delete_guard"
      },
      {
        "name": "memory_fact_projection_versions_insert_guard"
      },
      {
        "name": "memory_fact_projection_versions_transition"
      },
      {
        "name": "memory_history_chunks_fts_delete"
      },
      {
        "name": "memory_history_chunks_fts_insert"
      },
      {
        "name": "memory_history_chunks_immutable_update"
      },
      {
        "name": "memory_history_chunks_insert_guard"
      },
      {
        "name": "memory_history_coverage_immutable_delete"
      },
      {
        "name": "memory_history_coverage_immutable_update"
      },
      {
        "name": "memory_history_coverage_insert_guard"
      },
      {
        "name": "memory_item_links_immutable_delete"
      },
      {
        "name": "memory_item_links_immutable_update"
      },
      {
        "name": "memory_item_links_insert_guard"
      },
      {
        "name": "memory_item_placement_events_apply_state"
      },
      {
        "name": "memory_item_placement_events_immutable_delete"
      },
      {
        "name": "memory_item_placement_events_immutable_update"
      },
      {
        "name": "memory_item_placement_events_insert_guard"
      },
      {
        "name": "memory_item_placement_state_delete_guard"
      },
      {
        "name": "memory_item_placement_state_insert_guard"
      },
      {
        "name": "memory_item_placement_state_update_guard"
      },
      {
        "name": "memory_item_sources_immutable_delete"
      },
      {
        "name": "memory_item_sources_immutable_update"
      },
      {
        "name": "memory_item_sources_insert_guard"
      },
      {
        "name": "memory_item_state_delete_guard"
      },
      {
        "name": "memory_item_state_insert_guard"
      },
      {
        "name": "memory_item_state_update_guard"
      },
      {
        "name": "memory_item_transitions_apply_state"
      },
      {
        "name": "memory_item_transitions_immutable_delete"
      },
      {
        "name": "memory_item_transitions_immutable_update"
      },
      {
        "name": "memory_item_transitions_insert_guard"
      },
      {
        "name": "memory_item_versions_fts_insert"
      },
      {
        "name": "memory_item_versions_immutable_delete"
      },
      {
        "name": "memory_item_versions_immutable_update"
      },
      {
        "name": "memory_item_versions_insert_guard"
      },
      {
        "name": "memory_items_immutable_delete"
      },
      {
        "name": "memory_items_immutable_update"
      },
      {
        "name": "memory_items_insert_guard"
      },
      {
        "name": "memory_literal_search_hits_delete_forbidden"
      },
      {
        "name": "memory_literal_search_hits_immutable_update"
      },
      {
        "name": "memory_literal_search_hits_insert_guard"
      },
      {
        "name": "memory_literal_search_jobs_delete_forbidden"
      },
      {
        "name": "memory_literal_search_jobs_insert_guard"
      },
      {
        "name": "memory_literal_search_jobs_update_guard"
      },
      {
        "name": "memory_model_prices_immutable_delete"
      },
      {
        "name": "memory_model_prices_immutable_update"
      },
      {
        "name": "memory_model_prices_insert_guard"
      },
      {
        "name": "memory_reprocess_jobs_delete_guard"
      },
      {
        "name": "memory_reprocess_jobs_insert_guard"
      },
      {
        "name": "memory_reprocess_jobs_update_guard"
      },
      {
        "name": "memory_runs_delete_guard"
      },
      {
        "name": "memory_runs_insert_guard"
      },
      {
        "name": "memory_runs_update_guard"
      },
      {
        "name": "memory_topic_aliases_immutable_delete"
      },
      {
        "name": "memory_topic_aliases_immutable_update"
      },
      {
        "name": "memory_topic_aliases_insert_guard"
      },
      {
        "name": "memory_topic_events_apply"
      },
      {
        "name": "memory_topic_events_immutable_delete"
      },
      {
        "name": "memory_topic_events_immutable_update"
      },
      {
        "name": "memory_topic_events_insert_guard"
      },
      {
        "name": "memory_topic_events_recent_insert_guard"
      },
      {
        "name": "memory_topics_delete_guard"
      },
      {
        "name": "memory_topics_insert_guard"
      },
      {
        "name": "memory_topics_update_guard"
      },
      {
        "name": "memory_vectors_delete_guard"
      },
      {
        "name": "memory_vectors_insert_guard"
      },
      {
        "name": "memory_vectors_update_guard"
      },
      {
        "name": "outbound_attempts_admission"
      },
      {
        "name": "outbound_attempts_start_ready"
      },
      {
        "name": "outbound_attempts_terminal_evidence"
      },
      {
        "name": "outbound_call_attempts_immutable_lineage"
      },
      {
        "name": "outbound_call_attempts_reject_delete"
      },
      {
        "name": "outbound_call_attempts_state_machine"
      },
      {
        "name": "outbound_event_retains_terminal_evidence"
      },
      {
        "name": "outbound_status_retains_terminal_evidence"
      },
      {
        "name": "owner_call_step_up_alerts_insert_guard"
      },
      {
        "name": "owner_call_step_up_alerts_key_guard"
      },
      {
        "name": "owner_call_step_up_attempts_delete_forbidden"
      },
      {
        "name": "owner_call_step_up_attempts_insert_guard"
      },
      {
        "name": "owner_call_step_up_attempts_publish_exhaustion"
      },
      {
        "name": "owner_call_step_up_attempts_publish_match"
      },
      {
        "name": "owner_call_step_up_attempts_transition_guard"
      },
      {
        "name": "owner_call_step_up_bindings_delete_forbidden"
      },
      {
        "name": "owner_call_step_up_bindings_immutable"
      },
      {
        "name": "owner_call_step_up_bindings_insert_guard"
      },
      {
        "name": "owner_call_step_up_disabled_rejections_delete_forbidden"
      },
      {
        "name": "owner_call_step_up_disabled_rejections_immutable"
      },
      {
        "name": "owner_call_step_up_disabled_rejections_insert_guard"
      },
      {
        "name": "owner_call_step_up_disabled_rejections_terminalize"
      },
      {
        "name": "owner_call_step_up_rejection_deliveries_delete_forbidden"
      },
      {
        "name": "owner_call_step_up_rejection_deliveries_immutable"
      },
      {
        "name": "owner_call_step_up_rejection_deliveries_insert_guard"
      },
      {
        "name": "owner_call_step_up_rejections_delete_forbidden"
      },
      {
        "name": "owner_call_step_up_rejections_immutable"
      },
      {
        "name": "owner_call_step_up_rejections_insert_guard"
      },
      {
        "name": "owner_call_step_up_rejections_terminalize"
      },
      {
        "name": "owner_call_step_up_repeat_checks_delete_forbidden"
      },
      {
        "name": "owner_call_step_up_repeat_checks_insert_guard"
      },
      {
        "name": "owner_call_step_up_repeat_checks_transition_guard"
      },
      {
        "name": "owner_call_step_up_reprompts_delete_forbidden"
      },
      {
        "name": "owner_call_step_up_reprompts_immutable"
      },
      {
        "name": "owner_call_step_up_reprompts_insert_guard"
      },
      {
        "name": "owner_call_step_up_reprompts_publish_exhaustion"
      },
      {
        "name": "owner_call_step_up_successes_delete_forbidden"
      },
      {
        "name": "owner_call_step_up_successes_immutable"
      },
      {
        "name": "owner_call_step_up_successes_insert_guard"
      },
      {
        "name": "owner_call_step_up_successes_publish_authority"
      },
      {
        "name": "owner_call_step_up_windows_delete_forbidden"
      },
      {
        "name": "owner_call_step_up_windows_immutable"
      },
      {
        "name": "owner_call_step_up_windows_insert_guard"
      },
      {
        "name": "owner_passphrase_disable_commit_guard"
      },
      {
        "name": "owner_passphrase_disable_commit_publish"
      },
      {
        "name": "owner_passphrase_disable_commits_delete_forbidden"
      },
      {
        "name": "owner_passphrase_disable_commits_immutable"
      },
      {
        "name": "owner_passphrase_heads_delete_forbidden"
      },
      {
        "name": "owner_passphrase_heads_insert_guard"
      },
      {
        "name": "owner_passphrase_heads_update_guard"
      },
      {
        "name": "owner_passphrase_rotation_commit_guard"
      },
      {
        "name": "owner_passphrase_rotation_commit_publish"
      },
      {
        "name": "owner_passphrase_rotation_commits_delete_forbidden"
      },
      {
        "name": "owner_passphrase_rotation_commits_immutable"
      },
      {
        "name": "owner_passphrase_verifiers_delete_forbidden"
      },
      {
        "name": "owner_passphrase_verifiers_insert_guard"
      },
      {
        "name": "owner_passphrase_verifiers_transition_guard"
      },
      {
        "name": "project_documents_reject_delete"
      },
      {
        "name": "project_observations_reject_delete"
      },
      {
        "name": "provider_events_relay_require_bound_session"
      },
      {
        "name": "provider_events_status_reconcile_attempt"
      },
      {
        "name": "provider_events_status_require_compatible_attempt"
      },
      {
        "name": "request_nonces_reclaim_and_cap"
      },
      {
        "name": "school_assignment_observation_revisions_delete_guard"
      },
      {
        "name": "school_assignment_observation_revisions_insert_guard"
      },
      {
        "name": "school_assignment_observation_revisions_update_guard"
      },
      {
        "name": "school_assignment_observations_delete_guard"
      },
      {
        "name": "school_assignment_observations_insert_guard"
      },
      {
        "name": "school_assignment_observations_update_guard"
      },
      {
        "name": "school_catchup_actions_core_immutable"
      },
      {
        "name": "school_catchup_actions_insert_guard"
      },
      {
        "name": "school_catchup_actions_planned_cap_insert"
      },
      {
        "name": "school_catchup_actions_reject_delete"
      },
      {
        "name": "school_catchup_actions_require_plan_turn"
      },
      {
        "name": "school_catchup_actions_status_transition"
      },
      {
        "name": "school_catchup_turn_receipts_insert_guard"
      },
      {
        "name": "school_catchup_turn_receipts_reject_delete"
      },
      {
        "name": "school_catchup_turn_receipts_reject_update"
      },
      {
        "name": "school_catchup_turn_receipts_require_turn"
      },
      {
        "name": "school_course_cards_active_cap_insert"
      },
      {
        "name": "school_course_cards_active_cap_update"
      },
      {
        "name": "school_course_cards_course_key_unique_update"
      },
      {
        "name": "school_course_cards_insert_guard"
      },
      {
        "name": "school_course_cards_primary_key_immutable"
      },
      {
        "name": "school_course_cards_reject_delete"
      },
      {
        "name": "school_course_cards_require_owner_turn_insert"
      },
      {
        "name": "school_course_cards_require_owner_turn_update"
      },
      {
        "name": "school_course_facts_active_cap_insert"
      },
      {
        "name": "school_course_facts_core_immutable"
      },
      {
        "name": "school_course_facts_insert_guard"
      },
      {
        "name": "school_course_facts_reject_delete"
      },
      {
        "name": "school_course_facts_require_owner_turn"
      },
      {
        "name": "school_course_facts_status_transition"
      },
      {
        "name": "school_missing_work_transitions_delete_guard"
      },
      {
        "name": "school_missing_work_transitions_insert_guard"
      },
      {
        "name": "school_missing_work_transitions_update_guard"
      },
      {
        "name": "school_observation_sync_delete_guard"
      },
      {
        "name": "school_observation_sync_insert_guard"
      },
      {
        "name": "school_observation_sync_update_guard"
      },
      {
        "name": "school_practice_items_core_immutable"
      },
      {
        "name": "school_practice_items_insert_guard"
      },
      {
        "name": "school_practice_items_open_cap"
      },
      {
        "name": "school_practice_items_reject_delete"
      },
      {
        "name": "school_practice_items_source_guard"
      },
      {
        "name": "school_practice_items_status_transition"
      },
      {
        "name": "school_study_evidence_active_cap"
      },
      {
        "name": "school_study_evidence_core_immutable"
      },
      {
        "name": "school_study_evidence_insert_guard"
      },
      {
        "name": "school_study_evidence_reject_delete"
      },
      {
        "name": "school_study_evidence_source_guard"
      },
      {
        "name": "school_study_evidence_status_transition"
      },
      {
        "name": "school_study_preferences_core_immutable"
      },
      {
        "name": "school_study_preferences_insert_guard"
      },
      {
        "name": "school_study_preferences_reject_delete"
      },
      {
        "name": "school_study_preferences_require_owner_turn_insert"
      },
      {
        "name": "school_study_preferences_require_owner_turn_update"
      },
      {
        "name": "sync_ack_receipts_apply_snapshot"
      },
      {
        "name": "sync_snapshots_reclaim_and_cap"
      },
      {
        "name": "university_application_items_cap_insert"
      },
      {
        "name": "university_application_items_cap_reactivate"
      },
      {
        "name": "university_application_items_core_immutable"
      },
      {
        "name": "university_application_items_insert_guard"
      },
      {
        "name": "university_application_items_reject_delete"
      },
      {
        "name": "university_application_items_require_owner_turn_insert"
      },
      {
        "name": "university_application_items_require_owner_turn_update"
      },
      {
        "name": "university_application_items_state_consistent_update"
      },
      {
        "name": "university_application_items_status_correction_guard"
      },
      {
        "name": "university_program_items_active_cap_insert"
      },
      {
        "name": "university_program_items_core_immutable"
      },
      {
        "name": "university_program_items_insert_guard"
      },
      {
        "name": "university_program_items_reject_delete"
      },
      {
        "name": "university_program_items_require_owner_turn"
      },
      {
        "name": "university_program_items_status_transition"
      },
      {
        "name": "university_programs_active_cap_insert"
      },
      {
        "name": "university_programs_active_cap_update"
      },
      {
        "name": "university_programs_insert_guard"
      },
      {
        "name": "university_programs_reject_delete"
      },
      {
        "name": "university_programs_require_owner_turn_insert"
      },
      {
        "name": "university_programs_require_owner_turn_update"
      },
      {
        "name": "university_programs_update_guard"
      },
      {
        "name": "university_tracker_turn_receipts_insert_guard"
      },
      {
        "name": "university_tracker_turn_receipts_reject_delete"
      },
      {
        "name": "university_tracker_turn_receipts_reject_update"
      },
      {
        "name": "university_tracker_turn_receipts_require_turn"
      },
      {
        "name": "voice_access_grant_events_delete_forbidden"
      },
      {
        "name": "voice_access_grant_events_immutable"
      },
      {
        "name": "voice_access_grants_delete_forbidden"
      },
      {
        "name": "voice_access_grants_immutable_lineage"
      },
      {
        "name": "voice_access_grants_require_guest_identity"
      },
      {
        "name": "voice_access_grants_status_invalid"
      },
      {
        "name": "voice_access_grants_version_invalid"
      },
      {
        "name": "voice_owner_identity_delete_forbidden"
      },
      {
        "name": "voice_owner_identity_immutable"
      },
      {
        "name": "voice_owner_identity_requires_voice_human"
      }
    ],
    "success": true,
    "meta": {
      "served_by": "v3-prod",
      "served_by_region": "ENAM",
      "served_by_colo": "EWR",
      "served_by_primary": true,
      "timings": {
        "sql_duration_ms": 1.7117
      },
      "duration": 1.7117,
      "changes": 0,
      "last_row_id": 28,
      "changed_db": false,
      "size_after": 2015232,
      "rows_read": 1057,
      "rows_written": 0,
      "total_attempts": 1
    }
  }
]
TRIGGER CHECK OK: 231/231 named triggers present.
===== RUNBOOK STEP 7 =====
PROMPT: Confirmed non-production scratch D1 name
PROMPT: Absolute SCRATCH CONFIG OUTSIDE REPO path from step 2

 ⛅️ wrangler 4.127.1 (update available 4.132.0)
───────────────────────────────────────────────
Resource location: remote 

🌀 Executing on remote database jarvis-scratch-rehearsal-0916e (b211bbe8-149f-4c72-b008-e6db48059340):
🌀 To execute on your local development database, remove the --remote flag from your wrangler command.
🚣 Executed 5 commands in 1.78ms
[
  {
    "results": [],
    "success": true,
    "meta": {
      "served_by": "v3-prod",
      "served_by_region": "ENAM",
      "served_by_colo": "EWR",
      "served_by_primary": true,
      "timings": {
        "sql_duration_ms": 0.1365
      },
      "duration": 0.1365,
      "changes": 0,
      "last_row_id": 28,
      "changed_db": false,
      "size_after": 2015232,
      "rows_read": 0,
      "rows_written": 0,
      "total_attempts": 1
    }
  },
  {
    "results": [],
    "success": true,
    "meta": {
      "served_by": "v3-prod",
      "served_by_region": "ENAM",
      "served_by_colo": "EWR",
      "served_by_primary": true,
      "timings": {
        "sql_duration_ms": 0.1035
      },
      "duration": 0.1035,
      "changes": 0,
      "last_row_id": 28,
      "changed_db": false,
      "size_after": 2015232,
      "rows_read": 0,
      "rows_written": 0,
      "total_attempts": 1
    }
  },
  {
    "results": [],
    "success": true,
    "meta": {
      "served_by": "v3-prod",
      "served_by_region": "ENAM",
      "served_by_colo": "EWR",
      "served_by_primary": true,
      "timings": {
        "sql_duration_ms": 0.7882
      },
      "duration": 0.7882,
      "changes": 0,
      "last_row_id": 28,
      "changed_db": true,
      "size_after": 2023424,
      "rows_read": 1,
      "rows_written": 3,
      "total_attempts": 1
    }
  },
  {
    "results": [],
    "success": true,
    "meta": {
      "served_by": "v3-prod",
      "served_by_region": "ENAM",
      "served_by_colo": "EWR",
      "served_by_primary": true,
      "timings": {
        "sql_duration_ms": 0.5998
      },
      "duration": 0.5998,
      "changes": 0,
      "last_row_id": 28,
      "changed_db": false,
      "size_after": 2023424,
      "rows_read": 0,
      "rows_written": 1,
      "total_attempts": 1
    }
  },
  {
    "results": [],
    "success": true,
    "meta": {
      "served_by": "v3-prod",
      "served_by_region": "ENAM",
      "served_by_colo": "EWR",
      "served_by_primary": true,
      "timings": {
        "sql_duration_ms": 0.1499
      },
      "duration": 0.1499,
      "changes": 1,
      "last_row_id": 28,
      "changed_db": true,
      "size_after": 2023424,
      "rows_read": 0,
      "rows_written": 2,
      "total_attempts": 1
    }
  }
]
UNIQUE GUARD OK: OR REPLACE primary key -> scratch_unique_guard_rejected
UNIQUE GUARD OK: OR IGNORE primary key -> scratch_unique_guard_rejected
UNIQUE GUARD OK: OR REPLACE alternate key -> scratch_unique_guard_rejected
UNIQUE GUARD OK: OR IGNORE alternate key -> scratch_unique_guard_rejected

 ⛅️ wrangler 4.127.1 (update available 4.132.0)
───────────────────────────────────────────────
Resource location: remote 

🌀 Executing on remote database jarvis-scratch-rehearsal-0916e (b211bbe8-149f-4c72-b008-e6db48059340):
🌀 To execute on your local development database, remove the --remote flag from your wrangler command.
🚣 Executed 1 command in 1.74ms
[
  {
    "results": [
      {
        "result": "UNIQUE ROW OK: first/one preserved."
      }
    ],
    "success": true,
    "meta": {
      "served_by": "v3-prod",
      "served_by_region": "ENAM",
      "served_by_colo": "EWR",
      "served_by_primary": true,
      "timings": {
        "sql_duration_ms": 1.737
      },
      "duration": 1.737,
      "changes": 0,
      "last_row_id": 28,
      "changed_db": false,
      "size_after": 2023424,
      "rows_read": 1,
      "rows_written": 0,
      "total_attempts": 1
    }
  }
]
===== RUNBOOK STEP 8 =====
PROMPT: Confirmed non-production scratch D1 name
PROMPT: Absolute SCRATCH CONFIG OUTSIDE REPO path from step 2

 ⛅️ wrangler 4.127.1 (update available 4.132.0)
───────────────────────────────────────────────
Resource location: remote 

🌀 Executing on remote database jarvis-scratch-rehearsal-0916e (b211bbe8-149f-4c72-b008-e6db48059340):
🌀 To execute on your local development database, remove the --remote flag from your wrangler command.

X [ERROR] A request to the Cloudflare API (/accounts/<account>/d1/database/b211bbe8-149f-4c72-b008-e6db48059340/query) failed.

  incomplete input: SQLITE_ERROR [code: 7500]
  
  If you think this is a bug, please open an issue at: https://github.com/cloudflare/workers-sdk/issues/new/choose


🪵  Logs were written to "C:\Users\Sid\AppData\Roaming\xdg.config\.wrangler\logs\wrangler-2026-09-16_17-38-45_361.log"
CASE RAISE CHECK OK: incomplete input: SQLITE_ERROR [code: 7500]
===== RUNBOOK STEP 9 =====
PROMPT: Confirmed non-production scratch D1 name to delete
PROMPT: Absolute SCRATCH CONFIG OUTSIDE REPO path from step 2
DELETE TARGET: jarvis-scratch-rehearsal-0916e is disposable scratch, not production.
PROMPT: Read DELETE TARGET aloud, then re-enter the exact scratch name

 ⛅️ wrangler 4.127.1 (update available 4.132.0)
───────────────────────────────────────────────
Resource location: remote 

🌀 Executing on remote database jarvis-scratch-rehearsal-0916e (b211bbe8-149f-4c72-b008-e6db48059340):
🌀 To execute on your local development database, remove the --remote flag from your wrangler command.
🚣 Executed 3 commands in 1.56ms
[
  {
    "results": [],
    "success": true,
    "meta": {
      "served_by": "v3-prod",
      "served_by_region": "ENAM",
      "served_by_colo": "EWR",
      "served_by_primary": true,
      "timings": {
        "sql_duration_ms": 0.183
      },
      "duration": 0.183,
      "changes": 0,
      "last_row_id": 28,
      "changed_db": false,
      "size_after": 2023424,
      "rows_read": 0,
      "rows_written": 0,
      "total_attempts": 1
    }
  },
  {
    "results": [],
    "success": true,
    "meta": {
      "served_by": "v3-prod",
      "served_by_region": "ENAM",
      "served_by_colo": "EWR",
      "served_by_primary": true,
      "timings": {
        "sql_duration_ms": 0.6834
      },
      "duration": 0.6834,
      "changes": 0,
      "last_row_id": 28,
      "changed_db": false,
      "size_after": 2023424,
      "rows_read": 714,
      "rows_written": 0,
      "total_attempts": 1
    }
  },
  {
    "results": [],
    "success": true,
    "meta": {
      "served_by": "v3-prod",
      "served_by_region": "ENAM",
      "served_by_colo": "EWR",
      "served_by_primary": true,
      "timings": {
        "sql_duration_ms": 0.6926
      },
      "duration": 0.6926,
      "changes": 0,
      "last_row_id": 28,
      "changed_db": true,
      "size_after": 2015232,
      "rows_read": 715,
      "rows_written": 0,
      "total_attempts": 1
    }
  }
]

 ⛅️ wrangler 4.127.1 (update available 4.132.0)
───────────────────────────────────────────────
Resource location: remote 

About to delete remote database DB 'jarvis-scratch-rehearsal-0916e' (b211bbe8-149f-4c72-b008-e6db48059340).
This action is irreversible and will permanently delete all data in the database.

Deleting...
Deleted 'jarvis-scratch-rehearsal-0916e' successfully.
SCRATCH DELETE OK: jarvis-scratch-rehearsal-0916e
SCRATCH CONFIG DELETE OK: C:\Users\Sid\AppData\Local\Temp\jarvis-jarvis-scratch-rehearsal-0916e-3725d092046c489bb4599a950a8a7299.toml
EXIT 0
