START 2026-09-16 18:03:56Z commit 6a7f2a3 PR71 round2 runbook as written
===== RUNBOOK STEP 2 =====
PROMPT: New throwaway D1 name containing 'scratch'
TARGET: jarvis-scratch-rehearsal-0916h is disposable scratch, not production.
PROMPT: Read TARGET aloud, then re-enter the exact scratch name

 ⛅️ wrangler 4.127.1 (update available 4.132.0)
───────────────────────────────────────────────
✅ Successfully created DB 'jarvis-scratch-rehearsal-0916h' in region ENAM
Created your new D1 database.

To access your new D1 Database in your Worker, add the following snippet to your configuration file:
{
  "d1_databases": [
    {
      "binding": "jarvis_scratch_rehearsal_0916h",
      "database_name": "jarvis-scratch-rehearsal-0916h",
      "database_id": "f9eacdbc-9861-486d-bd68-cc7ade31adc6"
    }
  ]
}
SCRATCH CREATE OK: jarvis-scratch-rehearsal-0916h
SCRATCH CONFIG OUTSIDE REPO: C:\Users\Sid\AppData\Local\Temp\jarvis-jarvis-scratch-rehearsal-0916h-63cbd6f2766a49c2b28177889b740f70.toml
===== RUNBOOK STEP 3 =====
✔ the runbook database id pattern accepts Wrangler JSON output and TOML (1.8522ms)
✔ the scratch baseline invokes Wrangler through Node and keeps each SQL statement in one command argument (0.5384ms)
✔ the scratch baseline loader uses the shared splitter for a trigger-bearing migration (2.4476ms)
✔ the baseline script builds the 0015-equivalent schema from an empty database through the shared splitter (31.2415ms)
✔ the candidate range begins at 0016 with unique ordered sequences and includes the reviewed 0016 through 0025 prefix (0.4117ms)
✔ candidate discovery accepts and reports a reserved sequence gap (1.105ms)
✔ candidate discovery refuses duplicate sequence numbers (7.516ms)
✔ candidate discovery refuses a range that does not begin at 0016 (0.9463ms)
✔ candidate discovery refuses a sub-0016 file that is not the complete baseline (1.0259ms)
✔ the scratch baseline stops without recording a receipt when a statement fails (0.2568ms)
ℹ tests 10
ℹ suites 0
ℹ pass 10
ℹ fail 0
ℹ cancelled 0
ℹ skipped 0
ℹ todo 0
ℹ duration_ms 105.0782
PROMPT: Confirmed non-production scratch D1 name
PROMPT: Absolute SCRATCH CONFIG OUTSIDE REPO path from step 2

 ⛅️ wrangler 4.127.1 (update available 4.132.0)
───────────────────────────────────────────────
Resource location: remote 

🌀 Executing on remote database jarvis-scratch-rehearsal-0916h (f9eacdbc-9861-486d-bd68-cc7ade31adc6):
🌀 To execute on your local development database, remove the --remote flag from your wrangler command.
🚣 Executed 1 command in 0.53ms
[
  {
    "results": [],
    "success": true,
    "meta": {
      "served_by": "v3-prod",
      "served_by_region": "ENAM",
      "served_by_colo": "ORD",
      "served_by_primary": true,
      "timings": {
        "sql_duration_ms": 0.5271
      },
      "duration": 0.5271,
      "changes": 0,
      "last_row_id": 0,
      "changed_db": true,
      "size_after": 24576,
      "rows_read": 2,
      "rows_written": 5,
      "total_attempts": 1
    }
  }
]
Applying 0001_foundation.sql: 53 split statements.

 ⛅️ wrangler 4.127.1 (update available 4.132.0)
───────────────────────────────────────────────
Resource location: remote 

🌀 Executing on remote database jarvis-scratch-rehearsal-0916h (f9eacdbc-9861-486d-bd68-cc7ade31adc6):
🌀 To execute on your local development database, remove the --remote flag from your wrangler command.
🚣 Executed 1 command in 0.17ms
[
  {
    "results": [],
    "success": true,
    "meta": {
      "served_by": "v3-prod",
      "served_by_region": "ENAM",
      "served_by_colo": "ORD",
      "served_by_primary": true,
      "timings": {
        "sql_duration_ms": 0.1711
      },
      "duration": 0.1711,
      "changes": 0,
      "last_row_id": 0,
      "changed_db": false,
      "size_after": 24576,
      "rows_read": 0,
      "rows_written": 0,
      "total_attempts": 1
    }
  }
]

 ⛅️ wrangler 4.127.1 (update available 4.132.0)
───────────────────────────────────────────────
Resource location: remote 

🌀 Executing on remote database jarvis-scratch-rehearsal-0916h (f9eacdbc-9861-486d-bd68-cc7ade31adc6):
🌀 To execute on your local development database, remove the --remote flag from your wrangler command.
🚣 Executed 1 command in 0.20ms
[
  {
    "results": [],
    "success": true,
    "meta": {
      "served_by": "v3-prod",
      "served_by_region": "ENAM",
      "served_by_colo": "ORD",
      "served_by_primary": true,
      "timings": {
        "sql_duration_ms": 0.2015
      },
      "duration": 0.2015,
      "changes": 0,
      "last_row_id": 0,
      "changed_db": true,
      "size_after": 32768,
      "rows_read": 1,
      "rows_written": 3,
      "total_attempts": 1
    }
  }
]

 ⛅️ wrangler 4.127.1 (update available 4.132.0)
───────────────────────────────────────────────
Resource location: remote 

🌀 Executing on remote database jarvis-scratch-rehearsal-0916h (f9eacdbc-9861-486d-bd68-cc7ade31adc6):
🌀 To execute on your local development database, remove the --remote flag from your wrangler command.
🚣 Executed 1 command in 0.27ms
[
  {
    "results": [],
    "success": true,
    "meta": {
      "served_by": "v3-prod",
      "served_by_region": "ENAM",
      "served_by_colo": "ORD",
      "served_by_primary": true,
      "timings": {
        "sql_duration_ms": 0.2677
      },
      "duration": 0.2677,
      "changes": 0,
      "last_row_id": 0,
      "changed_db": true,
      "size_after": 36864,
      "rows_read": 2,
      "rows_written": 1,
      "total_attempts": 1
    }
  }
]

 ⛅️ wrangler 4.127.1 (update available 4.132.0)
───────────────────────────────────────────────
Resource location: remote 

🌀 Executing on remote database jarvis-scratch-rehearsal-0916h (f9eacdbc-9861-486d-bd68-cc7ade31adc6):
🌀 To execute on your local development database, remove the --remote flag from your wrangler command.
🚣 Executed 1 command in 0.38ms
[
  {
    "results": [],
    "success": true,
    "meta": {
      "served_by": "v3-prod",
      "served_by_region": "ENAM",
      "served_by_colo": "ORD",
      "served_by_primary": true,
      "timings": {
        "sql_duration_ms": 0.3785
      },
      "duration": 0.3785,
      "changes": 0,
      "last_row_id": 0,
      "changed_db": true,
      "size_after": 65536,
      "rows_read": 1,
      "rows_written": 8,
      "total_attempts": 1
    }
  }
]

 ⛅️ wrangler 4.127.1 (update available 4.132.0)
───────────────────────────────────────────────
Resource location: remote 

🌀 Executing on remote database jarvis-scratch-rehearsal-0916h (f9eacdbc-9861-486d-bd68-cc7ade31adc6):
🌀 To execute on your local development database, remove the --remote flag from your wrangler command.
🚣 Executed 1 command in 0.29ms
[
  {
    "results": [],
    "success": true,
    "meta": {
      "served_by": "v3-prod",
      "served_by_region": "ENAM",
      "served_by_colo": "ORD",
      "served_by_primary": true,
      "timings": {
        "sql_duration_ms": 0.2902
      },
      "duration": 0.2902,
      "changes": 0,
      "last_row_id": 0,
      "changed_db": true,
      "size_after": 69632,
      "rows_read": 2,
      "rows_written": 1,
      "total_attempts": 1
    }
  }
]

 ⛅️ wrangler 4.127.1 (update available 4.132.0)
───────────────────────────────────────────────
Resource location: remote 

🌀 Executing on remote database jarvis-scratch-rehearsal-0916h (f9eacdbc-9861-486d-bd68-cc7ade31adc6):
🌀 To execute on your local development database, remove the --remote flag from your wrangler command.
🚣 Executed 1 command in 0.28ms
[
  {
    "results": [],
    "success": true,
    "meta": {
      "served_by": "v3-prod",
      "served_by_region": "ENAM",
      "served_by_colo": "ORD",
      "served_by_primary": true,
      "timings": {
        "sql_duration_ms": 0.283
      },
      "duration": 0.283,
      "changes": 0,
      "last_row_id": 0,
      "changed_db": true,
      "size_after": 81920,
      "rows_read": 1,
      "rows_written": 4,
      "total_attempts": 1
    }
  }
]

 ⛅️ wrangler 4.127.1 (update available 4.132.0)
───────────────────────────────────────────────
Resource location: remote 

🌀 Executing on remote database jarvis-scratch-rehearsal-0916h (f9eacdbc-9861-486d-bd68-cc7ade31adc6):
🌀 To execute on your local development database, remove the --remote flag from your wrangler command.
🚣 Executed 1 command in 0.25ms
[
  {
    "results": [],
    "success": true,
    "meta": {
      "served_by": "v3-prod",
      "served_by_region": "ENAM",
      "served_by_colo": "ORD",
      "served_by_primary": true,
      "timings": {
        "sql_duration_ms": 0.2467
      },
      "duration": 0.2467,
      "changes": 0,
      "last_row_id": 0,
      "changed_db": true,
      "size_after": 86016,
      "rows_read": 2,
      "rows_written": 1,
      "total_attempts": 1
    }
  }
]

 ⛅️ wrangler 4.127.1 (update available 4.132.0)
───────────────────────────────────────────────
Resource location: remote 

🌀 Executing on remote database jarvis-scratch-rehearsal-0916h (f9eacdbc-9861-486d-bd68-cc7ade31adc6):
🌀 To execute on your local development database, remove the --remote flag from your wrangler command.
🚣 Executed 1 command in 0.37ms
[
  {
    "results": [],
    "success": true,
    "meta": {
      "served_by": "v3-prod",
      "served_by_region": "ENAM",
      "served_by_colo": "ORD",
      "served_by_primary": true,
      "timings": {
        "sql_duration_ms": 0.3747
      },
      "duration": 0.3747,
      "changes": 0,
      "last_row_id": 0,
      "changed_db": true,
      "size_after": 102400,
      "rows_read": 1,
      "rows_written": 3,
      "total_attempts": 1
    }
  }
]

 ⛅️ wrangler 4.127.1 (update available 4.132.0)
───────────────────────────────────────────────
Resource location: remote 

🌀 Executing on remote database jarvis-scratch-rehearsal-0916h (f9eacdbc-9861-486d-bd68-cc7ade31adc6):
🌀 To execute on your local development database, remove the --remote flag from your wrangler command.
🚣 Executed 1 command in 0.37ms
[
  {
    "results": [],
    "success": true,
    "meta": {
      "served_by": "v3-prod",
      "served_by_region": "ENAM",
      "served_by_colo": "ORD",
      "served_by_primary": true,
      "timings": {
        "sql_duration_ms": 0.3669
      },
      "duration": 0.3669,
      "changes": 0,
      "last_row_id": 0,
      "changed_db": true,
      "size_after": 106496,
      "rows_read": 2,
      "rows_written": 1,
      "total_attempts": 1
    }
  }
]

 ⛅️ wrangler 4.127.1 (update available 4.132.0)
───────────────────────────────────────────────
Resource location: remote 

🌀 Executing on remote database jarvis-scratch-rehearsal-0916h (f9eacdbc-9861-486d-bd68-cc7ade31adc6):
🌀 To execute on your local development database, remove the --remote flag from your wrangler command.
🚣 Executed 1 command in 0.68ms
[
  {
    "results": [],
    "success": true,
    "meta": {
      "served_by": "v3-prod",
      "served_by_region": "ENAM",
      "served_by_colo": "ORD",
      "served_by_primary": true,
      "timings": {
        "sql_duration_ms": 0.6782
      },
      "duration": 0.6782,
      "changes": 0,
      "last_row_id": 0,
      "changed_db": false,
      "size_after": 106496,
      "rows_read": 0,
      "rows_written": 1,
      "total_attempts": 1
    }
  }
]

 ⛅️ wrangler 4.127.1 (update available 4.132.0)
───────────────────────────────────────────────
Resource location: remote 

🌀 Executing on remote database jarvis-scratch-rehearsal-0916h (f9eacdbc-9861-486d-bd68-cc7ade31adc6):
🌀 To execute on your local development database, remove the --remote flag from your wrangler command.
🚣 Executed 1 command in 0.44ms
[
  {
    "results": [],
    "success": true,
    "meta": {
      "served_by": "v3-prod",
      "served_by_region": "ENAM",
      "served_by_colo": "ORD",
      "served_by_primary": true,
      "timings": {
        "sql_duration_ms": 0.439
      },
      "duration": 0.439,
      "changes": 0,
      "last_row_id": 0,
      "changed_db": true,
      "size_after": 114688,
      "rows_read": 1,
      "rows_written": 3,
      "total_attempts": 1
    }
  }
]

 ⛅️ wrangler 4.127.1 (update available 4.132.0)
───────────────────────────────────────────────
Resource location: remote 

🌀 Executing on remote database jarvis-scratch-rehearsal-0916h (f9eacdbc-9861-486d-bd68-cc7ade31adc6):
🌀 To execute on your local development database, remove the --remote flag from your wrangler command.
🚣 Executed 1 command in 0.27ms
[
  {
    "results": [],
    "success": true,
    "meta": {
      "served_by": "v3-prod",
      "served_by_region": "ENAM",
      "served_by_colo": "ORD",
      "served_by_primary": true,
      "timings": {
        "sql_duration_ms": 0.268
      },
      "duration": 0.268,
      "changes": 0,
      "last_row_id": 0,
      "changed_db": true,
      "size_after": 118784,
      "rows_read": 2,
      "rows_written": 1,
      "total_attempts": 1
    }
  }
]

 ⛅️ wrangler 4.127.1 (update available 4.132.0)
───────────────────────────────────────────────
Resource location: remote 

🌀 Executing on remote database jarvis-scratch-rehearsal-0916h (f9eacdbc-9861-486d-bd68-cc7ade31adc6):
🌀 To execute on your local development database, remove the --remote flag from your wrangler command.
🚣 Executed 1 command in 0.24ms
[
  {
    "results": [],
    "success": true,
    "meta": {
      "served_by": "v3-prod",
      "served_by_region": "ENAM",
      "served_by_colo": "ORD",
      "served_by_primary": true,
      "timings": {
        "sql_duration_ms": 0.2409
      },
      "duration": 0.2409,
      "changes": 0,
      "last_row_id": 0,
      "changed_db": true,
      "size_after": 122880,
      "rows_read": 2,
      "rows_written": 1,
      "total_attempts": 1
    }
  }
]

 ⛅️ wrangler 4.127.1 (update available 4.132.0)
───────────────────────────────────────────────
Resource location: remote 

🌀 Executing on remote database jarvis-scratch-rehearsal-0916h (f9eacdbc-9861-486d-bd68-cc7ade31adc6):
🌀 To execute on your local development database, remove the --remote flag from your wrangler command.
🚣 Executed 1 command in 0.30ms
[
  {
    "results": [],
    "success": true,
    "meta": {
      "served_by": "v3-prod",
      "served_by_region": "ENAM",
      "served_by_colo": "ORD",
      "served_by_primary": true,
      "timings": {
        "sql_duration_ms": 0.2991
      },
      "duration": 0.2991,
      "changes": 0,
      "last_row_id": 0,
      "changed_db": true,
      "size_after": 135168,
      "rows_read": 1,
      "rows_written": 4,
      "total_attempts": 1
    }
  }
]

 ⛅️ wrangler 4.127.1 (update available 4.132.0)
───────────────────────────────────────────────
Resource location: remote 

🌀 Executing on remote database jarvis-scratch-rehearsal-0916h (f9eacdbc-9861-486d-bd68-cc7ade31adc6):
🌀 To execute on your local development database, remove the --remote flag from your wrangler command.
🚣 Executed 1 command in 0.59ms
[
  {
    "results": [],
    "success": true,
    "meta": {
      "served_by": "v3-prod",
      "served_by_region": "ENAM",
      "served_by_colo": "ORD",
      "served_by_primary": true,
      "timings": {
        "sql_duration_ms": 0.5852
      },
      "duration": 0.5852,
      "changes": 0,
      "last_row_id": 0,
      "changed_db": true,
      "size_after": 151552,
      "rows_read": 1,
      "rows_written": 4,
      "total_attempts": 1
    }
  }
]

 ⛅️ wrangler 4.127.1 (update available 4.132.0)
───────────────────────────────────────────────
Resource location: remote 

🌀 Executing on remote database jarvis-scratch-rehearsal-0916h (f9eacdbc-9861-486d-bd68-cc7ade31adc6):
🌀 To execute on your local development database, remove the --remote flag from your wrangler command.
🚣 Executed 1 command in 0.25ms
[
  {
    "results": [],
    "success": true,
    "meta": {
      "served_by": "v3-prod",
      "served_by_region": "ENAM",
      "served_by_colo": "ORD",
      "served_by_primary": true,
      "timings": {
        "sql_duration_ms": 0.2542
      },
      "duration": 0.2542,
      "changes": 0,
      "last_row_id": 0,
      "changed_db": true,
      "size_after": 155648,
      "rows_read": 2,
      "rows_written": 1,
      "total_attempts": 1
    }
  }
]

 ⛅️ wrangler 4.127.1 (update available 4.132.0)
───────────────────────────────────────────────
Resource location: remote 

🌀 Executing on remote database jarvis-scratch-rehearsal-0916h (f9eacdbc-9861-486d-bd68-cc7ade31adc6):
🌀 To execute on your local development database, remove the --remote flag from your wrangler command.
🚣 Executed 1 command in 0.30ms
[
  {
    "results": [],
    "success": true,
    "meta": {
      "served_by": "v3-prod",
      "served_by_region": "ENAM",
      "served_by_colo": "ORD",
      "served_by_primary": true,
      "timings": {
        "sql_duration_ms": 0.2968
      },
      "duration": 0.2968,
      "changes": 0,
      "last_row_id": 0,
      "changed_db": true,
      "size_after": 163840,
      "rows_read": 1,
      "rows_written": 3,
      "total_attempts": 1
    }
  }
]

 ⛅️ wrangler 4.127.1 (update available 4.132.0)
───────────────────────────────────────────────
Resource location: remote 

🌀 Executing on remote database jarvis-scratch-rehearsal-0916h (f9eacdbc-9861-486d-bd68-cc7ade31adc6):
🌀 To execute on your local development database, remove the --remote flag from your wrangler command.
🚣 Executed 1 command in 0.54ms
[
  {
    "results": [],
    "success": true,
    "meta": {
      "served_by": "v3-prod",
      "served_by_region": "ENAM",
      "served_by_colo": "ORD",
      "served_by_primary": true,
      "timings": {
        "sql_duration_ms": 0.5367
      },
      "duration": 0.5367,
      "changes": 0,
      "last_row_id": 0,
      "changed_db": true,
      "size_after": 176128,
      "rows_read": 1,
      "rows_written": 4,
      "total_attempts": 1
    }
  }
]

 ⛅️ wrangler 4.127.1 (update available 4.132.0)
───────────────────────────────────────────────
Resource location: remote 

🌀 Executing on remote database jarvis-scratch-rehearsal-0916h (f9eacdbc-9861-486d-bd68-cc7ade31adc6):
🌀 To execute on your local development database, remove the --remote flag from your wrangler command.
🚣 Executed 1 command in 0.24ms
[
  {
    "results": [],
    "success": true,
    "meta": {
      "served_by": "v3-prod",
      "served_by_region": "ENAM",
      "served_by_colo": "ORD",
      "served_by_primary": true,
      "timings": {
        "sql_duration_ms": 0.238
      },
      "duration": 0.238,
      "changes": 0,
      "last_row_id": 0,
      "changed_db": true,
      "size_after": 180224,
      "rows_read": 2,
      "rows_written": 1,
      "total_attempts": 1
    }
  }
]

 ⛅️ wrangler 4.127.1 (update available 4.132.0)
───────────────────────────────────────────────
Resource location: remote 

🌀 Executing on remote database jarvis-scratch-rehearsal-0916h (f9eacdbc-9861-486d-bd68-cc7ade31adc6):
🌀 To execute on your local development database, remove the --remote flag from your wrangler command.
🚣 Executed 1 command in 0.24ms
[
  {
    "results": [],
    "success": true,
    "meta": {
      "served_by": "v3-prod",
      "served_by_region": "ENAM",
      "served_by_colo": "ORD",
      "served_by_primary": true,
      "timings": {
        "sql_duration_ms": 0.2415
      },
      "duration": 0.2415,
      "changes": 0,
      "last_row_id": 0,
      "changed_db": true,
      "size_after": 184320,
      "rows_read": 2,
      "rows_written": 1,
      "total_attempts": 1
    }
  }
]

 ⛅️ wrangler 4.127.1 (update available 4.132.0)
───────────────────────────────────────────────
Resource location: remote 

🌀 Executing on remote database jarvis-scratch-rehearsal-0916h (f9eacdbc-9861-486d-bd68-cc7ade31adc6):
🌀 To execute on your local development database, remove the --remote flag from your wrangler command.
🚣 Executed 1 command in 0.35ms
[
  {
    "results": [],
    "success": true,
    "meta": {
      "served_by": "v3-prod",
      "served_by_region": "ENAM",
      "served_by_colo": "ORD",
      "served_by_primary": true,
      "timings": {
        "sql_duration_ms": 0.3472
      },
      "duration": 0.3472,
      "changes": 0,
      "last_row_id": 0,
      "changed_db": true,
      "size_after": 200704,
      "rows_read": 1,
      "rows_written": 4,
      "total_attempts": 1
    }
  }
]

 ⛅️ wrangler 4.127.1 (update available 4.132.0)
───────────────────────────────────────────────
Resource location: remote 

🌀 Executing on remote database jarvis-scratch-rehearsal-0916h (f9eacdbc-9861-486d-bd68-cc7ade31adc6):
🌀 To execute on your local development database, remove the --remote flag from your wrangler command.
🚣 Executed 1 command in 0.21ms
[
  {
    "results": [],
    "success": true,
    "meta": {
      "served_by": "v3-prod",
      "served_by_region": "ENAM",
      "served_by_colo": "ORD",
      "served_by_primary": true,
      "timings": {
        "sql_duration_ms": 0.2125
      },
      "duration": 0.2125,
      "changes": 0,
      "last_row_id": 0,
      "changed_db": true,
      "size_after": 204800,
      "rows_read": 2,
      "rows_written": 1,
      "total_attempts": 1
    }
  }
]

 ⛅️ wrangler 4.127.1 (update available 4.132.0)
───────────────────────────────────────────────
Resource location: remote 

🌀 Executing on remote database jarvis-scratch-rehearsal-0916h (f9eacdbc-9861-486d-bd68-cc7ade31adc6):
🌀 To execute on your local development database, remove the --remote flag from your wrangler command.
🚣 Executed 1 command in 0.34ms
[
  {
    "results": [],
    "success": true,
    "meta": {
      "served_by": "v3-prod",
      "served_by_region": "ENAM",
      "served_by_colo": "ORD",
      "served_by_primary": true,
      "timings": {
        "sql_duration_ms": 0.3358
      },
      "duration": 0.3358,
      "changes": 0,
      "last_row_id": 0,
      "changed_db": false,
      "size_after": 204800,
      "rows_read": 0,
      "rows_written": 1,
      "total_attempts": 1
    }
  }
]

 ⛅️ wrangler 4.127.1 (update available 4.132.0)
───────────────────────────────────────────────
Resource location: remote 

🌀 Executing on remote database jarvis-scratch-rehearsal-0916h (f9eacdbc-9861-486d-bd68-cc7ade31adc6):
🌀 To execute on your local development database, remove the --remote flag from your wrangler command.
🚣 Executed 1 command in 0.47ms
[
  {
    "results": [],
    "success": true,
    "meta": {
      "served_by": "v3-prod",
      "served_by_region": "ENAM",
      "served_by_colo": "ORD",
      "served_by_primary": true,
      "timings": {
        "sql_duration_ms": 0.4748
      },
      "duration": 0.4748,
      "changes": 0,
      "last_row_id": 0,
      "changed_db": true,
      "size_after": 217088,
      "rows_read": 1,
      "rows_written": 4,
      "total_attempts": 1
    }
  }
]

 ⛅️ wrangler 4.127.1 (update available 4.132.0)
───────────────────────────────────────────────
Resource location: remote 

🌀 Executing on remote database jarvis-scratch-rehearsal-0916h (f9eacdbc-9861-486d-bd68-cc7ade31adc6):
🌀 To execute on your local development database, remove the --remote flag from your wrangler command.
🚣 Executed 1 command in 0.20ms
[
  {
    "results": [],
    "success": true,
    "meta": {
      "served_by": "v3-prod",
      "served_by_region": "ENAM",
      "served_by_colo": "ORD",
      "served_by_primary": true,
      "timings": {
        "sql_duration_ms": 0.2035
      },
      "duration": 0.2035,
      "changes": 0,
      "last_row_id": 0,
      "changed_db": true,
      "size_after": 221184,
      "rows_read": 2,
      "rows_written": 1,
      "total_attempts": 1
    }
  }
]

 ⛅️ wrangler 4.127.1 (update available 4.132.0)
───────────────────────────────────────────────
Resource location: remote 

🌀 Executing on remote database jarvis-scratch-rehearsal-0916h (f9eacdbc-9861-486d-bd68-cc7ade31adc6):
🌀 To execute on your local development database, remove the --remote flag from your wrangler command.
🚣 Executed 1 command in 0.47ms
[
  {
    "results": [],
    "success": true,
    "meta": {
      "served_by": "v3-prod",
      "served_by_region": "ENAM",
      "served_by_colo": "ORD",
      "served_by_primary": true,
      "timings": {
        "sql_duration_ms": 0.4737
      },
      "duration": 0.4737,
      "changes": 0,
      "last_row_id": 0,
      "changed_db": true,
      "size_after": 233472,
      "rows_read": 1,
      "rows_written": 4,
      "total_attempts": 1
    }
  }
]

 ⛅️ wrangler 4.127.1 (update available 4.132.0)
───────────────────────────────────────────────
Resource location: remote 

🌀 Executing on remote database jarvis-scratch-rehearsal-0916h (f9eacdbc-9861-486d-bd68-cc7ade31adc6):
🌀 To execute on your local development database, remove the --remote flag from your wrangler command.
🚣 Executed 1 command in 0.40ms
[
  {
    "results": [],
    "success": true,
    "meta": {
      "served_by": "v3-prod",
      "served_by_region": "ENAM",
      "served_by_colo": "ORD",
      "served_by_primary": true,
      "timings": {
        "sql_duration_ms": 0.3992
      },
      "duration": 0.3992,
      "changes": 0,
      "last_row_id": 0,
      "changed_db": true,
      "size_after": 237568,
      "rows_read": 2,
      "rows_written": 1,
      "total_attempts": 1
    }
  }
]

 ⛅️ wrangler 4.127.1 (update available 4.132.0)
───────────────────────────────────────────────
Resource location: remote 

🌀 Executing on remote database jarvis-scratch-rehearsal-0916h (f9eacdbc-9861-486d-bd68-cc7ade31adc6):
🌀 To execute on your local development database, remove the --remote flag from your wrangler command.
🚣 Executed 1 command in 0.32ms
[
  {
    "results": [],
    "success": true,
    "meta": {
      "served_by": "v3-prod",
      "served_by_region": "ENAM",
      "served_by_colo": "ORD",
      "served_by_primary": true,
      "timings": {
        "sql_duration_ms": 0.3217
      },
      "duration": 0.3217,
      "changes": 0,
      "last_row_id": 0,
      "changed_db": true,
      "size_after": 249856,
      "rows_read": 1,
      "rows_written": 3,
      "total_attempts": 1
    }
  }
]

 ⛅️ wrangler 4.127.1 (update available 4.132.0)
───────────────────────────────────────────────
Resource location: remote 

🌀 Executing on remote database jarvis-scratch-rehearsal-0916h (f9eacdbc-9861-486d-bd68-cc7ade31adc6):
🌀 To execute on your local development database, remove the --remote flag from your wrangler command.
🚣 Executed 1 command in 0.38ms
[
  {
    "results": [],
    "success": true,
    "meta": {
      "served_by": "v3-prod",
      "served_by_region": "ENAM",
      "served_by_colo": "ORD",
      "served_by_primary": true,
      "timings": {
        "sql_duration_ms": 0.3836
      },
      "duration": 0.3836,
      "changes": 0,
      "last_row_id": 0,
      "changed_db": true,
      "size_after": 253952,
      "rows_read": 2,
      "rows_written": 1,
      "total_attempts": 1
    }
  }
]

 ⛅️ wrangler 4.127.1 (update available 4.132.0)
───────────────────────────────────────────────
Resource location: remote 

🌀 Executing on remote database jarvis-scratch-rehearsal-0916h (f9eacdbc-9861-486d-bd68-cc7ade31adc6):
🌀 To execute on your local development database, remove the --remote flag from your wrangler command.
🚣 Executed 1 command in 0.29ms
[
  {
    "results": [],
    "success": true,
    "meta": {
      "served_by": "v3-prod",
      "served_by_region": "ENAM",
      "served_by_colo": "ORD",
      "served_by_primary": true,
      "timings": {
        "sql_duration_ms": 0.2899
      },
      "duration": 0.2899,
      "changes": 0,
      "last_row_id": 0,
      "changed_db": true,
      "size_after": 258048,
      "rows_read": 1,
      "rows_written": 2,
      "total_attempts": 1
    }
  }
]

 ⛅️ wrangler 4.127.1 (update available 4.132.0)
───────────────────────────────────────────────
Resource location: remote 

🌀 Executing on remote database jarvis-scratch-rehearsal-0916h (f9eacdbc-9861-486d-bd68-cc7ade31adc6):
🌀 To execute on your local development database, remove the --remote flag from your wrangler command.
🚣 Executed 1 command in 0.18ms
[
  {
    "results": [],
    "success": true,
    "meta": {
      "served_by": "v3-prod",
      "served_by_region": "ENAM",
      "served_by_colo": "ORD",
      "served_by_primary": true,
      "timings": {
        "sql_duration_ms": 0.1849
      },
      "duration": 0.1849,
      "changes": 1,
      "last_row_id": 1,
      "changed_db": true,
      "size_after": 258048,
      "rows_read": 1,
      "rows_written": 1,
      "total_attempts": 1
    }
  }
]

 ⛅️ wrangler 4.127.1 (update available 4.132.0)
───────────────────────────────────────────────
Resource location: remote 

🌀 Executing on remote database jarvis-scratch-rehearsal-0916h (f9eacdbc-9861-486d-bd68-cc7ade31adc6):
🌀 To execute on your local development database, remove the --remote flag from your wrangler command.
🚣 Executed 1 command in 0.41ms
[
  {
    "results": [],
    "success": true,
    "meta": {
      "served_by": "v3-prod",
      "served_by_region": "ENAM",
      "served_by_colo": "ORD",
      "served_by_primary": true,
      "timings": {
        "sql_duration_ms": 0.4064
      },
      "duration": 0.4064,
      "changes": 0,
      "last_row_id": 1,
      "changed_db": true,
      "size_after": 278528,
      "rows_read": 1,
      "rows_written": 6,
      "total_attempts": 1
    }
  }
]

 ⛅️ wrangler 4.127.1 (update available 4.132.0)
───────────────────────────────────────────────
Resource location: remote 

🌀 Executing on remote database jarvis-scratch-rehearsal-0916h (f9eacdbc-9861-486d-bd68-cc7ade31adc6):
🌀 To execute on your local development database, remove the --remote flag from your wrangler command.
🚣 Executed 1 command in 0.31ms
[
  {
    "results": [],
    "success": true,
    "meta": {
      "served_by": "v3-prod",
      "served_by_region": "ENAM",
      "served_by_colo": "ORD",
      "served_by_primary": true,
      "timings": {
        "sql_duration_ms": 0.3084
      },
      "duration": 0.3084,
      "changes": 0,
      "last_row_id": 1,
      "changed_db": true,
      "size_after": 282624,
      "rows_read": 2,
      "rows_written": 1,
      "total_attempts": 1
    }
  }
]

 ⛅️ wrangler 4.127.1 (update available 4.132.0)
───────────────────────────────────────────────
Resource location: remote 

🌀 Executing on remote database jarvis-scratch-rehearsal-0916h (f9eacdbc-9861-486d-bd68-cc7ade31adc6):
🌀 To execute on your local development database, remove the --remote flag from your wrangler command.
🚣 Executed 1 command in 0.32ms
[
  {
    "results": [],
    "success": true,
    "meta": {
      "served_by": "v3-prod",
      "served_by_region": "ENAM",
      "served_by_colo": "ORD",
      "served_by_primary": true,
      "timings": {
        "sql_duration_ms": 0.3211
      },
      "duration": 0.3211,
      "changes": 0,
      "last_row_id": 1,
      "changed_db": true,
      "size_after": 303104,
      "rows_read": 1,
      "rows_written": 6,
      "total_attempts": 1
    }
  }
]

 ⛅️ wrangler 4.127.1 (update available 4.132.0)
───────────────────────────────────────────────
Resource location: remote 

🌀 Executing on remote database jarvis-scratch-rehearsal-0916h (f9eacdbc-9861-486d-bd68-cc7ade31adc6):
🌀 To execute on your local development database, remove the --remote flag from your wrangler command.
🚣 Executed 1 command in 0.41ms
[
  {
    "results": [],
    "success": true,
    "meta": {
      "served_by": "v3-prod",
      "served_by_region": "ENAM",
      "served_by_colo": "ORD",
      "served_by_primary": true,
      "timings": {
        "sql_duration_ms": 0.4062
      },
      "duration": 0.4062,
      "changes": 0,
      "last_row_id": 1,
      "changed_db": true,
      "size_after": 315392,
      "rows_read": 1,
      "rows_written": 4,
      "total_attempts": 1
    }
  }
]

 ⛅️ wrangler 4.127.1 (update available 4.132.0)
───────────────────────────────────────────────
Resource location: remote 

🌀 Executing on remote database jarvis-scratch-rehearsal-0916h (f9eacdbc-9861-486d-bd68-cc7ade31adc6):
🌀 To execute on your local development database, remove the --remote flag from your wrangler command.
🚣 Executed 1 command in 0.34ms
[
  {
    "results": [],
    "success": true,
    "meta": {
      "served_by": "v3-prod",
      "served_by_region": "ENAM",
      "served_by_colo": "ORD",
      "served_by_primary": true,
      "timings": {
        "sql_duration_ms": 0.3355
      },
      "duration": 0.3355,
      "changes": 0,
      "last_row_id": 1,
      "changed_db": true,
      "size_after": 323584,
      "rows_read": 2,
      "rows_written": 1,
      "total_attempts": 1
    }
  }
]

 ⛅️ wrangler 4.127.1 (update available 4.132.0)
───────────────────────────────────────────────
Resource location: remote 

🌀 Executing on remote database jarvis-scratch-rehearsal-0916h (f9eacdbc-9861-486d-bd68-cc7ade31adc6):
🌀 To execute on your local development database, remove the --remote flag from your wrangler command.
🚣 Executed 1 command in 0.39ms
[
  {
    "results": [],
    "success": true,
    "meta": {
      "served_by": "v3-prod",
      "served_by_region": "ENAM",
      "served_by_colo": "ORD",
      "served_by_primary": true,
      "timings": {
        "sql_duration_ms": 0.3917
      },
      "duration": 0.3917,
      "changes": 0,
      "last_row_id": 1,
      "changed_db": true,
      "size_after": 331776,
      "rows_read": 1,
      "rows_written": 3,
      "total_attempts": 1
    }
  }
]

 ⛅️ wrangler 4.127.1 (update available 4.132.0)
───────────────────────────────────────────────
Resource location: remote 

🌀 Executing on remote database jarvis-scratch-rehearsal-0916h (f9eacdbc-9861-486d-bd68-cc7ade31adc6):
🌀 To execute on your local development database, remove the --remote flag from your wrangler command.
🚣 Executed 1 command in 0.23ms
[
  {
    "results": [],
    "success": true,
    "meta": {
      "served_by": "v3-prod",
      "served_by_region": "ENAM",
      "served_by_colo": "ORD",
      "served_by_primary": true,
      "timings": {
        "sql_duration_ms": 0.2266
      },
      "duration": 0.2266,
      "changes": 0,
      "last_row_id": 1,
      "changed_db": false,
      "size_after": 331776,
      "rows_read": 0,
      "rows_written": 1,
      "total_attempts": 1
    }
  }
]

 ⛅️ wrangler 4.127.1 (update available 4.132.0)
───────────────────────────────────────────────
Resource location: remote 

🌀 Executing on remote database jarvis-scratch-rehearsal-0916h (f9eacdbc-9861-486d-bd68-cc7ade31adc6):
🌀 To execute on your local development database, remove the --remote flag from your wrangler command.
🚣 Executed 1 command in 0.30ms
[
  {
    "results": [],
    "success": true,
    "meta": {
      "served_by": "v3-prod",
      "served_by_region": "ENAM",
      "served_by_colo": "ORD",
      "served_by_primary": true,
      "timings": {
        "sql_duration_ms": 0.2968
      },
      "duration": 0.2968,
      "changes": 0,
      "last_row_id": 1,
      "changed_db": false,
      "size_after": 331776,
      "rows_read": 0,
      "rows_written": 1,
      "total_attempts": 1
    }
  }
]

 ⛅️ wrangler 4.127.1 (update available 4.132.0)
───────────────────────────────────────────────
Resource location: remote 

🌀 Executing on remote database jarvis-scratch-rehearsal-0916h (f9eacdbc-9861-486d-bd68-cc7ade31adc6):
🌀 To execute on your local development database, remove the --remote flag from your wrangler command.
🚣 Executed 1 command in 0.28ms
[
  {
    "results": [],
    "success": true,
    "meta": {
      "served_by": "v3-prod",
      "served_by_region": "ENAM",
      "served_by_colo": "ORD",
      "served_by_primary": true,
      "timings": {
        "sql_duration_ms": 0.2797
      },
      "duration": 0.2797,
      "changes": 0,
      "last_row_id": 1,
      "changed_db": false,
      "size_after": 331776,
      "rows_read": 0,
      "rows_written": 1,
      "total_attempts": 1
    }
  }
]

 ⛅️ wrangler 4.127.1 (update available 4.132.0)
───────────────────────────────────────────────
Resource location: remote 

🌀 Executing on remote database jarvis-scratch-rehearsal-0916h (f9eacdbc-9861-486d-bd68-cc7ade31adc6):
🌀 To execute on your local development database, remove the --remote flag from your wrangler command.
🚣 Executed 1 command in 0.24ms
[
  {
    "results": [],
    "success": true,
    "meta": {
      "served_by": "v3-prod",
      "served_by_region": "ENAM",
      "served_by_colo": "ORD",
      "served_by_primary": true,
      "timings": {
        "sql_duration_ms": 0.2397
      },
      "duration": 0.2397,
      "changes": 0,
      "last_row_id": 1,
      "changed_db": false,
      "size_after": 331776,
      "rows_read": 0,
      "rows_written": 1,
      "total_attempts": 1
    }
  }
]

 ⛅️ wrangler 4.127.1 (update available 4.132.0)
───────────────────────────────────────────────
Resource location: remote 

🌀 Executing on remote database jarvis-scratch-rehearsal-0916h (f9eacdbc-9861-486d-bd68-cc7ade31adc6):
🌀 To execute on your local development database, remove the --remote flag from your wrangler command.
🚣 Executed 1 command in 0.31ms
[
  {
    "results": [],
    "success": true,
    "meta": {
      "served_by": "v3-prod",
      "served_by_region": "ENAM",
      "served_by_colo": "ORD",
      "served_by_primary": true,
      "timings": {
        "sql_duration_ms": 0.3063
      },
      "duration": 0.3063,
      "changes": 0,
      "last_row_id": 1,
      "changed_db": false,
      "size_after": 331776,
      "rows_read": 0,
      "rows_written": 1,
      "total_attempts": 1
    }
  }
]

 ⛅️ wrangler 4.127.1 (update available 4.132.0)
───────────────────────────────────────────────
Resource location: remote 

🌀 Executing on remote database jarvis-scratch-rehearsal-0916h (f9eacdbc-9861-486d-bd68-cc7ade31adc6):
🌀 To execute on your local development database, remove the --remote flag from your wrangler command.
🚣 Executed 1 command in 0.32ms
[
  {
    "results": [],
    "success": true,
    "meta": {
      "served_by": "v3-prod",
      "served_by_region": "ENAM",
      "served_by_colo": "ORD",
      "served_by_primary": true,
      "timings": {
        "sql_duration_ms": 0.3242
      },
      "duration": 0.3242,
      "changes": 0,
      "last_row_id": 1,
      "changed_db": false,
      "size_after": 331776,
      "rows_read": 0,
      "rows_written": 1,
      "total_attempts": 1
    }
  }
]

 ⛅️ wrangler 4.127.1 (update available 4.132.0)
───────────────────────────────────────────────
Resource location: remote 

🌀 Executing on remote database jarvis-scratch-rehearsal-0916h (f9eacdbc-9861-486d-bd68-cc7ade31adc6):
🌀 To execute on your local development database, remove the --remote flag from your wrangler command.
🚣 Executed 1 command in 0.35ms
[
  {
    "results": [],
    "success": true,
    "meta": {
      "served_by": "v3-prod",
      "served_by_region": "ENAM",
      "served_by_colo": "ORD",
      "served_by_primary": true,
      "timings": {
        "sql_duration_ms": 0.353
      },
      "duration": 0.353,
      "changes": 0,
      "last_row_id": 1,
      "changed_db": false,
      "size_after": 331776,
      "rows_read": 0,
      "rows_written": 1,
      "total_attempts": 1
    }
  }
]

 ⛅️ wrangler 4.127.1 (update available 4.132.0)
───────────────────────────────────────────────
Resource location: remote 

🌀 Executing on remote database jarvis-scratch-rehearsal-0916h (f9eacdbc-9861-486d-bd68-cc7ade31adc6):
🌀 To execute on your local development database, remove the --remote flag from your wrangler command.
🚣 Executed 1 command in 0.21ms
[
  {
    "results": [],
    "success": true,
    "meta": {
      "served_by": "v3-prod",
      "served_by_region": "ENAM",
      "served_by_colo": "ORD",
      "served_by_primary": true,
      "timings": {
        "sql_duration_ms": 0.2072
      },
      "duration": 0.2072,
      "changes": 0,
      "last_row_id": 1,
      "changed_db": false,
      "size_after": 331776,
      "rows_read": 0,
      "rows_written": 1,
      "total_attempts": 1
    }
  }
]

 ⛅️ wrangler 4.127.1 (update available 4.132.0)
───────────────────────────────────────────────
Resource location: remote 

🌀 Executing on remote database jarvis-scratch-rehearsal-0916h (f9eacdbc-9861-486d-bd68-cc7ade31adc6):
🌀 To execute on your local development database, remove the --remote flag from your wrangler command.
🚣 Executed 1 command in 0.43ms
[
  {
    "results": [],
    "success": true,
    "meta": {
      "served_by": "v3-prod",
      "served_by_region": "ENAM",
      "served_by_colo": "ORD",
      "served_by_primary": true,
      "timings": {
        "sql_duration_ms": 0.4255
      },
      "duration": 0.4255,
      "changes": 0,
      "last_row_id": 1,
      "changed_db": true,
      "size_after": 335872,
      "rows_read": 0,
      "rows_written": 1,
      "total_attempts": 1
    }
  }
]

 ⛅️ wrangler 4.127.1 (update available 4.132.0)
───────────────────────────────────────────────
Resource location: remote 

🌀 Executing on remote database jarvis-scratch-rehearsal-0916h (f9eacdbc-9861-486d-bd68-cc7ade31adc6):
🌀 To execute on your local development database, remove the --remote flag from your wrangler command.
🚣 Executed 1 command in 0.32ms
[
  {
    "results": [],
    "success": true,
    "meta": {
      "served_by": "v3-prod",
      "served_by_region": "ENAM",
      "served_by_colo": "ORD",
      "served_by_primary": true,
      "timings": {
        "sql_duration_ms": 0.3244
      },
      "duration": 0.3244,
      "changes": 0,
      "last_row_id": 1,
      "changed_db": false,
      "size_after": 335872,
      "rows_read": 0,
      "rows_written": 1,
      "total_attempts": 1
    }
  }
]

 ⛅️ wrangler 4.127.1 (update available 4.132.0)
───────────────────────────────────────────────
Resource location: remote 

🌀 Executing on remote database jarvis-scratch-rehearsal-0916h (f9eacdbc-9861-486d-bd68-cc7ade31adc6):
🌀 To execute on your local development database, remove the --remote flag from your wrangler command.
🚣 Executed 1 command in 0.55ms
[
  {
    "results": [],
    "success": true,
    "meta": {
      "served_by": "v3-prod",
      "served_by_region": "ENAM",
      "served_by_colo": "ORD",
      "served_by_primary": true,
      "timings": {
        "sql_duration_ms": 0.5536
      },
      "duration": 0.5536,
      "changes": 0,
      "last_row_id": 1,
      "changed_db": false,
      "size_after": 335872,
      "rows_read": 0,
      "rows_written": 1,
      "total_attempts": 1
    }
  }
]

 ⛅️ wrangler 4.127.1 (update available 4.132.0)
───────────────────────────────────────────────
Resource location: remote 

🌀 Executing on remote database jarvis-scratch-rehearsal-0916h (f9eacdbc-9861-486d-bd68-cc7ade31adc6):
🌀 To execute on your local development database, remove the --remote flag from your wrangler command.
🚣 Executed 1 command in 0.29ms
[
  {
    "results": [],
    "success": true,
    "meta": {
      "served_by": "v3-prod",
      "served_by_region": "ENAM",
      "served_by_colo": "ORD",
      "served_by_primary": true,
      "timings": {
        "sql_duration_ms": 0.2901
      },
      "duration": 0.2901,
      "changes": 0,
      "last_row_id": 1,
      "changed_db": false,
      "size_after": 335872,
      "rows_read": 0,
      "rows_written": 1,
      "total_attempts": 1
    }
  }
]

 ⛅️ wrangler 4.127.1 (update available 4.132.0)
───────────────────────────────────────────────
Resource location: remote 

🌀 Executing on remote database jarvis-scratch-rehearsal-0916h (f9eacdbc-9861-486d-bd68-cc7ade31adc6):
🌀 To execute on your local development database, remove the --remote flag from your wrangler command.
🚣 Executed 1 command in 0.23ms
[
  {
    "results": [],
    "success": true,
    "meta": {
      "served_by": "v3-prod",
      "served_by_region": "ENAM",
      "served_by_colo": "ORD",
      "served_by_primary": true,
      "timings": {
        "sql_duration_ms": 0.2285
      },
      "duration": 0.2285,
      "changes": 0,
      "last_row_id": 1,
      "changed_db": false,
      "size_after": 335872,
      "rows_read": 0,
      "rows_written": 1,
      "total_attempts": 1
    }
  }
]

 ⛅️ wrangler 4.127.1 (update available 4.132.0)
───────────────────────────────────────────────
Resource location: remote 

🌀 Executing on remote database jarvis-scratch-rehearsal-0916h (f9eacdbc-9861-486d-bd68-cc7ade31adc6):
🌀 To execute on your local development database, remove the --remote flag from your wrangler command.
🚣 Executed 1 command in 0.24ms
[
  {
    "results": [],
    "success": true,
    "meta": {
      "served_by": "v3-prod",
      "served_by_region": "ENAM",
      "served_by_colo": "ORD",
      "served_by_primary": true,
      "timings": {
        "sql_duration_ms": 0.236
      },
      "duration": 0.236,
      "changes": 0,
      "last_row_id": 1,
      "changed_db": false,
      "size_after": 335872,
      "rows_read": 0,
      "rows_written": 1,
      "total_attempts": 1
    }
  }
]

 ⛅️ wrangler 4.127.1 (update available 4.132.0)
───────────────────────────────────────────────
Resource location: remote 

🌀 Executing on remote database jarvis-scratch-rehearsal-0916h (f9eacdbc-9861-486d-bd68-cc7ade31adc6):
🌀 To execute on your local development database, remove the --remote flag from your wrangler command.
🚣 Executed 1 command in 0.34ms
[
  {
    "results": [],
    "success": true,
    "meta": {
      "served_by": "v3-prod",
      "served_by_region": "ENAM",
      "served_by_colo": "ORD",
      "served_by_primary": true,
      "timings": {
        "sql_duration_ms": 0.3384
      },
      "duration": 0.3384,
      "changes": 0,
      "last_row_id": 1,
      "changed_db": false,
      "size_after": 335872,
      "rows_read": 0,
      "rows_written": 1,
      "total_attempts": 1
    }
  }
]

 ⛅️ wrangler 4.127.1 (update available 4.132.0)
───────────────────────────────────────────────
Resource location: remote 

🌀 Executing on remote database jarvis-scratch-rehearsal-0916h (f9eacdbc-9861-486d-bd68-cc7ade31adc6):
🌀 To execute on your local development database, remove the --remote flag from your wrangler command.
🚣 Executed 1 command in 0.23ms
[
  {
    "results": [],
    "success": true,
    "meta": {
      "served_by": "v3-prod",
      "served_by_region": "ENAM",
      "served_by_colo": "ORD",
      "served_by_primary": true,
      "timings": {
        "sql_duration_ms": 0.2259
      },
      "duration": 0.2259,
      "changes": 0,
      "last_row_id": 1,
      "changed_db": false,
      "size_after": 335872,
      "rows_read": 0,
      "rows_written": 1,
      "total_attempts": 1
    }
  }
]

 ⛅️ wrangler 4.127.1 (update available 4.132.0)
───────────────────────────────────────────────
Resource location: remote 

🌀 Executing on remote database jarvis-scratch-rehearsal-0916h (f9eacdbc-9861-486d-bd68-cc7ade31adc6):
🌀 To execute on your local development database, remove the --remote flag from your wrangler command.
🚣 Executed 1 command in 0.15ms
[
  {
    "results": [],
    "success": true,
    "meta": {
      "served_by": "v3-prod",
      "served_by_region": "ENAM",
      "served_by_colo": "ORD",
      "served_by_primary": true,
      "timings": {
        "sql_duration_ms": 0.1509
      },
      "duration": 0.1509,
      "changes": 1,
      "last_row_id": 1,
      "changed_db": true,
      "size_after": 335872,
      "rows_read": 1,
      "rows_written": 3,
      "total_attempts": 1
    }
  }
]
BASELINE RECEIPT OK: 0001_foundation.sql
Applying 0002_foundation_hardening.sql: 9 split statements.

 ⛅️ wrangler 4.127.1 (update available 4.132.0)
───────────────────────────────────────────────
Resource location: remote 

🌀 Executing on remote database jarvis-scratch-rehearsal-0916h (f9eacdbc-9861-486d-bd68-cc7ade31adc6):
🌀 To execute on your local development database, remove the --remote flag from your wrangler command.
🚣 Executed 1 command in 0.25ms
[
  {
    "results": [],
    "success": true,
    "meta": {
      "served_by": "v3-prod",
      "served_by_region": "ENAM",
      "served_by_colo": "ORD",
      "served_by_primary": true,
      "timings": {
        "sql_duration_ms": 0.2477
      },
      "duration": 0.2477,
      "changes": 0,
      "last_row_id": 1,
      "changed_db": true,
      "size_after": 339968,
      "rows_read": 2,
      "rows_written": 1,
      "total_attempts": 1
    }
  }
]

 ⛅️ wrangler 4.127.1 (update available 4.132.0)
───────────────────────────────────────────────
Resource location: remote 

🌀 Executing on remote database jarvis-scratch-rehearsal-0916h (f9eacdbc-9861-486d-bd68-cc7ade31adc6):
🌀 To execute on your local development database, remove the --remote flag from your wrangler command.
🚣 Executed 1 command in 0.22ms
[
  {
    "results": [],
    "success": true,
    "meta": {
      "served_by": "v3-prod",
      "served_by_region": "ENAM",
      "served_by_colo": "ORD",
      "served_by_primary": true,
      "timings": {
        "sql_duration_ms": 0.2249
      },
      "duration": 0.2249,
      "changes": 0,
      "last_row_id": 1,
      "changed_db": true,
      "size_after": 344064,
      "rows_read": 2,
      "rows_written": 1,
      "total_attempts": 1
    }
  }
]

 ⛅️ wrangler 4.127.1 (update available 4.132.0)
───────────────────────────────────────────────
Resource location: remote 

🌀 Executing on remote database jarvis-scratch-rehearsal-0916h (f9eacdbc-9861-486d-bd68-cc7ade31adc6):
🌀 To execute on your local development database, remove the --remote flag from your wrangler command.
🚣 Executed 1 command in 0.29ms
[
  {
    "results": [],
    "success": true,
    "meta": {
      "served_by": "v3-prod",
      "served_by_region": "ENAM",
      "served_by_colo": "ORD",
      "served_by_primary": true,
      "timings": {
        "sql_duration_ms": 0.2923
      },
      "duration": 0.2923,
      "changes": 0,
      "last_row_id": 1,
      "changed_db": false,
      "size_after": 344064,
      "rows_read": 0,
      "rows_written": 1,
      "total_attempts": 1
    }
  }
]

 ⛅️ wrangler 4.127.1 (update available 4.132.0)
───────────────────────────────────────────────
Resource location: remote 

🌀 Executing on remote database jarvis-scratch-rehearsal-0916h (f9eacdbc-9861-486d-bd68-cc7ade31adc6):
🌀 To execute on your local development database, remove the --remote flag from your wrangler command.
🚣 Executed 1 command in 0.29ms
[
  {
    "results": [],
    "success": true,
    "meta": {
      "served_by": "v3-prod",
      "served_by_region": "ENAM",
      "served_by_colo": "ORD",
      "served_by_primary": true,
      "timings": {
        "sql_duration_ms": 0.2913
      },
      "duration": 0.2913,
      "changes": 0,
      "last_row_id": 1,
      "changed_db": true,
      "size_after": 348160,
      "rows_read": 2,
      "rows_written": 1,
      "total_attempts": 1
    }
  }
]

 ⛅️ wrangler 4.127.1 (update available 4.132.0)
───────────────────────────────────────────────
Resource location: remote 

🌀 Executing on remote database jarvis-scratch-rehearsal-0916h (f9eacdbc-9861-486d-bd68-cc7ade31adc6):
🌀 To execute on your local development database, remove the --remote flag from your wrangler command.
🚣 Executed 1 command in 0.23ms
[
  {
    "results": [],
    "success": true,
    "meta": {
      "served_by": "v3-prod",
      "served_by_region": "ENAM",
      "served_by_colo": "ORD",
      "served_by_primary": true,
      "timings": {
        "sql_duration_ms": 0.232
      },
      "duration": 0.232,
      "changes": 0,
      "last_row_id": 1,
      "changed_db": true,
      "size_after": 352256,
      "rows_read": 2,
      "rows_written": 1,
      "total_attempts": 1
    }
  }
]

 ⛅️ wrangler 4.127.1 (update available 4.132.0)
───────────────────────────────────────────────
Resource location: remote 

🌀 Executing on remote database jarvis-scratch-rehearsal-0916h (f9eacdbc-9861-486d-bd68-cc7ade31adc6):
🌀 To execute on your local development database, remove the --remote flag from your wrangler command.
🚣 Executed 1 command in 0.24ms
[
  {
    "results": [],
    "success": true,
    "meta": {
      "served_by": "v3-prod",
      "served_by_region": "ENAM",
      "served_by_colo": "ORD",
      "served_by_primary": true,
      "timings": {
        "sql_duration_ms": 0.2378
      },
      "duration": 0.2378,
      "changes": 0,
      "last_row_id": 1,
      "changed_db": false,
      "size_after": 352256,
      "rows_read": 0,
      "rows_written": 1,
      "total_attempts": 1
    }
  }
]

 ⛅️ wrangler 4.127.1 (update available 4.132.0)
───────────────────────────────────────────────
Resource location: remote 

🌀 Executing on remote database jarvis-scratch-rehearsal-0916h (f9eacdbc-9861-486d-bd68-cc7ade31adc6):
🌀 To execute on your local development database, remove the --remote flag from your wrangler command.
🚣 Executed 1 command in 0.29ms
[
  {
    "results": [],
    "success": true,
    "meta": {
      "served_by": "v3-prod",
      "served_by_region": "ENAM",
      "served_by_colo": "ORD",
      "served_by_primary": true,
      "timings": {
        "sql_duration_ms": 0.2886
      },
      "duration": 0.2886,
      "changes": 0,
      "last_row_id": 1,
      "changed_db": true,
      "size_after": 356352,
      "rows_read": 2,
      "rows_written": 1,
      "total_attempts": 1
    }
  }
]

 ⛅️ wrangler 4.127.1 (update available 4.132.0)
───────────────────────────────────────────────
Resource location: remote 

🌀 Executing on remote database jarvis-scratch-rehearsal-0916h (f9eacdbc-9861-486d-bd68-cc7ade31adc6):
🌀 To execute on your local development database, remove the --remote flag from your wrangler command.
🚣 Executed 1 command in 0.27ms
[
  {
    "results": [],
    "success": true,
    "meta": {
      "served_by": "v3-prod",
      "served_by_region": "ENAM",
      "served_by_colo": "ORD",
      "served_by_primary": true,
      "timings": {
        "sql_duration_ms": 0.2728
      },
      "duration": 0.2728,
      "changes": 0,
      "last_row_id": 1,
      "changed_db": false,
      "size_after": 356352,
      "rows_read": 0,
      "rows_written": 1,
      "total_attempts": 1
    }
  }
]

 ⛅️ wrangler 4.127.1 (update available 4.132.0)
───────────────────────────────────────────────
Resource location: remote 

🌀 Executing on remote database jarvis-scratch-rehearsal-0916h (f9eacdbc-9861-486d-bd68-cc7ade31adc6):
🌀 To execute on your local development database, remove the --remote flag from your wrangler command.
🚣 Executed 1 command in 0.27ms
[
  {
    "results": [],
    "success": true,
    "meta": {
      "served_by": "v3-prod",
      "served_by_region": "ENAM",
      "served_by_colo": "ORD",
      "served_by_primary": true,
      "timings": {
        "sql_duration_ms": 0.2684
      },
      "duration": 0.2684,
      "changes": 0,
      "last_row_id": 1,
      "changed_db": true,
      "size_after": 360448,
      "rows_read": 2,
      "rows_written": 1,
      "total_attempts": 1
    }
  }
]

 ⛅️ wrangler 4.127.1 (update available 4.132.0)
───────────────────────────────────────────────
Resource location: remote 

🌀 Executing on remote database jarvis-scratch-rehearsal-0916h (f9eacdbc-9861-486d-bd68-cc7ade31adc6):
🌀 To execute on your local development database, remove the --remote flag from your wrangler command.
🚣 Executed 1 command in 0.17ms
[
  {
    "results": [],
    "success": true,
    "meta": {
      "served_by": "v3-prod",
      "served_by_region": "ENAM",
      "served_by_colo": "ORD",
      "served_by_primary": true,
      "timings": {
        "sql_duration_ms": 0.1699
      },
      "duration": 0.1699,
      "changes": 1,
      "last_row_id": 2,
      "changed_db": true,
      "size_after": 360448,
      "rows_read": 1,
      "rows_written": 3,
      "total_attempts": 1
    }
  }
]
BASELINE RECEIPT OK: 0002_foundation_hardening.sql
Applying 0003_calling.sql: 10 split statements.

 ⛅️ wrangler 4.127.1 (update available 4.132.0)
───────────────────────────────────────────────
Resource location: remote 

🌀 Executing on remote database jarvis-scratch-rehearsal-0916h (f9eacdbc-9861-486d-bd68-cc7ade31adc6):
🌀 To execute on your local development database, remove the --remote flag from your wrangler command.
🚣 Executed 1 command in 0.78ms
[
  {
    "results": [],
    "success": true,
    "meta": {
      "served_by": "v3-prod",
      "served_by_region": "ENAM",
      "served_by_colo": "ORD",
      "served_by_primary": true,
      "timings": {
        "sql_duration_ms": 0.7781
      },
      "duration": 0.7781,
      "changes": 0,
      "last_row_id": 2,
      "changed_db": true,
      "size_after": 389120,
      "rows_read": 1,
      "rows_written": 7,
      "total_attempts": 1
    }
  }
]

 ⛅️ wrangler 4.127.1 (update available 4.132.0)
───────────────────────────────────────────────
Resource location: remote 

🌀 Executing on remote database jarvis-scratch-rehearsal-0916h (f9eacdbc-9861-486d-bd68-cc7ade31adc6):
🌀 To execute on your local development database, remove the --remote flag from your wrangler command.
🚣 Executed 1 command in 0.34ms
[
  {
    "results": [],
    "success": true,
    "meta": {
      "served_by": "v3-prod",
      "served_by_region": "ENAM",
      "served_by_colo": "ORD",
      "served_by_primary": true,
      "timings": {
        "sql_duration_ms": 0.3368
      },
      "duration": 0.3368,
      "changes": 0,
      "last_row_id": 2,
      "changed_db": true,
      "size_after": 393216,
      "rows_read": 0,
      "rows_written": 1,
      "total_attempts": 1
    }
  }
]

 ⛅️ wrangler 4.127.1 (update available 4.132.0)
───────────────────────────────────────────────
Resource location: remote 

🌀 Executing on remote database jarvis-scratch-rehearsal-0916h (f9eacdbc-9861-486d-bd68-cc7ade31adc6):
🌀 To execute on your local development database, remove the --remote flag from your wrangler command.
🚣 Executed 1 command in 0.41ms
[
  {
    "results": [],
    "success": true,
    "meta": {
      "served_by": "v3-prod",
      "served_by_region": "ENAM",
      "served_by_colo": "ORD",
      "served_by_primary": true,
      "timings": {
        "sql_duration_ms": 0.4061
      },
      "duration": 0.4061,
      "changes": 0,
      "last_row_id": 2,
      "changed_db": false,
      "size_after": 393216,
      "rows_read": 0,
      "rows_written": 1,
      "total_attempts": 1
    }
  }
]

 ⛅️ wrangler 4.127.1 (update available 4.132.0)
───────────────────────────────────────────────
Resource location: remote 

🌀 Executing on remote database jarvis-scratch-rehearsal-0916h (f9eacdbc-9861-486d-bd68-cc7ade31adc6):
🌀 To execute on your local development database, remove the --remote flag from your wrangler command.
🚣 Executed 1 command in 0.24ms
[
  {
    "results": [],
    "success": true,
    "meta": {
      "served_by": "v3-prod",
      "served_by_region": "ENAM",
      "served_by_colo": "ORD",
      "served_by_primary": true,
      "timings": {
        "sql_duration_ms": 0.2443
      },
      "duration": 0.2443,
      "changes": 0,
      "last_row_id": 2,
      "changed_db": false,
      "size_after": 393216,
      "rows_read": 0,
      "rows_written": 1,
      "total_attempts": 1
    }
  }
]

 ⛅️ wrangler 4.127.1 (update available 4.132.0)
───────────────────────────────────────────────
Resource location: remote 

🌀 Executing on remote database jarvis-scratch-rehearsal-0916h (f9eacdbc-9861-486d-bd68-cc7ade31adc6):
🌀 To execute on your local development database, remove the --remote flag from your wrangler command.
🚣 Executed 1 command in 0.30ms
[
  {
    "results": [],
    "success": true,
    "meta": {
      "served_by": "v3-prod",
      "served_by_region": "ENAM",
      "served_by_colo": "ORD",
      "served_by_primary": true,
      "timings": {
        "sql_duration_ms": 0.303
      },
      "duration": 0.303,
      "changes": 0,
      "last_row_id": 2,
      "changed_db": true,
      "size_after": 397312,
      "rows_read": 2,
      "rows_written": 1,
      "total_attempts": 1
    }
  }
]

 ⛅️ wrangler 4.127.1 (update available 4.132.0)
───────────────────────────────────────────────
Resource location: remote 

🌀 Executing on remote database jarvis-scratch-rehearsal-0916h (f9eacdbc-9861-486d-bd68-cc7ade31adc6):
🌀 To execute on your local development database, remove the --remote flag from your wrangler command.
🚣 Executed 1 command in 0.41ms
[
  {
    "results": [],
    "success": true,
    "meta": {
      "served_by": "v3-prod",
      "served_by_region": "ENAM",
      "served_by_colo": "ORD",
      "served_by_primary": true,
      "timings": {
        "sql_duration_ms": 0.4075
      },
      "duration": 0.4075,
      "changes": 0,
      "last_row_id": 2,
      "changed_db": true,
      "size_after": 413696,
      "rows_read": 1,
      "rows_written": 4,
      "total_attempts": 1
    }
  }
]

 ⛅️ wrangler 4.127.1 (update available 4.132.0)
───────────────────────────────────────────────
Resource location: remote 

🌀 Executing on remote database jarvis-scratch-rehearsal-0916h (f9eacdbc-9861-486d-bd68-cc7ade31adc6):
🌀 To execute on your local development database, remove the --remote flag from your wrangler command.
🚣 Executed 1 command in 0.32ms
[
  {
    "results": [],
    "success": true,
    "meta": {
      "served_by": "v3-prod",
      "served_by_region": "ENAM",
      "served_by_colo": "ORD",
      "served_by_primary": true,
      "timings": {
        "sql_duration_ms": 0.3219
      },
      "duration": 0.3219,
      "changes": 0,
      "last_row_id": 2,
      "changed_db": true,
      "size_after": 417792,
      "rows_read": 2,
      "rows_written": 1,
      "total_attempts": 1
    }
  }
]

 ⛅️ wrangler 4.127.1 (update available 4.132.0)
───────────────────────────────────────────────
Resource location: remote 

🌀 Executing on remote database jarvis-scratch-rehearsal-0916h (f9eacdbc-9861-486d-bd68-cc7ade31adc6):
🌀 To execute on your local development database, remove the --remote flag from your wrangler command.
🚣 Executed 1 command in 0.27ms
[
  {
    "results": [],
    "success": true,
    "meta": {
      "served_by": "v3-prod",
      "served_by_region": "ENAM",
      "served_by_colo": "ORD",
      "served_by_primary": true,
      "timings": {
        "sql_duration_ms": 0.265
      },
      "duration": 0.265,
      "changes": 0,
      "last_row_id": 2,
      "changed_db": true,
      "size_after": 421888,
      "rows_read": 2,
      "rows_written": 1,
      "total_attempts": 1
    }
  }
]

 ⛅️ wrangler 4.127.1 (update available 4.132.0)
───────────────────────────────────────────────
Resource location: remote 

🌀 Executing on remote database jarvis-scratch-rehearsal-0916h (f9eacdbc-9861-486d-bd68-cc7ade31adc6):
🌀 To execute on your local development database, remove the --remote flag from your wrangler command.
🚣 Executed 1 command in 0.38ms
[
  {
    "results": [],
    "success": true,
    "meta": {
      "served_by": "v3-prod",
      "served_by_region": "ENAM",
      "served_by_colo": "ORD",
      "served_by_primary": true,
      "timings": {
        "sql_duration_ms": 0.3758
      },
      "duration": 0.3758,
      "changes": 0,
      "last_row_id": 2,
      "changed_db": false,
      "size_after": 421888,
      "rows_read": 0,
      "rows_written": 1,
      "total_attempts": 1
    }
  }
]

 ⛅️ wrangler 4.127.1 (update available 4.132.0)
───────────────────────────────────────────────
Resource location: remote 

🌀 Executing on remote database jarvis-scratch-rehearsal-0916h (f9eacdbc-9861-486d-bd68-cc7ade31adc6):
🌀 To execute on your local development database, remove the --remote flag from your wrangler command.
🚣 Executed 1 command in 0.34ms
[
  {
    "results": [],
    "success": true,
    "meta": {
      "served_by": "v3-prod",
      "served_by_region": "ENAM",
      "served_by_colo": "ORD",
      "served_by_primary": true,
      "timings": {
        "sql_duration_ms": 0.3446
      },
      "duration": 0.3446,
      "changes": 0,
      "last_row_id": 2,
      "changed_db": false,
      "size_after": 421888,
      "rows_read": 0,
      "rows_written": 1,
      "total_attempts": 1
    }
  }
]

 ⛅️ wrangler 4.127.1 (update available 4.132.0)
───────────────────────────────────────────────
Resource location: remote 

🌀 Executing on remote database jarvis-scratch-rehearsal-0916h (f9eacdbc-9861-486d-bd68-cc7ade31adc6):
🌀 To execute on your local development database, remove the --remote flag from your wrangler command.
🚣 Executed 1 command in 0.20ms
[
  {
    "results": [],
    "success": true,
    "meta": {
      "served_by": "v3-prod",
      "served_by_region": "ENAM",
      "served_by_colo": "ORD",
      "served_by_primary": true,
      "timings": {
        "sql_duration_ms": 0.2041
      },
      "duration": 0.2041,
      "changes": 1,
      "last_row_id": 3,
      "changed_db": true,
      "size_after": 421888,
      "rows_read": 1,
      "rows_written": 3,
      "total_attempts": 1
    }
  }
]
BASELINE RECEIPT OK: 0003_calling.sql
Applying 0004_call_sessions.sql: 25 split statements.

 ⛅️ wrangler 4.127.1 (update available 4.132.0)
───────────────────────────────────────────────
Resource location: remote 

🌀 Executing on remote database jarvis-scratch-rehearsal-0916h (f9eacdbc-9861-486d-bd68-cc7ade31adc6):
🌀 To execute on your local development database, remove the --remote flag from your wrangler command.
🚣 Executed 1 command in 0.54ms
[
  {
    "results": [],
    "success": true,
    "meta": {
      "served_by": "v3-prod",
      "served_by_region": "ENAM",
      "served_by_colo": "ORD",
      "served_by_primary": true,
      "timings": {
        "sql_duration_ms": 0.541
      },
      "duration": 0.541,
      "changes": 0,
      "last_row_id": 3,
      "changed_db": true,
      "size_after": 450560,
      "rows_read": 1,
      "rows_written": 7,
      "total_attempts": 1
    }
  }
]

 ⛅️ wrangler 4.127.1 (update available 4.132.0)
───────────────────────────────────────────────
Resource location: remote 

🌀 Executing on remote database jarvis-scratch-rehearsal-0916h (f9eacdbc-9861-486d-bd68-cc7ade31adc6):
🌀 To execute on your local development database, remove the --remote flag from your wrangler command.
🚣 Executed 1 command in 0.28ms
[
  {
    "results": [],
    "success": true,
    "meta": {
      "served_by": "v3-prod",
      "served_by_region": "ENAM",
      "served_by_colo": "ORD",
      "served_by_primary": true,
      "timings": {
        "sql_duration_ms": 0.2822
      },
      "duration": 0.2822,
      "changes": 0,
      "last_row_id": 3,
      "changed_db": true,
      "size_after": 454656,
      "rows_read": 2,
      "rows_written": 1,
      "total_attempts": 1
    }
  }
]

 ⛅️ wrangler 4.127.1 (update available 4.132.0)
───────────────────────────────────────────────
Resource location: remote 

🌀 Executing on remote database jarvis-scratch-rehearsal-0916h (f9eacdbc-9861-486d-bd68-cc7ade31adc6):
🌀 To execute on your local development database, remove the --remote flag from your wrangler command.
🚣 Executed 1 command in 0.24ms
[
  {
    "results": [],
    "success": true,
    "meta": {
      "served_by": "v3-prod",
      "served_by_region": "ENAM",
      "served_by_colo": "ORD",
      "served_by_primary": true,
      "timings": {
        "sql_duration_ms": 0.2359
      },
      "duration": 0.2359,
      "changes": 0,
      "last_row_id": 3,
      "changed_db": false,
      "size_after": 454656,
      "rows_read": 0,
      "rows_written": 1,
      "total_attempts": 1
    }
  }
]

 ⛅️ wrangler 4.127.1 (update available 4.132.0)
───────────────────────────────────────────────
Resource location: remote 

🌀 Executing on remote database jarvis-scratch-rehearsal-0916h (f9eacdbc-9861-486d-bd68-cc7ade31adc6):
🌀 To execute on your local development database, remove the --remote flag from your wrangler command.
🚣 Executed 1 command in 0.60ms
[
  {
    "results": [],
    "success": true,
    "meta": {
      "served_by": "v3-prod",
      "served_by_region": "ENAM",
      "served_by_colo": "ORD",
      "served_by_primary": true,
      "timings": {
        "sql_duration_ms": 0.6027
      },
      "duration": 0.6027,
      "changes": 0,
      "last_row_id": 3,
      "changed_db": true,
      "size_after": 458752,
      "rows_read": 0,
      "rows_written": 1,
      "total_attempts": 1
    }
  }
]

 ⛅️ wrangler 4.127.1 (update available 4.132.0)
───────────────────────────────────────────────
Resource location: remote 

🌀 Executing on remote database jarvis-scratch-rehearsal-0916h (f9eacdbc-9861-486d-bd68-cc7ade31adc6):
🌀 To execute on your local development database, remove the --remote flag from your wrangler command.
🚣 Executed 1 command in 0.40ms
[
  {
    "results": [],
    "success": true,
    "meta": {
      "served_by": "v3-prod",
      "served_by_region": "ENAM",
      "served_by_colo": "ORD",
      "served_by_primary": true,
      "timings": {
        "sql_duration_ms": 0.4019
      },
      "duration": 0.4019,
      "changes": 0,
      "last_row_id": 3,
      "changed_db": true,
      "size_after": 462848,
      "rows_read": 0,
      "rows_written": 1,
      "total_attempts": 1
    }
  }
]

 ⛅️ wrangler 4.127.1 (update available 4.132.0)
───────────────────────────────────────────────
Resource location: remote 

🌀 Executing on remote database jarvis-scratch-rehearsal-0916h (f9eacdbc-9861-486d-bd68-cc7ade31adc6):
🌀 To execute on your local development database, remove the --remote flag from your wrangler command.
🚣 Executed 1 command in 0.32ms
[
  {
    "results": [],
    "success": true,
    "meta": {
      "served_by": "v3-prod",
      "served_by_region": "ENAM",
      "served_by_colo": "ORD",
      "served_by_primary": true,
      "timings": {
        "sql_duration_ms": 0.3176
      },
      "duration": 0.3176,
      "changes": 0,
      "last_row_id": 3,
      "changed_db": false,
      "size_after": 462848,
      "rows_read": 0,
      "rows_written": 1,
      "total_attempts": 1
    }
  }
]

 ⛅️ wrangler 4.127.1 (update available 4.132.0)
───────────────────────────────────────────────
Resource location: remote 

🌀 Executing on remote database jarvis-scratch-rehearsal-0916h (f9eacdbc-9861-486d-bd68-cc7ade31adc6):
🌀 To execute on your local development database, remove the --remote flag from your wrangler command.
🚣 Executed 1 command in 0.28ms
[
  {
    "results": [],
    "success": true,
    "meta": {
      "served_by": "v3-prod",
      "served_by_region": "ENAM",
      "served_by_colo": "ORD",
      "served_by_primary": true,
      "timings": {
        "sql_duration_ms": 0.2798
      },
      "duration": 0.2798,
      "changes": 0,
      "last_row_id": 3,
      "changed_db": false,
      "size_after": 462848,
      "rows_read": 0,
      "rows_written": 1,
      "total_attempts": 1
    }
  }
]

 ⛅️ wrangler 4.127.1 (update available 4.132.0)
───────────────────────────────────────────────
Resource location: remote 

🌀 Executing on remote database jarvis-scratch-rehearsal-0916h (f9eacdbc-9861-486d-bd68-cc7ade31adc6):
🌀 To execute on your local development database, remove the --remote flag from your wrangler command.
🚣 Executed 1 command in 0.63ms
[
  {
    "results": [],
    "success": true,
    "meta": {
      "served_by": "v3-prod",
      "served_by_region": "ENAM",
      "served_by_colo": "ORD",
      "served_by_primary": true,
      "timings": {
        "sql_duration_ms": 0.6297
      },
      "duration": 0.6297,
      "changes": 0,
      "last_row_id": 3,
      "changed_db": true,
      "size_after": 466944,
      "rows_read": 0,
      "rows_written": 1,
      "total_attempts": 1
    }
  }
]

 ⛅️ wrangler 4.127.1 (update available 4.132.0)
───────────────────────────────────────────────
Resource location: remote 

🌀 Executing on remote database jarvis-scratch-rehearsal-0916h (f9eacdbc-9861-486d-bd68-cc7ade31adc6):
🌀 To execute on your local development database, remove the --remote flag from your wrangler command.
🚣 Executed 1 command in 0.33ms
[
  {
    "results": [],
    "success": true,
    "meta": {
      "served_by": "v3-prod",
      "served_by_region": "ENAM",
      "served_by_colo": "ORD",
      "served_by_primary": true,
      "timings": {
        "sql_duration_ms": 0.328
      },
      "duration": 0.328,
      "changes": 0,
      "last_row_id": 3,
      "changed_db": false,
      "size_after": 466944,
      "rows_read": 0,
      "rows_written": 1,
      "total_attempts": 1
    }
  }
]

 ⛅️ wrangler 4.127.1 (update available 4.132.0)
───────────────────────────────────────────────
Resource location: remote 

🌀 Executing on remote database jarvis-scratch-rehearsal-0916h (f9eacdbc-9861-486d-bd68-cc7ade31adc6):
🌀 To execute on your local development database, remove the --remote flag from your wrangler command.
🚣 Executed 1 command in 0.34ms
[
  {
    "results": [],
    "success": true,
    "meta": {
      "served_by": "v3-prod",
      "served_by_region": "ENAM",
      "served_by_colo": "ORD",
      "served_by_primary": true,
      "timings": {
        "sql_duration_ms": 0.3382
      },
      "duration": 0.3382,
      "changes": 0,
      "last_row_id": 3,
      "changed_db": true,
      "size_after": 471040,
      "rows_read": 0,
      "rows_written": 1,
      "total_attempts": 1
    }
  }
]

 ⛅️ wrangler 4.127.1 (update available 4.132.0)
───────────────────────────────────────────────
Resource location: remote 

🌀 Executing on remote database jarvis-scratch-rehearsal-0916h (f9eacdbc-9861-486d-bd68-cc7ade31adc6):
🌀 To execute on your local development database, remove the --remote flag from your wrangler command.
🚣 Executed 1 command in 0.26ms
[
  {
    "results": [],
    "success": true,
    "meta": {
      "served_by": "v3-prod",
      "served_by_region": "ENAM",
      "served_by_colo": "ORD",
      "served_by_primary": true,
      "timings": {
        "sql_duration_ms": 0.2578
      },
      "duration": 0.2578,
      "changes": 0,
      "last_row_id": 3,
      "changed_db": false,
      "size_after": 471040,
      "rows_read": 0,
      "rows_written": 1,
      "total_attempts": 1
    }
  }
]

 ⛅️ wrangler 4.127.1 (update available 4.132.0)
───────────────────────────────────────────────
Resource location: remote 

🌀 Executing on remote database jarvis-scratch-rehearsal-0916h (f9eacdbc-9861-486d-bd68-cc7ade31adc6):
🌀 To execute on your local development database, remove the --remote flag from your wrangler command.
🚣 Executed 1 command in 0.24ms
[
  {
    "results": [],
    "success": true,
    "meta": {
      "served_by": "v3-prod",
      "served_by_region": "ENAM",
      "served_by_colo": "ORD",
      "served_by_primary": true,
      "timings": {
        "sql_duration_ms": 0.243
      },
      "duration": 0.243,
      "changes": 0,
      "last_row_id": 3,
      "changed_db": false,
      "size_after": 471040,
      "rows_read": 0,
      "rows_written": 1,
      "total_attempts": 1
    }
  }
]

 ⛅️ wrangler 4.127.1 (update available 4.132.0)
───────────────────────────────────────────────
Resource location: remote 

🌀 Executing on remote database jarvis-scratch-rehearsal-0916h (f9eacdbc-9861-486d-bd68-cc7ade31adc6):
🌀 To execute on your local development database, remove the --remote flag from your wrangler command.
🚣 Executed 1 command in 0.47ms
[
  {
    "results": [],
    "success": true,
    "meta": {
      "served_by": "v3-prod",
      "served_by_region": "ENAM",
      "served_by_colo": "ORD",
      "served_by_primary": true,
      "timings": {
        "sql_duration_ms": 0.4706
      },
      "duration": 0.4706,
      "changes": 0,
      "last_row_id": 3,
      "changed_db": false,
      "size_after": 471040,
      "rows_read": 0,
      "rows_written": 1,
      "total_attempts": 1
    }
  }
]

 ⛅️ wrangler 4.127.1 (update available 4.132.0)
───────────────────────────────────────────────
Resource location: remote 

🌀 Executing on remote database jarvis-scratch-rehearsal-0916h (f9eacdbc-9861-486d-bd68-cc7ade31adc6):
🌀 To execute on your local development database, remove the --remote flag from your wrangler command.
🚣 Executed 1 command in 0.31ms
[
  {
    "results": [],
    "success": true,
    "meta": {
      "served_by": "v3-prod",
      "served_by_region": "ENAM",
      "served_by_colo": "ORD",
      "served_by_primary": true,
      "timings": {
        "sql_duration_ms": 0.3053
      },
      "duration": 0.3053,
      "changes": 0,
      "last_row_id": 3,
      "changed_db": false,
      "size_after": 471040,
      "rows_read": 0,
      "rows_written": 1,
      "total_attempts": 1
    }
  }
]

 ⛅️ wrangler 4.127.1 (update available 4.132.0)
───────────────────────────────────────────────
Resource location: remote 

🌀 Executing on remote database jarvis-scratch-rehearsal-0916h (f9eacdbc-9861-486d-bd68-cc7ade31adc6):
🌀 To execute on your local development database, remove the --remote flag from your wrangler command.
🚣 Executed 1 command in 0.27ms
[
  {
    "results": [],
    "success": true,
    "meta": {
      "served_by": "v3-prod",
      "served_by_region": "ENAM",
      "served_by_colo": "ORD",
      "served_by_primary": true,
      "timings": {
        "sql_duration_ms": 0.2722
      },
      "duration": 0.2722,
      "changes": 0,
      "last_row_id": 3,
      "changed_db": false,
      "size_after": 471040,
      "rows_read": 0,
      "rows_written": 1,
      "total_attempts": 1
    }
  }
]

 ⛅️ wrangler 4.127.1 (update available 4.132.0)
───────────────────────────────────────────────
Resource location: remote 

🌀 Executing on remote database jarvis-scratch-rehearsal-0916h (f9eacdbc-9861-486d-bd68-cc7ade31adc6):
🌀 To execute on your local development database, remove the --remote flag from your wrangler command.
🚣 Executed 1 command in 0.30ms
[
  {
    "results": [],
    "success": true,
    "meta": {
      "served_by": "v3-prod",
      "served_by_region": "ENAM",
      "served_by_colo": "ORD",
      "served_by_primary": true,
      "timings": {
        "sql_duration_ms": 0.2976
      },
      "duration": 0.2976,
      "changes": 0,
      "last_row_id": 3,
      "changed_db": false,
      "size_after": 471040,
      "rows_read": 0,
      "rows_written": 1,
      "total_attempts": 1
    }
  }
]

 ⛅️ wrangler 4.127.1 (update available 4.132.0)
───────────────────────────────────────────────
Resource location: remote 

🌀 Executing on remote database jarvis-scratch-rehearsal-0916h (f9eacdbc-9861-486d-bd68-cc7ade31adc6):
🌀 To execute on your local development database, remove the --remote flag from your wrangler command.
🚣 Executed 1 command in 0.60ms
[
  {
    "results": [],
    "success": true,
    "meta": {
      "served_by": "v3-prod",
      "served_by_region": "ENAM",
      "served_by_colo": "ORD",
      "served_by_primary": true,
      "timings": {
        "sql_duration_ms": 0.6035
      },
      "duration": 0.6035,
      "changes": 0,
      "last_row_id": 3,
      "changed_db": true,
      "size_after": 475136,
      "rows_read": 0,
      "rows_written": 1,
      "total_attempts": 1
    }
  }
]

 ⛅️ wrangler 4.127.1 (update available 4.132.0)
───────────────────────────────────────────────
Resource location: remote 

🌀 Executing on remote database jarvis-scratch-rehearsal-0916h (f9eacdbc-9861-486d-bd68-cc7ade31adc6):
🌀 To execute on your local development database, remove the --remote flag from your wrangler command.
🚣 Executed 1 command in 1.27ms
[
  {
    "results": [],
    "success": true,
    "meta": {
      "served_by": "v3-prod",
      "served_by_region": "ENAM",
      "served_by_colo": "ORD",
      "served_by_primary": true,
      "timings": {
        "sql_duration_ms": 1.2716
      },
      "duration": 1.2716,
      "changes": 0,
      "last_row_id": 3,
      "changed_db": true,
      "size_after": 483328,
      "rows_read": 1,
      "rows_written": 3,
      "total_attempts": 1
    }
  }
]

 ⛅️ wrangler 4.127.1 (update available 4.132.0)
───────────────────────────────────────────────
Resource location: remote 

🌀 Executing on remote database jarvis-scratch-rehearsal-0916h (f9eacdbc-9861-486d-bd68-cc7ade31adc6):
🌀 To execute on your local development database, remove the --remote flag from your wrangler command.
🚣 Executed 1 command in 0.31ms
[
  {
    "results": [],
    "success": true,
    "meta": {
      "served_by": "v3-prod",
      "served_by_region": "ENAM",
      "served_by_colo": "ORD",
      "served_by_primary": true,
      "timings": {
        "sql_duration_ms": 0.3143
      },
      "duration": 0.3143,
      "changes": 0,
      "last_row_id": 3,
      "changed_db": true,
      "size_after": 487424,
      "rows_read": 2,
      "rows_written": 1,
      "total_attempts": 1
    }
  }
]

 ⛅️ wrangler 4.127.1 (update available 4.132.0)
───────────────────────────────────────────────
Resource location: remote 

🌀 Executing on remote database jarvis-scratch-rehearsal-0916h (f9eacdbc-9861-486d-bd68-cc7ade31adc6):
🌀 To execute on your local development database, remove the --remote flag from your wrangler command.
🚣 Executed 1 command in 0.34ms
[
  {
    "results": [],
    "success": true,
    "meta": {
      "served_by": "v3-prod",
      "served_by_region": "ENAM",
      "served_by_colo": "ORD",
      "served_by_primary": true,
      "timings": {
        "sql_duration_ms": 0.343
      },
      "duration": 0.343,
      "changes": 0,
      "last_row_id": 3,
      "changed_db": true,
      "size_after": 491520,
      "rows_read": 2,
      "rows_written": 1,
      "total_attempts": 1
    }
  }
]

 ⛅️ wrangler 4.127.1 (update available 4.132.0)
───────────────────────────────────────────────
Resource location: remote 

🌀 Executing on remote database jarvis-scratch-rehearsal-0916h (f9eacdbc-9861-486d-bd68-cc7ade31adc6):
🌀 To execute on your local development database, remove the --remote flag from your wrangler command.
🚣 Executed 1 command in 0.34ms
[
  {
    "results": [],
    "success": true,
    "meta": {
      "served_by": "v3-prod",
      "served_by_region": "ENAM",
      "served_by_colo": "ORD",
      "served_by_primary": true,
      "timings": {
        "sql_duration_ms": 0.3421
      },
      "duration": 0.3421,
      "changes": 0,
      "last_row_id": 3,
      "changed_db": true,
      "size_after": 495616,
      "rows_read": 2,
      "rows_written": 1,
      "total_attempts": 1
    }
  }
]

 ⛅️ wrangler 4.127.1 (update available 4.132.0)
───────────────────────────────────────────────
Resource location: remote 

🌀 Executing on remote database jarvis-scratch-rehearsal-0916h (f9eacdbc-9861-486d-bd68-cc7ade31adc6):
🌀 To execute on your local development database, remove the --remote flag from your wrangler command.
🚣 Executed 1 command in 0.37ms
[
  {
    "results": [],
    "success": true,
    "meta": {
      "served_by": "v3-prod",
      "served_by_region": "ENAM",
      "served_by_colo": "ORD",
      "served_by_primary": true,
      "timings": {
        "sql_duration_ms": 0.3746
      },
      "duration": 0.3746,
      "changes": 0,
      "last_row_id": 3,
      "changed_db": true,
      "size_after": 499712,
      "rows_read": 2,
      "rows_written": 1,
      "total_attempts": 1
    }
  }
]

 ⛅️ wrangler 4.127.1 (update available 4.132.0)
───────────────────────────────────────────────
Resource location: remote 

🌀 Executing on remote database jarvis-scratch-rehearsal-0916h (f9eacdbc-9861-486d-bd68-cc7ade31adc6):
🌀 To execute on your local development database, remove the --remote flag from your wrangler command.
🚣 Executed 1 command in 0.28ms
[
  {
    "results": [],
    "success": true,
    "meta": {
      "served_by": "v3-prod",
      "served_by_region": "ENAM",
      "served_by_colo": "ORD",
      "served_by_primary": true,
      "timings": {
        "sql_duration_ms": 0.2796
      },
      "duration": 0.2796,
      "changes": 0,
      "last_row_id": 3,
      "changed_db": false,
      "size_after": 499712,
      "rows_read": 0,
      "rows_written": 1,
      "total_attempts": 1
    }
  }
]

 ⛅️ wrangler 4.127.1 (update available 4.132.0)
───────────────────────────────────────────────
Resource location: remote 

🌀 Executing on remote database jarvis-scratch-rehearsal-0916h (f9eacdbc-9861-486d-bd68-cc7ade31adc6):
🌀 To execute on your local development database, remove the --remote flag from your wrangler command.
🚣 Executed 1 command in 0.36ms
[
  {
    "results": [],
    "success": true,
    "meta": {
      "served_by": "v3-prod",
      "served_by_region": "ENAM",
      "served_by_colo": "ORD",
      "served_by_primary": true,
      "timings": {
        "sql_duration_ms": 0.3615
      },
      "duration": 0.3615,
      "changes": 0,
      "last_row_id": 3,
      "changed_db": true,
      "size_after": 503808,
      "rows_read": 0,
      "rows_written": 1,
      "total_attempts": 1
    }
  }
]

 ⛅️ wrangler 4.127.1 (update available 4.132.0)
───────────────────────────────────────────────
Resource location: remote 

🌀 Executing on remote database jarvis-scratch-rehearsal-0916h (f9eacdbc-9861-486d-bd68-cc7ade31adc6):
🌀 To execute on your local development database, remove the --remote flag from your wrangler command.
🚣 Executed 1 command in 0.37ms
[
  {
    "results": [],
    "success": true,
    "meta": {
      "served_by": "v3-prod",
      "served_by_region": "ENAM",
      "served_by_colo": "ORD",
      "served_by_primary": true,
      "timings": {
        "sql_duration_ms": 0.3665
      },
      "duration": 0.3665,
      "changes": 0,
      "last_row_id": 3,
      "changed_db": false,
      "size_after": 503808,
      "rows_read": 0,
      "rows_written": 1,
      "total_attempts": 1
    }
  }
]

 ⛅️ wrangler 4.127.1 (update available 4.132.0)
───────────────────────────────────────────────
Resource location: remote 

🌀 Executing on remote database jarvis-scratch-rehearsal-0916h (f9eacdbc-9861-486d-bd68-cc7ade31adc6):
🌀 To execute on your local development database, remove the --remote flag from your wrangler command.
🚣 Executed 1 command in 0.14ms
[
  {
    "results": [],
    "success": true,
    "meta": {
      "served_by": "v3-prod",
      "served_by_region": "ENAM",
      "served_by_colo": "ORD",
      "served_by_primary": true,
      "timings": {
        "sql_duration_ms": 0.1431
      },
      "duration": 0.1431,
      "changes": 1,
      "last_row_id": 4,
      "changed_db": true,
      "size_after": 503808,
      "rows_read": 1,
      "rows_written": 3,
      "total_attempts": 1
    }
  }
]
BASELINE RECEIPT OK: 0004_call_sessions.sql
Applying 0005_conversation.sql: 21 split statements.

 ⛅️ wrangler 4.127.1 (update available 4.132.0)
───────────────────────────────────────────────
Resource location: remote 

🌀 Executing on remote database jarvis-scratch-rehearsal-0916h (f9eacdbc-9861-486d-bd68-cc7ade31adc6):
🌀 To execute on your local development database, remove the --remote flag from your wrangler command.
🚣 Executed 1 command in 0.14ms
[
  {
    "results": [],
    "success": true,
    "meta": {
      "served_by": "v3-prod",
      "served_by_region": "ENAM",
      "served_by_colo": "ORD",
      "served_by_primary": true,
      "timings": {
        "sql_duration_ms": 0.1383
      },
      "duration": 0.1383,
      "changes": 0,
      "last_row_id": 4,
      "changed_db": false,
      "size_after": 503808,
      "rows_read": 0,
      "rows_written": 0,
      "total_attempts": 1
    }
  }
]

 ⛅️ wrangler 4.127.1 (update available 4.132.0)
───────────────────────────────────────────────
Resource location: remote 

🌀 Executing on remote database jarvis-scratch-rehearsal-0916h (f9eacdbc-9861-486d-bd68-cc7ade31adc6):
🌀 To execute on your local development database, remove the --remote flag from your wrangler command.
🚣 Executed 1 command in 1.47ms
[
  {
    "results": [],
    "success": true,
    "meta": {
      "served_by": "v3-prod",
      "served_by_region": "ENAM",
      "served_by_colo": "ORD",
      "served_by_primary": true,
      "timings": {
        "sql_duration_ms": 1.4726
      },
      "duration": 1.4726,
      "changes": 0,
      "last_row_id": 4,
      "changed_db": true,
      "size_after": 532480,
      "rows_read": 1,
      "rows_written": 7,
      "total_attempts": 1
    }
  }
]

 ⛅️ wrangler 4.127.1 (update available 4.132.0)
───────────────────────────────────────────────
Resource location: remote 

🌀 Executing on remote database jarvis-scratch-rehearsal-0916h (f9eacdbc-9861-486d-bd68-cc7ade31adc6):
🌀 To execute on your local development database, remove the --remote flag from your wrangler command.
🚣 Executed 1 command in 0.28ms
[
  {
    "results": [],
    "success": true,
    "meta": {
      "served_by": "v3-prod",
      "served_by_region": "ENAM",
      "served_by_colo": "ORD",
      "served_by_primary": true,
      "timings": {
        "sql_duration_ms": 0.2804
      },
      "duration": 0.2804,
      "changes": 0,
      "last_row_id": 4,
      "changed_db": true,
      "size_after": 536576,
      "rows_read": 2,
      "rows_written": 1,
      "total_attempts": 1
    }
  }
]

 ⛅️ wrangler 4.127.1 (update available 4.132.0)
───────────────────────────────────────────────
Resource location: remote 

🌀 Executing on remote database jarvis-scratch-rehearsal-0916h (f9eacdbc-9861-486d-bd68-cc7ade31adc6):
🌀 To execute on your local development database, remove the --remote flag from your wrangler command.
🚣 Executed 1 command in 0.34ms
[
  {
    "results": [],
    "success": true,
    "meta": {
      "served_by": "v3-prod",
      "served_by_region": "ENAM",
      "served_by_colo": "ORD",
      "served_by_primary": true,
      "timings": {
        "sql_duration_ms": 0.3412
      },
      "duration": 0.3412,
      "changes": 0,
      "last_row_id": 4,
      "changed_db": true,
      "size_after": 540672,
      "rows_read": 2,
      "rows_written": 1,
      "total_attempts": 1
    }
  }
]

 ⛅️ wrangler 4.127.1 (update available 4.132.0)
───────────────────────────────────────────────
Resource location: remote 

🌀 Executing on remote database jarvis-scratch-rehearsal-0916h (f9eacdbc-9861-486d-bd68-cc7ade31adc6):
🌀 To execute on your local development database, remove the --remote flag from your wrangler command.
🚣 Executed 1 command in 1.28ms
[
  {
    "results": [],
    "success": true,
    "meta": {
      "served_by": "v3-prod",
      "served_by_region": "ENAM",
      "served_by_colo": "ORD",
      "served_by_primary": true,
      "timings": {
        "sql_duration_ms": 1.2782
      },
      "duration": 1.2782,
      "changes": 0,
      "last_row_id": 4,
      "changed_db": true,
      "size_after": 573440,
      "rows_read": 1,
      "rows_written": 7,
      "total_attempts": 1
    }
  }
]

 ⛅️ wrangler 4.127.1 (update available 4.132.0)
───────────────────────────────────────────────
Resource location: remote 

🌀 Executing on remote database jarvis-scratch-rehearsal-0916h (f9eacdbc-9861-486d-bd68-cc7ade31adc6):
🌀 To execute on your local development database, remove the --remote flag from your wrangler command.
🚣 Executed 1 command in 0.33ms
[
  {
    "results": [],
    "success": true,
    "meta": {
      "served_by": "v3-prod",
      "served_by_region": "ENAM",
      "served_by_colo": "ORD",
      "served_by_primary": true,
      "timings": {
        "sql_duration_ms": 0.3303
      },
      "duration": 0.3303,
      "changes": 0,
      "last_row_id": 4,
      "changed_db": true,
      "size_after": 577536,
      "rows_read": 2,
      "rows_written": 1,
      "total_attempts": 1
    }
  }
]

 ⛅️ wrangler 4.127.1 (update available 4.132.0)
───────────────────────────────────────────────
Resource location: remote 

🌀 Executing on remote database jarvis-scratch-rehearsal-0916h (f9eacdbc-9861-486d-bd68-cc7ade31adc6):
🌀 To execute on your local development database, remove the --remote flag from your wrangler command.
🚣 Executed 1 command in 0.47ms
[
  {
    "results": [],
    "success": true,
    "meta": {
      "served_by": "v3-prod",
      "served_by_region": "ENAM",
      "served_by_colo": "ORD",
      "served_by_primary": true,
      "timings": {
        "sql_duration_ms": 0.4711
      },
      "duration": 0.4711,
      "changes": 0,
      "last_row_id": 4,
      "changed_db": true,
      "size_after": 581632,
      "rows_read": 2,
      "rows_written": 1,
      "total_attempts": 1
    }
  }
]

 ⛅️ wrangler 4.127.1 (update available 4.132.0)
───────────────────────────────────────────────
Resource location: remote 

🌀 Executing on remote database jarvis-scratch-rehearsal-0916h (f9eacdbc-9861-486d-bd68-cc7ade31adc6):
🌀 To execute on your local development database, remove the --remote flag from your wrangler command.
🚣 Executed 1 command in 0.35ms
[
  {
    "results": [],
    "success": true,
    "meta": {
      "served_by": "v3-prod",
      "served_by_region": "ENAM",
      "served_by_colo": "ORD",
      "served_by_primary": true,
      "timings": {
        "sql_duration_ms": 0.3515
      },
      "duration": 0.3515,
      "changes": 0,
      "last_row_id": 4,
      "changed_db": false,
      "size_after": 581632,
      "rows_read": 0,
      "rows_written": 1,
      "total_attempts": 1
    }
  }
]

 ⛅️ wrangler 4.127.1 (update available 4.132.0)
───────────────────────────────────────────────
Resource location: remote 

🌀 Executing on remote database jarvis-scratch-rehearsal-0916h (f9eacdbc-9861-486d-bd68-cc7ade31adc6):
🌀 To execute on your local development database, remove the --remote flag from your wrangler command.
🚣 Executed 1 command in 0.41ms
[
  {
    "results": [],
    "success": true,
    "meta": {
      "served_by": "v3-prod",
      "served_by_region": "ENAM",
      "served_by_colo": "ORD",
      "served_by_primary": true,
      "timings": {
        "sql_duration_ms": 0.4111
      },
      "duration": 0.4111,
      "changes": 0,
      "last_row_id": 4,
      "changed_db": false,
      "size_after": 581632,
      "rows_read": 0,
      "rows_written": 1,
      "total_attempts": 1
    }
  }
]

 ⛅️ wrangler 4.127.1 (update available 4.132.0)
───────────────────────────────────────────────
Resource location: remote 

🌀 Executing on remote database jarvis-scratch-rehearsal-0916h (f9eacdbc-9861-486d-bd68-cc7ade31adc6):
🌀 To execute on your local development database, remove the --remote flag from your wrangler command.
🚣 Executed 1 command in 0.52ms
[
  {
    "results": [],
    "success": true,
    "meta": {
      "served_by": "v3-prod",
      "served_by_region": "ENAM",
      "served_by_colo": "ORD",
      "served_by_primary": true,
      "timings": {
        "sql_duration_ms": 0.516
      },
      "duration": 0.516,
      "changes": 0,
      "last_row_id": 4,
      "changed_db": true,
      "size_after": 585728,
      "rows_read": 0,
      "rows_written": 1,
      "total_attempts": 1
    }
  }
]

 ⛅️ wrangler 4.127.1 (update available 4.132.0)
───────────────────────────────────────────────
Resource location: remote 

🌀 Executing on remote database jarvis-scratch-rehearsal-0916h (f9eacdbc-9861-486d-bd68-cc7ade31adc6):
🌀 To execute on your local development database, remove the --remote flag from your wrangler command.
🚣 Executed 1 command in 0.27ms
[
  {
    "results": [],
    "success": true,
    "meta": {
      "served_by": "v3-prod",
      "served_by_region": "ENAM",
      "served_by_colo": "ORD",
      "served_by_primary": true,
      "timings": {
        "sql_duration_ms": 0.2658
      },
      "duration": 0.2658,
      "changes": 0,
      "last_row_id": 4,
      "changed_db": false,
      "size_after": 585728,
      "rows_read": 0,
      "rows_written": 1,
      "total_attempts": 1
    }
  }
]

 ⛅️ wrangler 4.127.1 (update available 4.132.0)
───────────────────────────────────────────────
Resource location: remote 

🌀 Executing on remote database jarvis-scratch-rehearsal-0916h (f9eacdbc-9861-486d-bd68-cc7ade31adc6):
🌀 To execute on your local development database, remove the --remote flag from your wrangler command.
🚣 Executed 1 command in 0.25ms
[
  {
    "results": [],
    "success": true,
    "meta": {
      "served_by": "v3-prod",
      "served_by_region": "ENAM",
      "served_by_colo": "ORD",
      "served_by_primary": true,
      "timings": {
        "sql_duration_ms": 0.2473
      },
      "duration": 0.2473,
      "changes": 0,
      "last_row_id": 4,
      "changed_db": false,
      "size_after": 585728,
      "rows_read": 0,
      "rows_written": 1,
      "total_attempts": 1
    }
  }
]

 ⛅️ wrangler 4.127.1 (update available 4.132.0)
───────────────────────────────────────────────
Resource location: remote 

🌀 Executing on remote database jarvis-scratch-rehearsal-0916h (f9eacdbc-9861-486d-bd68-cc7ade31adc6):
🌀 To execute on your local development database, remove the --remote flag from your wrangler command.
🚣 Executed 1 command in 0.25ms
[
  {
    "results": [],
    "success": true,
    "meta": {
      "served_by": "v3-prod",
      "served_by_region": "ENAM",
      "served_by_colo": "ORD",
      "served_by_primary": true,
      "timings": {
        "sql_duration_ms": 0.2475
      },
      "duration": 0.2475,
      "changes": 0,
      "last_row_id": 4,
      "changed_db": false,
      "size_after": 585728,
      "rows_read": 0,
      "rows_written": 1,
      "total_attempts": 1
    }
  }
]

 ⛅️ wrangler 4.127.1 (update available 4.132.0)
───────────────────────────────────────────────
Resource location: remote 

🌀 Executing on remote database jarvis-scratch-rehearsal-0916h (f9eacdbc-9861-486d-bd68-cc7ade31adc6):
🌀 To execute on your local development database, remove the --remote flag from your wrangler command.
🚣 Executed 1 command in 0.36ms
[
  {
    "results": [],
    "success": true,
    "meta": {
      "served_by": "v3-prod",
      "served_by_region": "ENAM",
      "served_by_colo": "ORD",
      "served_by_primary": true,
      "timings": {
        "sql_duration_ms": 0.3605
      },
      "duration": 0.3605,
      "changes": 0,
      "last_row_id": 4,
      "changed_db": false,
      "size_after": 585728,
      "rows_read": 0,
      "rows_written": 1,
      "total_attempts": 1
    }
  }
]

 ⛅️ wrangler 4.127.1 (update available 4.132.0)
───────────────────────────────────────────────
Resource location: remote 

🌀 Executing on remote database jarvis-scratch-rehearsal-0916h (f9eacdbc-9861-486d-bd68-cc7ade31adc6):
🌀 To execute on your local development database, remove the --remote flag from your wrangler command.
🚣 Executed 1 command in 0.32ms
[
  {
    "results": [],
    "success": true,
    "meta": {
      "served_by": "v3-prod",
      "served_by_region": "ENAM",
      "served_by_colo": "ORD",
      "served_by_primary": true,
      "timings": {
        "sql_duration_ms": 0.3181
      },
      "duration": 0.3181,
      "changes": 0,
      "last_row_id": 4,
      "changed_db": true,
      "size_after": 589824,
      "rows_read": 0,
      "rows_written": 1,
      "total_attempts": 1
    }
  }
]

 ⛅️ wrangler 4.127.1 (update available 4.132.0)
───────────────────────────────────────────────
Resource location: remote 

🌀 Executing on remote database jarvis-scratch-rehearsal-0916h (f9eacdbc-9861-486d-bd68-cc7ade31adc6):
🌀 To execute on your local development database, remove the --remote flag from your wrangler command.
🚣 Executed 1 command in 0.29ms
[
  {
    "results": [],
    "success": true,
    "meta": {
      "served_by": "v3-prod",
      "served_by_region": "ENAM",
      "served_by_colo": "ORD",
      "served_by_primary": true,
      "timings": {
        "sql_duration_ms": 0.2908
      },
      "duration": 0.2908,
      "changes": 0,
      "last_row_id": 4,
      "changed_db": false,
      "size_after": 589824,
      "rows_read": 0,
      "rows_written": 1,
      "total_attempts": 1
    }
  }
]

 ⛅️ wrangler 4.127.1 (update available 4.132.0)
───────────────────────────────────────────────
Resource location: remote 

🌀 Executing on remote database jarvis-scratch-rehearsal-0916h (f9eacdbc-9861-486d-bd68-cc7ade31adc6):
🌀 To execute on your local development database, remove the --remote flag from your wrangler command.
🚣 Executed 1 command in 0.71ms
[
  {
    "results": [],
    "success": true,
    "meta": {
      "served_by": "v3-prod",
      "served_by_region": "ENAM",
      "served_by_colo": "ORD",
      "served_by_primary": true,
      "timings": {
        "sql_duration_ms": 0.7087
      },
      "duration": 0.7087,
      "changes": 0,
      "last_row_id": 4,
      "changed_db": false,
      "size_after": 589824,
      "rows_read": 0,
      "rows_written": 1,
      "total_attempts": 1
    }
  }
]

 ⛅️ wrangler 4.127.1 (update available 4.132.0)
───────────────────────────────────────────────
Resource location: remote 

🌀 Executing on remote database jarvis-scratch-rehearsal-0916h (f9eacdbc-9861-486d-bd68-cc7ade31adc6):
🌀 To execute on your local development database, remove the --remote flag from your wrangler command.
🚣 Executed 1 command in 0.39ms
[
  {
    "results": [],
    "success": true,
    "meta": {
      "served_by": "v3-prod",
      "served_by_region": "ENAM",
      "served_by_colo": "ORD",
      "served_by_primary": true,
      "timings": {
        "sql_duration_ms": 0.3919
      },
      "duration": 0.3919,
      "changes": 0,
      "last_row_id": 4,
      "changed_db": true,
      "size_after": 593920,
      "rows_read": 0,
      "rows_written": 1,
      "total_attempts": 1
    }
  }
]

 ⛅️ wrangler 4.127.1 (update available 4.132.0)
───────────────────────────────────────────────
Resource location: remote 

🌀 Executing on remote database jarvis-scratch-rehearsal-0916h (f9eacdbc-9861-486d-bd68-cc7ade31adc6):
🌀 To execute on your local development database, remove the --remote flag from your wrangler command.
🚣 Executed 1 command in 0.40ms
[
  {
    "results": [],
    "success": true,
    "meta": {
      "served_by": "v3-prod",
      "served_by_region": "ENAM",
      "served_by_colo": "ORD",
      "served_by_primary": true,
      "timings": {
        "sql_duration_ms": 0.3961
      },
      "duration": 0.3961,
      "changes": 0,
      "last_row_id": 4,
      "changed_db": false,
      "size_after": 593920,
      "rows_read": 0,
      "rows_written": 1,
      "total_attempts": 1
    }
  }
]

 ⛅️ wrangler 4.127.1 (update available 4.132.0)
───────────────────────────────────────────────
Resource location: remote 

🌀 Executing on remote database jarvis-scratch-rehearsal-0916h (f9eacdbc-9861-486d-bd68-cc7ade31adc6):
🌀 To execute on your local development database, remove the --remote flag from your wrangler command.
🚣 Executed 1 command in 0.32ms
[
  {
    "results": [],
    "success": true,
    "meta": {
      "served_by": "v3-prod",
      "served_by_region": "ENAM",
      "served_by_colo": "ORD",
      "served_by_primary": true,
      "timings": {
        "sql_duration_ms": 0.3242
      },
      "duration": 0.3242,
      "changes": 0,
      "last_row_id": 4,
      "changed_db": false,
      "size_after": 593920,
      "rows_read": 0,
      "rows_written": 1,
      "total_attempts": 1
    }
  }
]

 ⛅️ wrangler 4.127.1 (update available 4.132.0)
───────────────────────────────────────────────
Resource location: remote 

🌀 Executing on remote database jarvis-scratch-rehearsal-0916h (f9eacdbc-9861-486d-bd68-cc7ade31adc6):
🌀 To execute on your local development database, remove the --remote flag from your wrangler command.
🚣 Executed 1 command in 0.42ms
[
  {
    "results": [],
    "success": true,
    "meta": {
      "served_by": "v3-prod",
      "served_by_region": "ENAM",
      "served_by_colo": "ORD",
      "served_by_primary": true,
      "timings": {
        "sql_duration_ms": 0.4164
      },
      "duration": 0.4164,
      "changes": 0,
      "last_row_id": 4,
      "changed_db": false,
      "size_after": 593920,
      "rows_read": 0,
      "rows_written": 1,
      "total_attempts": 1
    }
  }
]

 ⛅️ wrangler 4.127.1 (update available 4.132.0)
───────────────────────────────────────────────
Resource location: remote 

🌀 Executing on remote database jarvis-scratch-rehearsal-0916h (f9eacdbc-9861-486d-bd68-cc7ade31adc6):
🌀 To execute on your local development database, remove the --remote flag from your wrangler command.
🚣 Executed 1 command in 0.14ms
[
  {
    "results": [],
    "success": true,
    "meta": {
      "served_by": "v3-prod",
      "served_by_region": "ENAM",
      "served_by_colo": "ORD",
      "served_by_primary": true,
      "timings": {
        "sql_duration_ms": 0.1381
      },
      "duration": 0.1381,
      "changes": 1,
      "last_row_id": 5,
      "changed_db": true,
      "size_after": 593920,
      "rows_read": 1,
      "rows_written": 3,
      "total_attempts": 1
    }
  }
]
BASELINE RECEIPT OK: 0005_conversation.sql
Applying 0006_voice_access.sql: 46 split statements.

 ⛅️ wrangler 4.127.1 (update available 4.132.0)
───────────────────────────────────────────────
Resource location: remote 

🌀 Executing on remote database jarvis-scratch-rehearsal-0916h (f9eacdbc-9861-486d-bd68-cc7ade31adc6):
🌀 To execute on your local development database, remove the --remote flag from your wrangler command.
🚣 Executed 1 command in 0.18ms
[
  {
    "results": [],
    "success": true,
    "meta": {
      "served_by": "v3-prod",
      "served_by_region": "ENAM",
      "served_by_colo": "ORD",
      "served_by_primary": true,
      "timings": {
        "sql_duration_ms": 0.1763
      },
      "duration": 0.1763,
      "changes": 0,
      "last_row_id": 5,
      "changed_db": false,
      "size_after": 593920,
      "rows_read": 0,
      "rows_written": 0,
      "total_attempts": 1
    }
  }
]

 ⛅️ wrangler 4.127.1 (update available 4.132.0)
───────────────────────────────────────────────
Resource location: remote 

🌀 Executing on remote database jarvis-scratch-rehearsal-0916h (f9eacdbc-9861-486d-bd68-cc7ade31adc6):
🌀 To execute on your local development database, remove the --remote flag from your wrangler command.
🚣 Executed 1 command in 0.34ms
[
  {
    "results": [],
    "success": true,
    "meta": {
      "served_by": "v3-prod",
      "served_by_region": "ENAM",
      "served_by_colo": "ORD",
      "served_by_primary": true,
      "timings": {
        "sql_duration_ms": 0.3402
      },
      "duration": 0.3402,
      "changes": 0,
      "last_row_id": 5,
      "changed_db": true,
      "size_after": 589824,
      "rows_read": 357,
      "rows_written": 1,
      "total_attempts": 1
    }
  }
]

 ⛅️ wrangler 4.127.1 (update available 4.132.0)
───────────────────────────────────────────────
Resource location: remote 

🌀 Executing on remote database jarvis-scratch-rehearsal-0916h (f9eacdbc-9861-486d-bd68-cc7ade31adc6):
🌀 To execute on your local development database, remove the --remote flag from your wrangler command.
🚣 Executed 1 command in 0.55ms
[
  {
    "results": [],
    "success": true,
    "meta": {
      "served_by": "v3-prod",
      "served_by_region": "ENAM",
      "served_by_colo": "ORD",
      "served_by_primary": true,
      "timings": {
        "sql_duration_ms": 0.553
      },
      "duration": 0.553,
      "changes": 0,
      "last_row_id": 5,
      "changed_db": true,
      "size_after": 602112,
      "rows_read": 1,
      "rows_written": 3,
      "total_attempts": 1
    }
  }
]

 ⛅️ wrangler 4.127.1 (update available 4.132.0)
───────────────────────────────────────────────
Resource location: remote 

🌀 Executing on remote database jarvis-scratch-rehearsal-0916h (f9eacdbc-9861-486d-bd68-cc7ade31adc6):
🌀 To execute on your local development database, remove the --remote flag from your wrangler command.
🚣 Executed 1 command in 0.16ms
[
  {
    "results": [],
    "success": true,
    "meta": {
      "served_by": "v3-prod",
      "served_by_region": "ENAM",
      "served_by_colo": "ORD",
      "served_by_primary": true,
      "timings": {
        "sql_duration_ms": 0.1613
      },
      "duration": 0.1613,
      "changes": 0,
      "last_row_id": 5,
      "changed_db": false,
      "size_after": 602112,
      "rows_read": 1,
      "rows_written": 0,
      "total_attempts": 1
    }
  }
]

 ⛅️ wrangler 4.127.1 (update available 4.132.0)
───────────────────────────────────────────────
Resource location: remote 

🌀 Executing on remote database jarvis-scratch-rehearsal-0916h (f9eacdbc-9861-486d-bd68-cc7ade31adc6):
🌀 To execute on your local development database, remove the --remote flag from your wrangler command.
🚣 Executed 1 command in 0.27ms
[
  {
    "results": [],
    "success": true,
    "meta": {
      "served_by": "v3-prod",
      "served_by_region": "ENAM",
      "served_by_colo": "ORD",
      "served_by_primary": true,
      "timings": {
        "sql_duration_ms": 0.2713
      },
      "duration": 0.2713,
      "changes": 0,
      "last_row_id": 5,
      "changed_db": false,
      "size_after": 602112,
      "rows_read": 179,
      "rows_written": 0,
      "total_attempts": 1
    }
  }
]

 ⛅️ wrangler 4.127.1 (update available 4.132.0)
───────────────────────────────────────────────
Resource location: remote 

🌀 Executing on remote database jarvis-scratch-rehearsal-0916h (f9eacdbc-9861-486d-bd68-cc7ade31adc6):
🌀 To execute on your local development database, remove the --remote flag from your wrangler command.
🚣 Executed 1 command in 0.32ms
[
  {
    "results": [],
    "success": true,
    "meta": {
      "served_by": "v3-prod",
      "served_by_region": "ENAM",
      "served_by_colo": "ORD",
      "served_by_primary": true,
      "timings": {
        "sql_duration_ms": 0.3168
      },
      "duration": 0.3168,
      "changes": 0,
      "last_row_id": 5,
      "changed_db": true,
      "size_after": 598016,
      "rows_read": 178,
      "rows_written": 0,
      "total_attempts": 1
    }
  }
]

 ⛅️ wrangler 4.127.1 (update available 4.132.0)
───────────────────────────────────────────────
Resource location: remote 

🌀 Executing on remote database jarvis-scratch-rehearsal-0916h (f9eacdbc-9861-486d-bd68-cc7ade31adc6):
🌀 To execute on your local development database, remove the --remote flag from your wrangler command.
🚣 Executed 1 command in 0.30ms
[
  {
    "results": [],
    "success": true,
    "meta": {
      "served_by": "v3-prod",
      "served_by_region": "ENAM",
      "served_by_colo": "ORD",
      "served_by_primary": true,
      "timings": {
        "sql_duration_ms": 0.2997
      },
      "duration": 0.2997,
      "changes": 0,
      "last_row_id": 5,
      "changed_db": false,
      "size_after": 598016,
      "rows_read": 177,
      "rows_written": 0,
      "total_attempts": 1
    }
  }
]

 ⛅️ wrangler 4.127.1 (update available 4.132.0)
───────────────────────────────────────────────
Resource location: remote 

🌀 Executing on remote database jarvis-scratch-rehearsal-0916h (f9eacdbc-9861-486d-bd68-cc7ade31adc6):
🌀 To execute on your local development database, remove the --remote flag from your wrangler command.
🚣 Executed 1 command in 0.26ms
[
  {
    "results": [],
    "success": true,
    "meta": {
      "served_by": "v3-prod",
      "served_by_region": "ENAM",
      "served_by_colo": "ORD",
      "served_by_primary": true,
      "timings": {
        "sql_duration_ms": 0.2563
      },
      "duration": 0.2563,
      "changes": 0,
      "last_row_id": 5,
      "changed_db": true,
      "size_after": 593920,
      "rows_read": 176,
      "rows_written": 0,
      "total_attempts": 1
    }
  }
]

 ⛅️ wrangler 4.127.1 (update available 4.132.0)
───────────────────────────────────────────────
Resource location: remote 

🌀 Executing on remote database jarvis-scratch-rehearsal-0916h (f9eacdbc-9861-486d-bd68-cc7ade31adc6):
🌀 To execute on your local development database, remove the --remote flag from your wrangler command.
🚣 Executed 1 command in 0.26ms
[
  {
    "results": [],
    "success": true,
    "meta": {
      "served_by": "v3-prod",
      "served_by_region": "ENAM",
      "served_by_colo": "ORD",
      "served_by_primary": true,
      "timings": {
        "sql_duration_ms": 0.2573
      },
      "duration": 0.2573,
      "changes": 0,
      "last_row_id": 5,
      "changed_db": false,
      "size_after": 593920,
      "rows_read": 175,
      "rows_written": 0,
      "total_attempts": 1
    }
  }
]

 ⛅️ wrangler 4.127.1 (update available 4.132.0)
───────────────────────────────────────────────
Resource location: remote 

🌀 Executing on remote database jarvis-scratch-rehearsal-0916h (f9eacdbc-9861-486d-bd68-cc7ade31adc6):
🌀 To execute on your local development database, remove the --remote flag from your wrangler command.
🚣 Executed 1 command in 0.27ms
[
  {
    "results": [],
    "success": true,
    "meta": {
      "served_by": "v3-prod",
      "served_by_region": "ENAM",
      "served_by_colo": "ORD",
      "served_by_primary": true,
      "timings": {
        "sql_duration_ms": 0.2717
      },
      "duration": 0.2717,
      "changes": 0,
      "last_row_id": 5,
      "changed_db": false,
      "size_after": 593920,
      "rows_read": 174,
      "rows_written": 0,
      "total_attempts": 1
    }
  }
]

 ⛅️ wrangler 4.127.1 (update available 4.132.0)
───────────────────────────────────────────────
Resource location: remote 

🌀 Executing on remote database jarvis-scratch-rehearsal-0916h (f9eacdbc-9861-486d-bd68-cc7ade31adc6):
🌀 To execute on your local development database, remove the --remote flag from your wrangler command.
🚣 Executed 1 command in 0.24ms
[
  {
    "results": [],
    "success": true,
    "meta": {
      "served_by": "v3-prod",
      "served_by_region": "ENAM",
      "served_by_colo": "ORD",
      "served_by_primary": true,
      "timings": {
        "sql_duration_ms": 0.2374
      },
      "duration": 0.2374,
      "changes": 0,
      "last_row_id": 5,
      "changed_db": false,
      "size_after": 593920,
      "rows_read": 173,
      "rows_written": 0,
      "total_attempts": 1
    }
  }
]

 ⛅️ wrangler 4.127.1 (update available 4.132.0)
───────────────────────────────────────────────
Resource location: remote 

🌀 Executing on remote database jarvis-scratch-rehearsal-0916h (f9eacdbc-9861-486d-bd68-cc7ade31adc6):
🌀 To execute on your local development database, remove the --remote flag from your wrangler command.
🚣 Executed 1 command in 0.70ms
[
  {
    "results": [],
    "success": true,
    "meta": {
      "served_by": "v3-prod",
      "served_by_region": "ENAM",
      "served_by_colo": "ORD",
      "served_by_primary": true,
      "timings": {
        "sql_duration_ms": 0.7036
      },
      "duration": 0.7036,
      "changes": 0,
      "last_row_id": 5,
      "changed_db": true,
      "size_after": 585728,
      "rows_read": 517,
      "rows_written": 2,
      "total_attempts": 1
    }
  }
]

 ⛅️ wrangler 4.127.1 (update available 4.132.0)
───────────────────────────────────────────────
Resource location: remote 

🌀 Executing on remote database jarvis-scratch-rehearsal-0916h (f9eacdbc-9861-486d-bd68-cc7ade31adc6):
🌀 To execute on your local development database, remove the --remote flag from your wrangler command.
🚣 Executed 1 command in 10.26ms
[
  {
    "results": [],
    "success": true,
    "meta": {
      "served_by": "v3-prod",
      "served_by_region": "ENAM",
      "served_by_colo": "ORD",
      "served_by_primary": true,
      "timings": {
        "sql_duration_ms": 10.2611
      },
      "duration": 10.2611,
      "changes": 0,
      "last_row_id": 5,
      "changed_db": false,
      "size_after": 585728,
      "rows_read": 673,
      "rows_written": 79,
      "total_attempts": 1
    }
  }
]

 ⛅️ wrangler 4.127.1 (update available 4.132.0)
───────────────────────────────────────────────
Resource location: remote 

🌀 Executing on remote database jarvis-scratch-rehearsal-0916h (f9eacdbc-9861-486d-bd68-cc7ade31adc6):
🌀 To execute on your local development database, remove the --remote flag from your wrangler command.
🚣 Executed 1 command in 0.29ms
[
  {
    "results": [],
    "success": true,
    "meta": {
      "served_by": "v3-prod",
      "served_by_region": "ENAM",
      "served_by_colo": "ORD",
      "served_by_primary": true,
      "timings": {
        "sql_duration_ms": 0.2907
      },
      "duration": 0.2907,
      "changes": 0,
      "last_row_id": 5,
      "changed_db": false,
      "size_after": 585728,
      "rows_read": 0,
      "rows_written": 1,
      "total_attempts": 1
    }
  }
]

 ⛅️ wrangler 4.127.1 (update available 4.132.0)
───────────────────────────────────────────────
Resource location: remote 

🌀 Executing on remote database jarvis-scratch-rehearsal-0916h (f9eacdbc-9861-486d-bd68-cc7ade31adc6):
🌀 To execute on your local development database, remove the --remote flag from your wrangler command.
🚣 Executed 1 command in 0.99ms
[
  {
    "results": [],
    "success": true,
    "meta": {
      "served_by": "v3-prod",
      "served_by_region": "ENAM",
      "served_by_colo": "ORD",
      "served_by_primary": true,
      "timings": {
        "sql_duration_ms": 0.9896
      },
      "duration": 0.9896,
      "changes": 0,
      "last_row_id": 5,
      "changed_db": true,
      "size_after": 589824,
      "rows_read": 0,
      "rows_written": 1,
      "total_attempts": 1
    }
  }
]

 ⛅️ wrangler 4.127.1 (update available 4.132.0)
───────────────────────────────────────────────
Resource location: remote 

🌀 Executing on remote database jarvis-scratch-rehearsal-0916h (f9eacdbc-9861-486d-bd68-cc7ade31adc6):
🌀 To execute on your local development database, remove the --remote flag from your wrangler command.
🚣 Executed 1 command in 0.57ms
[
  {
    "results": [],
    "success": true,
    "meta": {
      "served_by": "v3-prod",
      "served_by_region": "ENAM",
      "served_by_colo": "ORD",
      "served_by_primary": true,
      "timings": {
        "sql_duration_ms": 0.5729
      },
      "duration": 0.5729,
      "changes": 0,
      "last_row_id": 5,
      "changed_db": true,
      "size_after": 593920,
      "rows_read": 0,
      "rows_written": 1,
      "total_attempts": 1
    }
  }
]

 ⛅️ wrangler 4.127.1 (update available 4.132.0)
───────────────────────────────────────────────
Resource location: remote 

🌀 Executing on remote database jarvis-scratch-rehearsal-0916h (f9eacdbc-9861-486d-bd68-cc7ade31adc6):
🌀 To execute on your local development database, remove the --remote flag from your wrangler command.
🚣 Executed 1 command in 0.36ms
[
  {
    "results": [],
    "success": true,
    "meta": {
      "served_by": "v3-prod",
      "served_by_region": "ENAM",
      "served_by_colo": "ORD",
      "served_by_primary": true,
      "timings": {
        "sql_duration_ms": 0.3589
      },
      "duration": 0.3589,
      "changes": 0,
      "last_row_id": 5,
      "changed_db": true,
      "size_after": 598016,
      "rows_read": 0,
      "rows_written": 1,
      "total_attempts": 1
    }
  }
]

 ⛅️ wrangler 4.127.1 (update available 4.132.0)
───────────────────────────────────────────────
Resource location: remote 

🌀 Executing on remote database jarvis-scratch-rehearsal-0916h (f9eacdbc-9861-486d-bd68-cc7ade31adc6):
🌀 To execute on your local development database, remove the --remote flag from your wrangler command.
🚣 Executed 1 command in 0.55ms
[
  {
    "results": [],
    "success": true,
    "meta": {
      "served_by": "v3-prod",
      "served_by_region": "ENAM",
      "served_by_colo": "ORD",
      "served_by_primary": true,
      "timings": {
        "sql_duration_ms": 0.5526
      },
      "duration": 0.5526,
      "changes": 0,
      "last_row_id": 5,
      "changed_db": false,
      "size_after": 598016,
      "rows_read": 0,
      "rows_written": 1,
      "total_attempts": 1
    }
  }
]

 ⛅️ wrangler 4.127.1 (update available 4.132.0)
───────────────────────────────────────────────
Resource location: remote 

🌀 Executing on remote database jarvis-scratch-rehearsal-0916h (f9eacdbc-9861-486d-bd68-cc7ade31adc6):
🌀 To execute on your local development database, remove the --remote flag from your wrangler command.
🚣 Executed 1 command in 0.31ms
[
  {
    "results": [],
    "success": true,
    "meta": {
      "served_by": "v3-prod",
      "served_by_region": "ENAM",
      "served_by_colo": "ORD",
      "served_by_primary": true,
      "timings": {
        "sql_duration_ms": 0.3143
      },
      "duration": 0.3143,
      "changes": 0,
      "last_row_id": 5,
      "changed_db": false,
      "size_after": 598016,
      "rows_read": 0,
      "rows_written": 1,
      "total_attempts": 1
    }
  }
]

 ⛅️ wrangler 4.127.1 (update available 4.132.0)
───────────────────────────────────────────────
Resource location: remote 

🌀 Executing on remote database jarvis-scratch-rehearsal-0916h (f9eacdbc-9861-486d-bd68-cc7ade31adc6):
🌀 To execute on your local development database, remove the --remote flag from your wrangler command.
🚣 Executed 1 command in 0.54ms
[
  {
    "results": [],
    "success": true,
    "meta": {
      "served_by": "v3-prod",
      "served_by_region": "ENAM",
      "served_by_colo": "ORD",
      "served_by_primary": true,
      "timings": {
        "sql_duration_ms": 0.5395
      },
      "duration": 0.5395,
      "changes": 0,
      "last_row_id": 5,
      "changed_db": true,
      "size_after": 610304,
      "rows_read": 1,
      "rows_written": 4,
      "total_attempts": 1
    }
  }
]

 ⛅️ wrangler 4.127.1 (update available 4.132.0)
───────────────────────────────────────────────
Resource location: remote 

🌀 Executing on remote database jarvis-scratch-rehearsal-0916h (f9eacdbc-9861-486d-bd68-cc7ade31adc6):
🌀 To execute on your local development database, remove the --remote flag from your wrangler command.
🚣 Executed 1 command in 0.39ms
[
  {
    "results": [],
    "success": true,
    "meta": {
      "served_by": "v3-prod",
      "served_by_region": "ENAM",
      "served_by_colo": "ORD",
      "served_by_primary": true,
      "timings": {
        "sql_duration_ms": 0.3898
      },
      "duration": 0.3898,
      "changes": 0,
      "last_row_id": 5,
      "changed_db": true,
      "size_after": 622592,
      "rows_read": 1,
      "rows_written": 3,
      "total_attempts": 1
    }
  }
]

 ⛅️ wrangler 4.127.1 (update available 4.132.0)
───────────────────────────────────────────────
Resource location: remote 

🌀 Executing on remote database jarvis-scratch-rehearsal-0916h (f9eacdbc-9861-486d-bd68-cc7ade31adc6):
🌀 To execute on your local development database, remove the --remote flag from your wrangler command.
🚣 Executed 1 command in 0.29ms
[
  {
    "results": [],
    "success": true,
    "meta": {
      "served_by": "v3-prod",
      "served_by_region": "ENAM",
      "served_by_colo": "ORD",
      "served_by_primary": true,
      "timings": {
        "sql_duration_ms": 0.2868
      },
      "duration": 0.2868,
      "changes": 0,
      "last_row_id": 5,
      "changed_db": true,
      "size_after": 626688,
      "rows_read": 2,
      "rows_written": 1,
      "total_attempts": 1
    }
  }
]

 ⛅️ wrangler 4.127.1 (update available 4.132.0)
───────────────────────────────────────────────
Resource location: remote 

🌀 Executing on remote database jarvis-scratch-rehearsal-0916h (f9eacdbc-9861-486d-bd68-cc7ade31adc6):
🌀 To execute on your local development database, remove the --remote flag from your wrangler command.
🚣 Executed 1 command in 0.43ms
[
  {
    "results": [],
    "success": true,
    "meta": {
      "served_by": "v3-prod",
      "served_by_region": "ENAM",
      "served_by_colo": "ORD",
      "served_by_primary": true,
      "timings": {
        "sql_duration_ms": 0.4279
      },
      "duration": 0.4279,
      "changes": 0,
      "last_row_id": 5,
      "changed_db": true,
      "size_after": 634880,
      "rows_read": 1,
      "rows_written": 3,
      "total_attempts": 1
    }
  }
]

 ⛅️ wrangler 4.127.1 (update available 4.132.0)
───────────────────────────────────────────────
Resource location: remote 

🌀 Executing on remote database jarvis-scratch-rehearsal-0916h (f9eacdbc-9861-486d-bd68-cc7ade31adc6):
🌀 To execute on your local development database, remove the --remote flag from your wrangler command.
🚣 Executed 1 command in 0.68ms
[
  {
    "results": [],
    "success": true,
    "meta": {
      "served_by": "v3-prod",
      "served_by_region": "ENAM",
      "served_by_colo": "ORD",
      "served_by_primary": true,
      "timings": {
        "sql_duration_ms": 0.68
      },
      "duration": 0.68,
      "changes": 0,
      "last_row_id": 5,
      "changed_db": true,
      "size_after": 638976,
      "rows_read": 2,
      "rows_written": 1,
      "total_attempts": 1
    }
  }
]

 ⛅️ wrangler 4.127.1 (update available 4.132.0)
───────────────────────────────────────────────
Resource location: remote 

🌀 Executing on remote database jarvis-scratch-rehearsal-0916h (f9eacdbc-9861-486d-bd68-cc7ade31adc6):
🌀 To execute on your local development database, remove the --remote flag from your wrangler command.
🚣 Executed 1 command in 6.49ms
[
  {
    "results": [],
    "success": true,
    "meta": {
      "served_by": "v3-prod",
      "served_by_region": "ENAM",
      "served_by_colo": "ORD",
      "served_by_primary": true,
      "timings": {
        "sql_duration_ms": 6.4934
      },
      "duration": 6.4934,
      "changes": 0,
      "last_row_id": 5,
      "changed_db": false,
      "size_after": 638976,
      "rows_read": 188,
      "rows_written": 1,
      "total_attempts": 1
    }
  }
]

 ⛅️ wrangler 4.127.1 (update available 4.132.0)
───────────────────────────────────────────────
Resource location: remote 

🌀 Executing on remote database jarvis-scratch-rehearsal-0916h (f9eacdbc-9861-486d-bd68-cc7ade31adc6):
🌀 To execute on your local development database, remove the --remote flag from your wrangler command.
🚣 Executed 1 command in 5.93ms
[
  {
    "results": [],
    "success": true,
    "meta": {
      "served_by": "v3-prod",
      "served_by_region": "ENAM",
      "served_by_colo": "ORD",
      "served_by_primary": true,
      "timings": {
        "sql_duration_ms": 5.9295
      },
      "duration": 5.9295,
      "changes": 0,
      "last_row_id": 5,
      "changed_db": false,
      "size_after": 638976,
      "rows_read": 187,
      "rows_written": 1,
      "total_attempts": 1
    }
  }
]

 ⛅️ wrangler 4.127.1 (update available 4.132.0)
───────────────────────────────────────────────
Resource location: remote 

🌀 Executing on remote database jarvis-scratch-rehearsal-0916h (f9eacdbc-9861-486d-bd68-cc7ade31adc6):
🌀 To execute on your local development database, remove the --remote flag from your wrangler command.
🚣 Executed 1 command in 5.01ms
[
  {
    "results": [],
    "success": true,
    "meta": {
      "served_by": "v3-prod",
      "served_by_region": "ENAM",
      "served_by_colo": "ORD",
      "served_by_primary": true,
      "timings": {
        "sql_duration_ms": 5.0136
      },
      "duration": 5.0136,
      "changes": 0,
      "last_row_id": 5,
      "changed_db": false,
      "size_after": 638976,
      "rows_read": 188,
      "rows_written": 1,
      "total_attempts": 1
    }
  }
]

 ⛅️ wrangler 4.127.1 (update available 4.132.0)
───────────────────────────────────────────────
Resource location: remote 

🌀 Executing on remote database jarvis-scratch-rehearsal-0916h (f9eacdbc-9861-486d-bd68-cc7ade31adc6):
🌀 To execute on your local development database, remove the --remote flag from your wrangler command.
🚣 Executed 1 command in 5.20ms
[
  {
    "results": [],
    "success": true,
    "meta": {
      "served_by": "v3-prod",
      "served_by_region": "ENAM",
      "served_by_colo": "ORD",
      "served_by_primary": true,
      "timings": {
        "sql_duration_ms": 5.2009
      },
      "duration": 5.2009,
      "changes": 0,
      "last_row_id": 5,
      "changed_db": false,
      "size_after": 638976,
      "rows_read": 188,
      "rows_written": 1,
      "total_attempts": 1
    }
  }
]

 ⛅️ wrangler 4.127.1 (update available 4.132.0)
───────────────────────────────────────────────
Resource location: remote 

🌀 Executing on remote database jarvis-scratch-rehearsal-0916h (f9eacdbc-9861-486d-bd68-cc7ade31adc6):
🌀 To execute on your local development database, remove the --remote flag from your wrangler command.
🚣 Executed 1 command in 0.61ms
[
  {
    "results": [],
    "success": true,
    "meta": {
      "served_by": "v3-prod",
      "served_by_region": "ENAM",
      "served_by_colo": "ORD",
      "served_by_primary": true,
      "timings": {
        "sql_duration_ms": 0.6135
      },
      "duration": 0.6135,
      "changes": 0,
      "last_row_id": 5,
      "changed_db": true,
      "size_after": 651264,
      "rows_read": 1,
      "rows_written": 3,
      "total_attempts": 1
    }
  }
]

 ⛅️ wrangler 4.127.1 (update available 4.132.0)
───────────────────────────────────────────────
Resource location: remote 

🌀 Executing on remote database jarvis-scratch-rehearsal-0916h (f9eacdbc-9861-486d-bd68-cc7ade31adc6):
🌀 To execute on your local development database, remove the --remote flag from your wrangler command.
🚣 Executed 1 command in 0.39ms
[
  {
    "results": [],
    "success": true,
    "meta": {
      "served_by": "v3-prod",
      "served_by_region": "ENAM",
      "served_by_colo": "ORD",
      "served_by_primary": true,
      "timings": {
        "sql_duration_ms": 0.3887
      },
      "duration": 0.3887,
      "changes": 0,
      "last_row_id": 5,
      "changed_db": false,
      "size_after": 651264,
      "rows_read": 0,
      "rows_written": 1,
      "total_attempts": 1
    }
  }
]

 ⛅️ wrangler 4.127.1 (update available 4.132.0)
───────────────────────────────────────────────
Resource location: remote 

🌀 Executing on remote database jarvis-scratch-rehearsal-0916h (f9eacdbc-9861-486d-bd68-cc7ade31adc6):
🌀 To execute on your local development database, remove the --remote flag from your wrangler command.
🚣 Executed 1 command in 0.28ms
[
  {
    "results": [],
    "success": true,
    "meta": {
      "served_by": "v3-prod",
      "served_by_region": "ENAM",
      "served_by_colo": "ORD",
      "served_by_primary": true,
      "timings": {
        "sql_duration_ms": 0.2819
      },
      "duration": 0.2819,
      "changes": 0,
      "last_row_id": 5,
      "changed_db": false,
      "size_after": 651264,
      "rows_read": 0,
      "rows_written": 1,
      "total_attempts": 1
    }
  }
]

 ⛅️ wrangler 4.127.1 (update available 4.132.0)
───────────────────────────────────────────────
Resource location: remote 

🌀 Executing on remote database jarvis-scratch-rehearsal-0916h (f9eacdbc-9861-486d-bd68-cc7ade31adc6):
🌀 To execute on your local development database, remove the --remote flag from your wrangler command.
🚣 Executed 1 command in 0.28ms
[
  {
    "results": [],
    "success": true,
    "meta": {
      "served_by": "v3-prod",
      "served_by_region": "ENAM",
      "served_by_colo": "ORD",
      "served_by_primary": true,
      "timings": {
        "sql_duration_ms": 0.2809
      },
      "duration": 0.2809,
      "changes": 0,
      "last_row_id": 5,
      "changed_db": false,
      "size_after": 651264,
      "rows_read": 0,
      "rows_written": 1,
      "total_attempts": 1
    }
  }
]

 ⛅️ wrangler 4.127.1 (update available 4.132.0)
───────────────────────────────────────────────
Resource location: remote 

🌀 Executing on remote database jarvis-scratch-rehearsal-0916h (f9eacdbc-9861-486d-bd68-cc7ade31adc6):
🌀 To execute on your local development database, remove the --remote flag from your wrangler command.
🚣 Executed 1 command in 0.36ms
[
  {
    "results": [],
    "success": true,
    "meta": {
      "served_by": "v3-prod",
      "served_by_region": "ENAM",
      "served_by_colo": "ORD",
      "served_by_primary": true,
      "timings": {
        "sql_duration_ms": 0.3647
      },
      "duration": 0.3647,
      "changes": 0,
      "last_row_id": 5,
      "changed_db": false,
      "size_after": 651264,
      "rows_read": 0,
      "rows_written": 1,
      "total_attempts": 1
    }
  }
]

 ⛅️ wrangler 4.127.1 (update available 4.132.0)
───────────────────────────────────────────────
Resource location: remote 

🌀 Executing on remote database jarvis-scratch-rehearsal-0916h (f9eacdbc-9861-486d-bd68-cc7ade31adc6):
🌀 To execute on your local development database, remove the --remote flag from your wrangler command.
🚣 Executed 1 command in 0.54ms
[
  {
    "results": [],
    "success": true,
    "meta": {
      "served_by": "v3-prod",
      "served_by_region": "ENAM",
      "served_by_colo": "ORD",
      "served_by_primary": true,
      "timings": {
        "sql_duration_ms": 0.544
      },
      "duration": 0.544,
      "changes": 0,
      "last_row_id": 5,
      "changed_db": false,
      "size_after": 651264,
      "rows_read": 0,
      "rows_written": 1,
      "total_attempts": 1
    }
  }
]

 ⛅️ wrangler 4.127.1 (update available 4.132.0)
───────────────────────────────────────────────
Resource location: remote 

🌀 Executing on remote database jarvis-scratch-rehearsal-0916h (f9eacdbc-9861-486d-bd68-cc7ade31adc6):
🌀 To execute on your local development database, remove the --remote flag from your wrangler command.
🚣 Executed 1 command in 0.46ms
[
  {
    "results": [],
    "success": true,
    "meta": {
      "served_by": "v3-prod",
      "served_by_region": "ENAM",
      "served_by_colo": "ORD",
      "served_by_primary": true,
      "timings": {
        "sql_duration_ms": 0.4558
      },
      "duration": 0.4558,
      "changes": 0,
      "last_row_id": 5,
      "changed_db": true,
      "size_after": 655360,
      "rows_read": 0,
      "rows_written": 1,
      "total_attempts": 1
    }
  }
]

 ⛅️ wrangler 4.127.1 (update available 4.132.0)
───────────────────────────────────────────────
Resource location: remote 

🌀 Executing on remote database jarvis-scratch-rehearsal-0916h (f9eacdbc-9861-486d-bd68-cc7ade31adc6):
🌀 To execute on your local development database, remove the --remote flag from your wrangler command.
🚣 Executed 1 command in 0.48ms
[
  {
    "results": [],
    "success": true,
    "meta": {
      "served_by": "v3-prod",
      "served_by_region": "ENAM",
      "served_by_colo": "ORD",
      "served_by_primary": true,
      "timings": {
        "sql_duration_ms": 0.4792
      },
      "duration": 0.4792,
      "changes": 0,
      "last_row_id": 5,
      "changed_db": false,
      "size_after": 655360,
      "rows_read": 0,
      "rows_written": 1,
      "total_attempts": 1
    }
  }
]

 ⛅️ wrangler 4.127.1 (update available 4.132.0)
───────────────────────────────────────────────
Resource location: remote 

🌀 Executing on remote database jarvis-scratch-rehearsal-0916h (f9eacdbc-9861-486d-bd68-cc7ade31adc6):
🌀 To execute on your local development database, remove the --remote flag from your wrangler command.
🚣 Executed 1 command in 0.22ms
[
  {
    "results": [],
    "success": true,
    "meta": {
      "served_by": "v3-prod",
      "served_by_region": "ENAM",
      "served_by_colo": "ORD",
      "served_by_primary": true,
      "timings": {
        "sql_duration_ms": 0.2228
      },
      "duration": 0.2228,
      "changes": 0,
      "last_row_id": 5,
      "changed_db": false,
      "size_after": 655360,
      "rows_read": 0,
      "rows_written": 1,
      "total_attempts": 1
    }
  }
]

 ⛅️ wrangler 4.127.1 (update available 4.132.0)
───────────────────────────────────────────────
Resource location: remote 

🌀 Executing on remote database jarvis-scratch-rehearsal-0916h (f9eacdbc-9861-486d-bd68-cc7ade31adc6):
🌀 To execute on your local development database, remove the --remote flag from your wrangler command.
🚣 Executed 1 command in 0.27ms
[
  {
    "results": [],
    "success": true,
    "meta": {
      "served_by": "v3-prod",
      "served_by_region": "ENAM",
      "served_by_colo": "ORD",
      "served_by_primary": true,
      "timings": {
        "sql_duration_ms": 0.2688
      },
      "duration": 0.2688,
      "changes": 0,
      "last_row_id": 5,
      "changed_db": false,
      "size_after": 655360,
      "rows_read": 0,
      "rows_written": 1,
      "total_attempts": 1
    }
  }
]

 ⛅️ wrangler 4.127.1 (update available 4.132.0)
───────────────────────────────────────────────
Resource location: remote 

🌀 Executing on remote database jarvis-scratch-rehearsal-0916h (f9eacdbc-9861-486d-bd68-cc7ade31adc6):
🌀 To execute on your local development database, remove the --remote flag from your wrangler command.
🚣 Executed 1 command in 0.33ms
[
  {
    "results": [],
    "success": true,
    "meta": {
      "served_by": "v3-prod",
      "served_by_region": "ENAM",
      "served_by_colo": "ORD",
      "served_by_primary": true,
      "timings": {
        "sql_duration_ms": 0.3338
      },
      "duration": 0.3338,
      "changes": 0,
      "last_row_id": 5,
      "changed_db": false,
      "size_after": 655360,
      "rows_read": 0,
      "rows_written": 1,
      "total_attempts": 1
    }
  }
]

 ⛅️ wrangler 4.127.1 (update available 4.132.0)
───────────────────────────────────────────────
Resource location: remote 

🌀 Executing on remote database jarvis-scratch-rehearsal-0916h (f9eacdbc-9861-486d-bd68-cc7ade31adc6):
🌀 To execute on your local development database, remove the --remote flag from your wrangler command.
🚣 Executed 1 command in 0.64ms
[
  {
    "results": [],
    "success": true,
    "meta": {
      "served_by": "v3-prod",
      "served_by_region": "ENAM",
      "served_by_colo": "ORD",
      "served_by_primary": true,
      "timings": {
        "sql_duration_ms": 0.6357
      },
      "duration": 0.6357,
      "changes": 0,
      "last_row_id": 5,
      "changed_db": true,
      "size_after": 659456,
      "rows_read": 0,
      "rows_written": 1,
      "total_attempts": 1
    }
  }
]

 ⛅️ wrangler 4.127.1 (update available 4.132.0)
───────────────────────────────────────────────
Resource location: remote 

🌀 Executing on remote database jarvis-scratch-rehearsal-0916h (f9eacdbc-9861-486d-bd68-cc7ade31adc6):
🌀 To execute on your local development database, remove the --remote flag from your wrangler command.
🚣 Executed 1 command in 0.26ms
[
  {
    "results": [],
    "success": true,
    "meta": {
      "served_by": "v3-prod",
      "served_by_region": "ENAM",
      "served_by_colo": "ORD",
      "served_by_primary": true,
      "timings": {
        "sql_duration_ms": 0.2617
      },
      "duration": 0.2617,
      "changes": 0,
      "last_row_id": 5,
      "changed_db": false,
      "size_after": 659456,
      "rows_read": 0,
      "rows_written": 1,
      "total_attempts": 1
    }
  }
]

 ⛅️ wrangler 4.127.1 (update available 4.132.0)
───────────────────────────────────────────────
Resource location: remote 

🌀 Executing on remote database jarvis-scratch-rehearsal-0916h (f9eacdbc-9861-486d-bd68-cc7ade31adc6):
🌀 To execute on your local development database, remove the --remote flag from your wrangler command.
🚣 Executed 1 command in 0.48ms
[
  {
    "results": [],
    "success": true,
    "meta": {
      "served_by": "v3-prod",
      "served_by_region": "ENAM",
      "served_by_colo": "ORD",
      "served_by_primary": true,
      "timings": {
        "sql_duration_ms": 0.4814
      },
      "duration": 0.4814,
      "changes": 0,
      "last_row_id": 5,
      "changed_db": true,
      "size_after": 663552,
      "rows_read": 0,
      "rows_written": 1,
      "total_attempts": 1
    }
  }
]

 ⛅️ wrangler 4.127.1 (update available 4.132.0)
───────────────────────────────────────────────
Resource location: remote 

🌀 Executing on remote database jarvis-scratch-rehearsal-0916h (f9eacdbc-9861-486d-bd68-cc7ade31adc6):
🌀 To execute on your local development database, remove the --remote flag from your wrangler command.
🚣 Executed 1 command in 0.32ms
[
  {
    "results": [],
    "success": true,
    "meta": {
      "served_by": "v3-prod",
      "served_by_region": "ENAM",
      "served_by_colo": "ORD",
      "served_by_primary": true,
      "timings": {
        "sql_duration_ms": 0.3235
      },
      "duration": 0.3235,
      "changes": 0,
      "last_row_id": 5,
      "changed_db": false,
      "size_after": 663552,
      "rows_read": 0,
      "rows_written": 1,
      "total_attempts": 1
    }
  }
]

 ⛅️ wrangler 4.127.1 (update available 4.132.0)
───────────────────────────────────────────────
Resource location: remote 

🌀 Executing on remote database jarvis-scratch-rehearsal-0916h (f9eacdbc-9861-486d-bd68-cc7ade31adc6):
🌀 To execute on your local development database, remove the --remote flag from your wrangler command.
🚣 Executed 1 command in 0.30ms
[
  {
    "results": [],
    "success": true,
    "meta": {
      "served_by": "v3-prod",
      "served_by_region": "ENAM",
      "served_by_colo": "ORD",
      "served_by_primary": true,
      "timings": {
        "sql_duration_ms": 0.3037
      },
      "duration": 0.3037,
      "changes": 0,
      "last_row_id": 5,
      "changed_db": false,
      "size_after": 663552,
      "rows_read": 0,
      "rows_written": 1,
      "total_attempts": 1
    }
  }
]

 ⛅️ wrangler 4.127.1 (update available 4.132.0)
───────────────────────────────────────────────
Resource location: remote 

🌀 Executing on remote database jarvis-scratch-rehearsal-0916h (f9eacdbc-9861-486d-bd68-cc7ade31adc6):
🌀 To execute on your local development database, remove the --remote flag from your wrangler command.
🚣 Executed 1 command in 0.36ms
[
  {
    "results": [],
    "success": true,
    "meta": {
      "served_by": "v3-prod",
      "served_by_region": "ENAM",
      "served_by_colo": "ORD",
      "served_by_primary": true,
      "timings": {
        "sql_duration_ms": 0.3598
      },
      "duration": 0.3598,
      "changes": 0,
      "last_row_id": 5,
      "changed_db": true,
      "size_after": 667648,
      "rows_read": 0,
      "rows_written": 1,
      "total_attempts": 1
    }
  }
]

 ⛅️ wrangler 4.127.1 (update available 4.132.0)
───────────────────────────────────────────────
Resource location: remote 

🌀 Executing on remote database jarvis-scratch-rehearsal-0916h (f9eacdbc-9861-486d-bd68-cc7ade31adc6):
🌀 To execute on your local development database, remove the --remote flag from your wrangler command.
🚣 Executed 1 command in 0.15ms
[
  {
    "results": [],
    "success": true,
    "meta": {
      "served_by": "v3-prod",
      "served_by_region": "ENAM",
      "served_by_colo": "ORD",
      "served_by_primary": true,
      "timings": {
        "sql_duration_ms": 0.1501
      },
      "duration": 0.1501,
      "changes": 0,
      "last_row_id": 5,
      "changed_db": false,
      "size_after": 667648,
      "rows_read": 0,
      "rows_written": 0,
      "total_attempts": 1
    }
  }
]

 ⛅️ wrangler 4.127.1 (update available 4.132.0)
───────────────────────────────────────────────
Resource location: remote 

🌀 Executing on remote database jarvis-scratch-rehearsal-0916h (f9eacdbc-9861-486d-bd68-cc7ade31adc6):
🌀 To execute on your local development database, remove the --remote flag from your wrangler command.
🚣 Executed 1 command in 0.18ms
[
  {
    "results": [],
    "success": true,
    "meta": {
      "served_by": "v3-prod",
      "served_by_region": "ENAM",
      "served_by_colo": "ORD",
      "served_by_primary": true,
      "timings": {
        "sql_duration_ms": 0.1812
      },
      "duration": 0.1812,
      "changes": 1,
      "last_row_id": 6,
      "changed_db": true,
      "size_after": 667648,
      "rows_read": 1,
      "rows_written": 3,
      "total_attempts": 1
    }
  }
]
BASELINE RECEIPT OK: 0006_voice_access.sql
Applying 0007_voice_access_boundaries.sql: 8 split statements.

 ⛅️ wrangler 4.127.1 (update available 4.132.0)
───────────────────────────────────────────────
Resource location: remote 

🌀 Executing on remote database jarvis-scratch-rehearsal-0916h (f9eacdbc-9861-486d-bd68-cc7ade31adc6):
🌀 To execute on your local development database, remove the --remote flag from your wrangler command.
🚣 Executed 1 command in 6.08ms
[
  {
    "results": [],
    "success": true,
    "meta": {
      "served_by": "v3-prod",
      "served_by_region": "ENAM",
      "served_by_colo": "ORD",
      "served_by_primary": true,
      "timings": {
        "sql_duration_ms": 6.08
      },
      "duration": 6.08,
      "changes": 0,
      "last_row_id": 6,
      "changed_db": false,
      "size_after": 667648,
      "rows_read": 206,
      "rows_written": 1,
      "total_attempts": 1
    }
  }
]

 ⛅️ wrangler 4.127.1 (update available 4.132.0)
───────────────────────────────────────────────
Resource location: remote 

🌀 Executing on remote database jarvis-scratch-rehearsal-0916h (f9eacdbc-9861-486d-bd68-cc7ade31adc6):
🌀 To execute on your local development database, remove the --remote flag from your wrangler command.
🚣 Executed 1 command in 0.33ms
[
  {
    "results": [],
    "success": true,
    "meta": {
      "served_by": "v3-prod",
      "served_by_region": "ENAM",
      "served_by_colo": "ORD",
      "served_by_primary": true,
      "timings": {
        "sql_duration_ms": 0.3348
      },
      "duration": 0.3348,
      "changes": 0,
      "last_row_id": 6,
      "changed_db": false,
      "size_after": 667648,
      "rows_read": 2,
      "rows_written": 0,
      "total_attempts": 1
    }
  }
]

 ⛅️ wrangler 4.127.1 (update available 4.132.0)
───────────────────────────────────────────────
Resource location: remote 

🌀 Executing on remote database jarvis-scratch-rehearsal-0916h (f9eacdbc-9861-486d-bd68-cc7ade31adc6):
🌀 To execute on your local development database, remove the --remote flag from your wrangler command.
🚣 Executed 1 command in 0.24ms
[
  {
    "results": [],
    "success": true,
    "meta": {
      "served_by": "v3-prod",
      "served_by_region": "ENAM",
      "served_by_colo": "ORD",
      "served_by_primary": true,
      "timings": {
        "sql_duration_ms": 0.2405
      },
      "duration": 0.2405,
      "changes": 0,
      "last_row_id": 6,
      "changed_db": false,
      "size_after": 667648,
      "rows_read": 0,
      "rows_written": 1,
      "total_attempts": 1
    }
  }
]

 ⛅️ wrangler 4.127.1 (update available 4.132.0)
───────────────────────────────────────────────
Resource location: remote 

🌀 Executing on remote database jarvis-scratch-rehearsal-0916h (f9eacdbc-9861-486d-bd68-cc7ade31adc6):
🌀 To execute on your local development database, remove the --remote flag from your wrangler command.
🚣 Executed 1 command in 0.38ms
[
  {
    "results": [],
    "success": true,
    "meta": {
      "served_by": "v3-prod",
      "served_by_region": "ENAM",
      "served_by_colo": "ORD",
      "served_by_primary": true,
      "timings": {
        "sql_duration_ms": 0.3792
      },
      "duration": 0.3792,
      "changes": 0,
      "last_row_id": 6,
      "changed_db": false,
      "size_after": 667648,
      "rows_read": 0,
      "rows_written": 1,
      "total_attempts": 1
    }
  }
]

 ⛅️ wrangler 4.127.1 (update available 4.132.0)
───────────────────────────────────────────────
Resource location: remote 

🌀 Executing on remote database jarvis-scratch-rehearsal-0916h (f9eacdbc-9861-486d-bd68-cc7ade31adc6):
🌀 To execute on your local development database, remove the --remote flag from your wrangler command.
🚣 Executed 1 command in 0.37ms
[
  {
    "results": [],
    "success": true,
    "meta": {
      "served_by": "v3-prod",
      "served_by_region": "ENAM",
      "served_by_colo": "ORD",
      "served_by_primary": true,
      "timings": {
        "sql_duration_ms": 0.3738
      },
      "duration": 0.3738,
      "changes": 0,
      "last_row_id": 6,
      "changed_db": false,
      "size_after": 667648,
      "rows_read": 0,
      "rows_written": 1,
      "total_attempts": 1
    }
  }
]

 ⛅️ wrangler 4.127.1 (update available 4.132.0)
───────────────────────────────────────────────
Resource location: remote 

🌀 Executing on remote database jarvis-scratch-rehearsal-0916h (f9eacdbc-9861-486d-bd68-cc7ade31adc6):
🌀 To execute on your local development database, remove the --remote flag from your wrangler command.
🚣 Executed 1 command in 0.40ms
[
  {
    "results": [],
    "success": true,
    "meta": {
      "served_by": "v3-prod",
      "served_by_region": "ENAM",
      "served_by_colo": "ORD",
      "served_by_primary": true,
      "timings": {
        "sql_duration_ms": 0.4024
      },
      "duration": 0.4024,
      "changes": 0,
      "last_row_id": 6,
      "changed_db": true,
      "size_after": 671744,
      "rows_read": 0,
      "rows_written": 1,
      "total_attempts": 1
    }
  }
]

 ⛅️ wrangler 4.127.1 (update available 4.132.0)
───────────────────────────────────────────────
Resource location: remote 

🌀 Executing on remote database jarvis-scratch-rehearsal-0916h (f9eacdbc-9861-486d-bd68-cc7ade31adc6):
🌀 To execute on your local development database, remove the --remote flag from your wrangler command.
🚣 Executed 1 command in 0.38ms
[
  {
    "results": [],
    "success": true,
    "meta": {
      "served_by": "v3-prod",
      "served_by_region": "ENAM",
      "served_by_colo": "ORD",
      "served_by_primary": true,
      "timings": {
        "sql_duration_ms": 0.3807
      },
      "duration": 0.3807,
      "changes": 0,
      "last_row_id": 6,
      "changed_db": false,
      "size_after": 671744,
      "rows_read": 0,
      "rows_written": 1,
      "total_attempts": 1
    }
  }
]

 ⛅️ wrangler 4.127.1 (update available 4.132.0)
───────────────────────────────────────────────
Resource location: remote 

🌀 Executing on remote database jarvis-scratch-rehearsal-0916h (f9eacdbc-9861-486d-bd68-cc7ade31adc6):
🌀 To execute on your local development database, remove the --remote flag from your wrangler command.
🚣 Executed 1 command in 0.55ms
[
  {
    "results": [],
    "success": true,
    "meta": {
      "served_by": "v3-prod",
      "served_by_region": "ENAM",
      "served_by_colo": "ORD",
      "served_by_primary": true,
      "timings": {
        "sql_duration_ms": 0.5541
      },
      "duration": 0.5541,
      "changes": 0,
      "last_row_id": 6,
      "changed_db": false,
      "size_after": 671744,
      "rows_read": 0,
      "rows_written": 1,
      "total_attempts": 1
    }
  }
]

 ⛅️ wrangler 4.127.1 (update available 4.132.0)
───────────────────────────────────────────────
Resource location: remote 

🌀 Executing on remote database jarvis-scratch-rehearsal-0916h (f9eacdbc-9861-486d-bd68-cc7ade31adc6):
🌀 To execute on your local development database, remove the --remote flag from your wrangler command.
🚣 Executed 1 command in 0.17ms
[
  {
    "results": [],
    "success": true,
    "meta": {
      "served_by": "v3-prod",
      "served_by_region": "ENAM",
      "served_by_colo": "ORD",
      "served_by_primary": true,
      "timings": {
        "sql_duration_ms": 0.1727
      },
      "duration": 0.1727,
      "changes": 1,
      "last_row_id": 7,
      "changed_db": true,
      "size_after": 671744,
      "rows_read": 1,
      "rows_written": 3,
      "total_attempts": 1
    }
  }
]
BASELINE RECEIPT OK: 0007_voice_access_boundaries.sql
Applying 0008_autonomy.sql: 10 split statements.

 ⛅️ wrangler 4.127.1 (update available 4.132.0)
───────────────────────────────────────────────
Resource location: remote 

🌀 Executing on remote database jarvis-scratch-rehearsal-0916h (f9eacdbc-9861-486d-bd68-cc7ade31adc6):
🌀 To execute on your local development database, remove the --remote flag from your wrangler command.
🚣 Executed 1 command in 0.45ms
[
  {
    "results": [],
    "success": true,
    "meta": {
      "served_by": "v3-prod",
      "served_by_region": "ENAM",
      "served_by_colo": "ORD",
      "served_by_primary": true,
      "timings": {
        "sql_duration_ms": 0.4533
      },
      "duration": 0.4533,
      "changes": 0,
      "last_row_id": 7,
      "changed_db": true,
      "size_after": 679936,
      "rows_read": 1,
      "rows_written": 3,
      "total_attempts": 1
    }
  }
]

 ⛅️ wrangler 4.127.1 (update available 4.132.0)
───────────────────────────────────────────────
Resource location: remote 

🌀 Executing on remote database jarvis-scratch-rehearsal-0916h (f9eacdbc-9861-486d-bd68-cc7ade31adc6):
🌀 To execute on your local development database, remove the --remote flag from your wrangler command.
🚣 Executed 1 command in 0.23ms
[
  {
    "results": [],
    "success": true,
    "meta": {
      "served_by": "v3-prod",
      "served_by_region": "ENAM",
      "served_by_colo": "ORD",
      "served_by_primary": true,
      "timings": {
        "sql_duration_ms": 0.2255
      },
      "duration": 0.2255,
      "changes": 13,
      "last_row_id": 13,
      "changed_db": true,
      "size_after": 679936,
      "rows_read": 13,
      "rows_written": 26,
      "total_attempts": 1
    }
  }
]

 ⛅️ wrangler 4.127.1 (update available 4.132.0)
───────────────────────────────────────────────
Resource location: remote 

🌀 Executing on remote database jarvis-scratch-rehearsal-0916h (f9eacdbc-9861-486d-bd68-cc7ade31adc6):
🌀 To execute on your local development database, remove the --remote flag from your wrangler command.
🚣 Executed 1 command in 0.41ms
[
  {
    "results": [],
    "success": true,
    "meta": {
      "served_by": "v3-prod",
      "served_by_region": "ENAM",
      "served_by_colo": "ORD",
      "served_by_primary": true,
      "timings": {
        "sql_duration_ms": 0.4119
      },
      "duration": 0.4119,
      "changes": 0,
      "last_row_id": 13,
      "changed_db": true,
      "size_after": 684032,
      "rows_read": 1,
      "rows_written": 2,
      "total_attempts": 1
    }
  }
]

 ⛅️ wrangler 4.127.1 (update available 4.132.0)
───────────────────────────────────────────────
Resource location: remote 

🌀 Executing on remote database jarvis-scratch-rehearsal-0916h (f9eacdbc-9861-486d-bd68-cc7ade31adc6):
🌀 To execute on your local development database, remove the --remote flag from your wrangler command.
🚣 Executed 1 command in 0.19ms
[
  {
    "results": [],
    "success": true,
    "meta": {
      "served_by": "v3-prod",
      "served_by_region": "ENAM",
      "served_by_colo": "ORD",
      "served_by_primary": true,
      "timings": {
        "sql_duration_ms": 0.1887
      },
      "duration": 0.1887,
      "changes": 1,
      "last_row_id": 1,
      "changed_db": true,
      "size_after": 684032,
      "rows_read": 1,
      "rows_written": 1,
      "total_attempts": 1
    }
  }
]

 ⛅️ wrangler 4.127.1 (update available 4.132.0)
───────────────────────────────────────────────
Resource location: remote 

🌀 Executing on remote database jarvis-scratch-rehearsal-0916h (f9eacdbc-9861-486d-bd68-cc7ade31adc6):
🌀 To execute on your local development database, remove the --remote flag from your wrangler command.
🚣 Executed 1 command in 0.30ms
[
  {
    "results": [],
    "success": true,
    "meta": {
      "served_by": "v3-prod",
      "served_by_region": "ENAM",
      "served_by_colo": "ORD",
      "served_by_primary": true,
      "timings": {
        "sql_duration_ms": 0.2991
      },
      "duration": 0.2991,
      "changes": 0,
      "last_row_id": 1,
      "changed_db": false,
      "size_after": 684032,
      "rows_read": 0,
      "rows_written": 1,
      "total_attempts": 1
    }
  }
]

 ⛅️ wrangler 4.127.1 (update available 4.132.0)
───────────────────────────────────────────────
Resource location: remote 

🌀 Executing on remote database jarvis-scratch-rehearsal-0916h (f9eacdbc-9861-486d-bd68-cc7ade31adc6):
🌀 To execute on your local development database, remove the --remote flag from your wrangler command.
🚣 Executed 1 command in 0.42ms
[
  {
    "results": [],
    "success": true,
    "meta": {
      "served_by": "v3-prod",
      "served_by_region": "ENAM",
      "served_by_colo": "ORD",
      "served_by_primary": true,
      "timings": {
        "sql_duration_ms": 0.4243
      },
      "duration": 0.4243,
      "changes": 0,
      "last_row_id": 1,
      "changed_db": true,
      "size_after": 696320,
      "rows_read": 1,
      "rows_written": 3,
      "total_attempts": 1
    }
  }
]

 ⛅️ wrangler 4.127.1 (update available 4.132.0)
───────────────────────────────────────────────
Resource location: remote 

🌀 Executing on remote database jarvis-scratch-rehearsal-0916h (f9eacdbc-9861-486d-bd68-cc7ade31adc6):
🌀 To execute on your local development database, remove the --remote flag from your wrangler command.
🚣 Executed 1 command in 0.57ms
[
  {
    "results": [],
    "success": true,
    "meta": {
      "served_by": "v3-prod",
      "served_by_region": "ENAM",
      "served_by_colo": "ORD",
      "served_by_primary": true,
      "timings": {
        "sql_duration_ms": 0.575
      },
      "duration": 0.575,
      "changes": 0,
      "last_row_id": 1,
      "changed_db": true,
      "size_after": 700416,
      "rows_read": 2,
      "rows_written": 1,
      "total_attempts": 1
    }
  }
]

 ⛅️ wrangler 4.127.1 (update available 4.132.0)
───────────────────────────────────────────────
Resource location: remote 

🌀 Executing on remote database jarvis-scratch-rehearsal-0916h (f9eacdbc-9861-486d-bd68-cc7ade31adc6):
🌀 To execute on your local development database, remove the --remote flag from your wrangler command.
🚣 Executed 1 command in 0.37ms
[
  {
    "results": [],
    "success": true,
    "meta": {
      "served_by": "v3-prod",
      "served_by_region": "ENAM",
      "served_by_colo": "ORD",
      "served_by_primary": true,
      "timings": {
        "sql_duration_ms": 0.3736
      },
      "duration": 0.3736,
      "changes": 0,
      "last_row_id": 1,
      "changed_db": true,
      "size_after": 704512,
      "rows_read": 2,
      "rows_written": 1,
      "total_attempts": 1
    }
  }
]

 ⛅️ wrangler 4.127.1 (update available 4.132.0)
───────────────────────────────────────────────
Resource location: remote 

🌀 Executing on remote database jarvis-scratch-rehearsal-0916h (f9eacdbc-9861-486d-bd68-cc7ade31adc6):
🌀 To execute on your local development database, remove the --remote flag from your wrangler command.
🚣 Executed 1 command in 0.32ms
[
  {
    "results": [],
    "success": true,
    "meta": {
      "served_by": "v3-prod",
      "served_by_region": "ENAM",
      "served_by_colo": "ORD",
      "served_by_primary": true,
      "timings": {
        "sql_duration_ms": 0.3173
      },
      "duration": 0.3173,
      "changes": 0,
      "last_row_id": 1,
      "changed_db": false,
      "size_after": 704512,
      "rows_read": 0,
      "rows_written": 1,
      "total_attempts": 1
    }
  }
]

 ⛅️ wrangler 4.127.1 (update available 4.132.0)
───────────────────────────────────────────────
Resource location: remote 

🌀 Executing on remote database jarvis-scratch-rehearsal-0916h (f9eacdbc-9861-486d-bd68-cc7ade31adc6):
🌀 To execute on your local development database, remove the --remote flag from your wrangler command.
🚣 Executed 1 command in 0.35ms
[
  {
    "results": [],
    "success": true,
    "meta": {
      "served_by": "v3-prod",
      "served_by_region": "ENAM",
      "served_by_colo": "ORD",
      "served_by_primary": true,
      "timings": {
        "sql_duration_ms": 0.3485
      },
      "duration": 0.3485,
      "changes": 0,
      "last_row_id": 1,
      "changed_db": false,
      "size_after": 704512,
      "rows_read": 0,
      "rows_written": 1,
      "total_attempts": 1
    }
  }
]

 ⛅️ wrangler 4.127.1 (update available 4.132.0)
───────────────────────────────────────────────
Resource location: remote 

🌀 Executing on remote database jarvis-scratch-rehearsal-0916h (f9eacdbc-9861-486d-bd68-cc7ade31adc6):
🌀 To execute on your local development database, remove the --remote flag from your wrangler command.
🚣 Executed 1 command in 0.17ms
[
  {
    "results": [],
    "success": true,
    "meta": {
      "served_by": "v3-prod",
      "served_by_region": "ENAM",
      "served_by_colo": "ORD",
      "served_by_primary": true,
      "timings": {
        "sql_duration_ms": 0.165
      },
      "duration": 0.165,
      "changes": 1,
      "last_row_id": 8,
      "changed_db": true,
      "size_after": 704512,
      "rows_read": 1,
      "rows_written": 3,
      "total_attempts": 1
    }
  }
]
BASELINE RECEIPT OK: 0008_autonomy.sql
Applying 0009_decisions.sql: 12 split statements.

 ⛅️ wrangler 4.127.1 (update available 4.132.0)
───────────────────────────────────────────────
Resource location: remote 

🌀 Executing on remote database jarvis-scratch-rehearsal-0916h (f9eacdbc-9861-486d-bd68-cc7ade31adc6):
🌀 To execute on your local development database, remove the --remote flag from your wrangler command.
🚣 Executed 1 command in 0.45ms
[
  {
    "results": [],
    "success": true,
    "meta": {
      "served_by": "v3-prod",
      "served_by_region": "ENAM",
      "served_by_colo": "ORD",
      "served_by_primary": true,
      "timings": {
        "sql_duration_ms": 0.4507
      },
      "duration": 0.4507,
      "changes": 0,
      "last_row_id": 8,
      "changed_db": true,
      "size_after": 712704,
      "rows_read": 1,
      "rows_written": 3,
      "total_attempts": 1
    }
  }
]

 ⛅️ wrangler 4.127.1 (update available 4.132.0)
───────────────────────────────────────────────
Resource location: remote 

🌀 Executing on remote database jarvis-scratch-rehearsal-0916h (f9eacdbc-9861-486d-bd68-cc7ade31adc6):
🌀 To execute on your local development database, remove the --remote flag from your wrangler command.
🚣 Executed 1 command in 0.36ms
[
  {
    "results": [],
    "success": true,
    "meta": {
      "served_by": "v3-prod",
      "served_by_region": "ENAM",
      "served_by_colo": "ORD",
      "served_by_primary": true,
      "timings": {
        "sql_duration_ms": 0.3634
      },
      "duration": 0.3634,
      "changes": 0,
      "last_row_id": 8,
      "changed_db": true,
      "size_after": 716800,
      "rows_read": 2,
      "rows_written": 1,
      "total_attempts": 1
    }
  }
]

 ⛅️ wrangler 4.127.1 (update available 4.132.0)
───────────────────────────────────────────────
Resource location: remote 

🌀 Executing on remote database jarvis-scratch-rehearsal-0916h (f9eacdbc-9861-486d-bd68-cc7ade31adc6):
🌀 To execute on your local development database, remove the --remote flag from your wrangler command.
🚣 Executed 1 command in 0.36ms
[
  {
    "results": [],
    "success": true,
    "meta": {
      "served_by": "v3-prod",
      "served_by_region": "ENAM",
      "served_by_colo": "ORD",
      "served_by_primary": true,
      "timings": {
        "sql_duration_ms": 0.3635
      },
      "duration": 0.3635,
      "changes": 0,
      "last_row_id": 8,
      "changed_db": true,
      "size_after": 720896,
      "rows_read": 2,
      "rows_written": 1,
      "total_attempts": 1
    }
  }
]

 ⛅️ wrangler 4.127.1 (update available 4.132.0)
───────────────────────────────────────────────
Resource location: remote 

🌀 Executing on remote database jarvis-scratch-rehearsal-0916h (f9eacdbc-9861-486d-bd68-cc7ade31adc6):
🌀 To execute on your local development database, remove the --remote flag from your wrangler command.
🚣 Executed 1 command in 0.68ms
[
  {
    "results": [],
    "success": true,
    "meta": {
      "served_by": "v3-prod",
      "served_by_region": "ENAM",
      "served_by_colo": "ORD",
      "served_by_primary": true,
      "timings": {
        "sql_duration_ms": 0.6755
      },
      "duration": 0.6755,
      "changes": 0,
      "last_row_id": 8,
      "changed_db": true,
      "size_after": 733184,
      "rows_read": 1,
      "rows_written": 3,
      "total_attempts": 1
    }
  }
]

 ⛅️ wrangler 4.127.1 (update available 4.132.0)
───────────────────────────────────────────────
Resource location: remote 

🌀 Executing on remote database jarvis-scratch-rehearsal-0916h (f9eacdbc-9861-486d-bd68-cc7ade31adc6):
🌀 To execute on your local development database, remove the --remote flag from your wrangler command.
🚣 Executed 1 command in 0.36ms
[
  {
    "results": [],
    "success": true,
    "meta": {
      "served_by": "v3-prod",
      "served_by_region": "ENAM",
      "served_by_colo": "ORD",
      "served_by_primary": true,
      "timings": {
        "sql_duration_ms": 0.3589
      },
      "duration": 0.3589,
      "changes": 0,
      "last_row_id": 8,
      "changed_db": true,
      "size_after": 737280,
      "rows_read": 2,
      "rows_written": 1,
      "total_attempts": 1
    }
  }
]

 ⛅️ wrangler 4.127.1 (update available 4.132.0)
───────────────────────────────────────────────
Resource location: remote 

🌀 Executing on remote database jarvis-scratch-rehearsal-0916h (f9eacdbc-9861-486d-bd68-cc7ade31adc6):
🌀 To execute on your local development database, remove the --remote flag from your wrangler command.
🚣 Executed 1 command in 0.42ms
[
  {
    "results": [],
    "success": true,
    "meta": {
      "served_by": "v3-prod",
      "served_by_region": "ENAM",
      "served_by_colo": "ORD",
      "served_by_primary": true,
      "timings": {
        "sql_duration_ms": 0.4177
      },
      "duration": 0.4177,
      "changes": 0,
      "last_row_id": 8,
      "changed_db": true,
      "size_after": 745472,
      "rows_read": 1,
      "rows_written": 3,
      "total_attempts": 1
    }
  }
]

 ⛅️ wrangler 4.127.1 (update available 4.132.0)
───────────────────────────────────────────────
Resource location: remote 

🌀 Executing on remote database jarvis-scratch-rehearsal-0916h (f9eacdbc-9861-486d-bd68-cc7ade31adc6):
🌀 To execute on your local development database, remove the --remote flag from your wrangler command.
🚣 Executed 1 command in 0.33ms
[
  {
    "results": [],
    "success": true,
    "meta": {
      "served_by": "v3-prod",
      "served_by_region": "ENAM",
      "served_by_colo": "ORD",
      "served_by_primary": true,
      "timings": {
        "sql_duration_ms": 0.3261
      },
      "duration": 0.3261,
      "changes": 0,
      "last_row_id": 8,
      "changed_db": true,
      "size_after": 749568,
      "rows_read": 2,
      "rows_written": 1,
      "total_attempts": 1
    }
  }
]

 ⛅️ wrangler 4.127.1 (update available 4.132.0)
───────────────────────────────────────────────
Resource location: remote 

🌀 Executing on remote database jarvis-scratch-rehearsal-0916h (f9eacdbc-9861-486d-bd68-cc7ade31adc6):
🌀 To execute on your local development database, remove the --remote flag from your wrangler command.
🚣 Executed 1 command in 0.29ms
[
  {
    "results": [],
    "success": true,
    "meta": {
      "served_by": "v3-prod",
      "served_by_region": "ENAM",
      "served_by_colo": "ORD",
      "served_by_primary": true,
      "timings": {
        "sql_duration_ms": 0.2917
      },
      "duration": 0.2917,
      "changes": 0,
      "last_row_id": 8,
      "changed_db": false,
      "size_after": 749568,
      "rows_read": 0,
      "rows_written": 1,
      "total_attempts": 1
    }
  }
]

 ⛅️ wrangler 4.127.1 (update available 4.132.0)
───────────────────────────────────────────────
Resource location: remote 

🌀 Executing on remote database jarvis-scratch-rehearsal-0916h (f9eacdbc-9861-486d-bd68-cc7ade31adc6):
🌀 To execute on your local development database, remove the --remote flag from your wrangler command.
🚣 Executed 1 command in 0.31ms
[
  {
    "results": [],
    "success": true,
    "meta": {
      "served_by": "v3-prod",
      "served_by_region": "ENAM",
      "served_by_colo": "ORD",
      "served_by_primary": true,
      "timings": {
        "sql_duration_ms": 0.3058
      },
      "duration": 0.3058,
      "changes": 0,
      "last_row_id": 8,
      "changed_db": false,
      "size_after": 749568,
      "rows_read": 0,
      "rows_written": 1,
      "total_attempts": 1
    }
  }
]

 ⛅️ wrangler 4.127.1 (update available 4.132.0)
───────────────────────────────────────────────
Resource location: remote 

🌀 Executing on remote database jarvis-scratch-rehearsal-0916h (f9eacdbc-9861-486d-bd68-cc7ade31adc6):
🌀 To execute on your local development database, remove the --remote flag from your wrangler command.
🚣 Executed 1 command in 0.33ms
[
  {
    "results": [],
    "success": true,
    "meta": {
      "served_by": "v3-prod",
      "served_by_region": "ENAM",
      "served_by_colo": "ORD",
      "served_by_primary": true,
      "timings": {
        "sql_duration_ms": 0.3263
      },
      "duration": 0.3263,
      "changes": 0,
      "last_row_id": 8,
      "changed_db": false,
      "size_after": 749568,
      "rows_read": 0,
      "rows_written": 1,
      "total_attempts": 1
    }
  }
]

 ⛅️ wrangler 4.127.1 (update available 4.132.0)
───────────────────────────────────────────────
Resource location: remote 

🌀 Executing on remote database jarvis-scratch-rehearsal-0916h (f9eacdbc-9861-486d-bd68-cc7ade31adc6):
🌀 To execute on your local development database, remove the --remote flag from your wrangler command.
🚣 Executed 1 command in 0.29ms
[
  {
    "results": [],
    "success": true,
    "meta": {
      "served_by": "v3-prod",
      "served_by_region": "ENAM",
      "served_by_colo": "ORD",
      "served_by_primary": true,
      "timings": {
        "sql_duration_ms": 0.2852
      },
      "duration": 0.2852,
      "changes": 0,
      "last_row_id": 8,
      "changed_db": false,
      "size_after": 749568,
      "rows_read": 0,
      "rows_written": 1,
      "total_attempts": 1
    }
  }
]

 ⛅️ wrangler 4.127.1 (update available 4.132.0)
───────────────────────────────────────────────
Resource location: remote 

🌀 Executing on remote database jarvis-scratch-rehearsal-0916h (f9eacdbc-9861-486d-bd68-cc7ade31adc6):
🌀 To execute on your local development database, remove the --remote flag from your wrangler command.
🚣 Executed 1 command in 0.36ms
[
  {
    "results": [],
    "success": true,
    "meta": {
      "served_by": "v3-prod",
      "served_by_region": "ENAM",
      "served_by_colo": "ORD",
      "served_by_primary": true,
      "timings": {
        "sql_duration_ms": 0.3642
      },
      "duration": 0.3642,
      "changes": 0,
      "last_row_id": 8,
      "changed_db": false,
      "size_after": 749568,
      "rows_read": 0,
      "rows_written": 1,
      "total_attempts": 1
    }
  }
]

 ⛅️ wrangler 4.127.1 (update available 4.132.0)
───────────────────────────────────────────────
Resource location: remote 

🌀 Executing on remote database jarvis-scratch-rehearsal-0916h (f9eacdbc-9861-486d-bd68-cc7ade31adc6):
🌀 To execute on your local development database, remove the --remote flag from your wrangler command.
🚣 Executed 1 command in 0.14ms
[
  {
    "results": [],
    "success": true,
    "meta": {
      "served_by": "v3-prod",
      "served_by_region": "ENAM",
      "served_by_colo": "ORD",
      "served_by_primary": true,
      "timings": {
        "sql_duration_ms": 0.1411
      },
      "duration": 0.1411,
      "changes": 1,
      "last_row_id": 9,
      "changed_db": true,
      "size_after": 749568,
      "rows_read": 1,
      "rows_written": 3,
      "total_attempts": 1
    }
  }
]
BASELINE RECEIPT OK: 0009_decisions.sql
Applying 0010_projects.sql: 7 split statements.

 ⛅️ wrangler 4.127.1 (update available 4.132.0)
───────────────────────────────────────────────
Resource location: remote 

🌀 Executing on remote database jarvis-scratch-rehearsal-0916h (f9eacdbc-9861-486d-bd68-cc7ade31adc6):
🌀 To execute on your local development database, remove the --remote flag from your wrangler command.
🚣 Executed 1 command in 0.58ms
[
  {
    "results": [],
    "success": true,
    "meta": {
      "served_by": "v3-prod",
      "served_by_region": "ENAM",
      "served_by_colo": "ORD",
      "served_by_primary": true,
      "timings": {
        "sql_duration_ms": 0.5847
      },
      "duration": 0.5847,
      "changes": 0,
      "last_row_id": 9,
      "changed_db": true,
      "size_after": 761856,
      "rows_read": 1,
      "rows_written": 4,
      "total_attempts": 1
    }
  }
]

 ⛅️ wrangler 4.127.1 (update available 4.132.0)
───────────────────────────────────────────────
Resource location: remote 

🌀 Executing on remote database jarvis-scratch-rehearsal-0916h (f9eacdbc-9861-486d-bd68-cc7ade31adc6):
🌀 To execute on your local development database, remove the --remote flag from your wrangler command.
🚣 Executed 1 command in 0.58ms
[
  {
    "results": [],
    "success": true,
    "meta": {
      "served_by": "v3-prod",
      "served_by_region": "ENAM",
      "served_by_colo": "ORD",
      "served_by_primary": true,
      "timings": {
        "sql_duration_ms": 0.5832
      },
      "duration": 0.5832,
      "changes": 0,
      "last_row_id": 9,
      "changed_db": true,
      "size_after": 774144,
      "rows_read": 1,
      "rows_written": 3,
      "total_attempts": 1
    }
  }
]

 ⛅️ wrangler 4.127.1 (update available 4.132.0)
───────────────────────────────────────────────
Resource location: remote 

🌀 Executing on remote database jarvis-scratch-rehearsal-0916h (f9eacdbc-9861-486d-bd68-cc7ade31adc6):
🌀 To execute on your local development database, remove the --remote flag from your wrangler command.
🚣 Executed 1 command in 0.42ms
[
  {
    "results": [],
    "success": true,
    "meta": {
      "served_by": "v3-prod",
      "served_by_region": "ENAM",
      "served_by_colo": "ORD",
      "served_by_primary": true,
      "timings": {
        "sql_duration_ms": 0.4232
      },
      "duration": 0.4232,
      "changes": 0,
      "last_row_id": 9,
      "changed_db": true,
      "size_after": 778240,
      "rows_read": 2,
      "rows_written": 1,
      "total_attempts": 1
    }
  }
]

 ⛅️ wrangler 4.127.1 (update available 4.132.0)
───────────────────────────────────────────────
Resource location: remote 

🌀 Executing on remote database jarvis-scratch-rehearsal-0916h (f9eacdbc-9861-486d-bd68-cc7ade31adc6):
🌀 To execute on your local development database, remove the --remote flag from your wrangler command.
🚣 Executed 1 command in 0.33ms
[
  {
    "results": [],
    "success": true,
    "meta": {
      "served_by": "v3-prod",
      "served_by_region": "ENAM",
      "served_by_colo": "ORD",
      "served_by_primary": true,
      "timings": {
        "sql_duration_ms": 0.3296
      },
      "duration": 0.3296,
      "changes": 0,
      "last_row_id": 9,
      "changed_db": false,
      "size_after": 778240,
      "rows_read": 0,
      "rows_written": 1,
      "total_attempts": 1
    }
  }
]

 ⛅️ wrangler 4.127.1 (update available 4.132.0)
───────────────────────────────────────────────
Resource location: remote 

🌀 Executing on remote database jarvis-scratch-rehearsal-0916h (f9eacdbc-9861-486d-bd68-cc7ade31adc6):
🌀 To execute on your local development database, remove the --remote flag from your wrangler command.
🚣 Executed 1 command in 0.82ms
[
  {
    "results": [],
    "success": true,
    "meta": {
      "served_by": "v3-prod",
      "served_by_region": "ENAM",
      "served_by_colo": "ORD",
      "served_by_primary": true,
      "timings": {
        "sql_duration_ms": 0.8194
      },
      "duration": 0.8194,
      "changes": 0,
      "last_row_id": 9,
      "changed_db": true,
      "size_after": 786432,
      "rows_read": 1,
      "rows_written": 3,
      "total_attempts": 1
    }
  }
]

 ⛅️ wrangler 4.127.1 (update available 4.132.0)
───────────────────────────────────────────────
Resource location: remote 

🌀 Executing on remote database jarvis-scratch-rehearsal-0916h (f9eacdbc-9861-486d-bd68-cc7ade31adc6):
🌀 To execute on your local development database, remove the --remote flag from your wrangler command.
🚣 Executed 1 command in 0.36ms
[
  {
    "results": [],
    "success": true,
    "meta": {
      "served_by": "v3-prod",
      "served_by_region": "ENAM",
      "served_by_colo": "ORD",
      "served_by_primary": true,
      "timings": {
        "sql_duration_ms": 0.3624
      },
      "duration": 0.3624,
      "changes": 0,
      "last_row_id": 9,
      "changed_db": true,
      "size_after": 790528,
      "rows_read": 2,
      "rows_written": 1,
      "total_attempts": 1
    }
  }
]

 ⛅️ wrangler 4.127.1 (update available 4.132.0)
───────────────────────────────────────────────
Resource location: remote 

🌀 Executing on remote database jarvis-scratch-rehearsal-0916h (f9eacdbc-9861-486d-bd68-cc7ade31adc6):
🌀 To execute on your local development database, remove the --remote flag from your wrangler command.
🚣 Executed 1 command in 0.27ms
[
  {
    "results": [],
    "success": true,
    "meta": {
      "served_by": "v3-prod",
      "served_by_region": "ENAM",
      "served_by_colo": "ORD",
      "served_by_primary": true,
      "timings": {
        "sql_duration_ms": 0.2702
      },
      "duration": 0.2702,
      "changes": 0,
      "last_row_id": 9,
      "changed_db": false,
      "size_after": 790528,
      "rows_read": 0,
      "rows_written": 1,
      "total_attempts": 1
    }
  }
]

 ⛅️ wrangler 4.127.1 (update available 4.132.0)
───────────────────────────────────────────────
Resource location: remote 

🌀 Executing on remote database jarvis-scratch-rehearsal-0916h (f9eacdbc-9861-486d-bd68-cc7ade31adc6):
🌀 To execute on your local development database, remove the --remote flag from your wrangler command.
🚣 Executed 1 command in 0.14ms
[
  {
    "results": [],
    "success": true,
    "meta": {
      "served_by": "v3-prod",
      "served_by_region": "ENAM",
      "served_by_colo": "ORD",
      "served_by_primary": true,
      "timings": {
        "sql_duration_ms": 0.1413
      },
      "duration": 0.1413,
      "changes": 1,
      "last_row_id": 10,
      "changed_db": true,
      "size_after": 790528,
      "rows_read": 1,
      "rows_written": 3,
      "total_attempts": 1
    }
  }
]
BASELINE RECEIPT OK: 0010_projects.sql
Applying 0011_deadlines.sql: 9 split statements.

 ⛅️ wrangler 4.127.1 (update available 4.132.0)
───────────────────────────────────────────────
Resource location: remote 

🌀 Executing on remote database jarvis-scratch-rehearsal-0916h (f9eacdbc-9861-486d-bd68-cc7ade31adc6):
🌀 To execute on your local development database, remove the --remote flag from your wrangler command.
🚣 Executed 1 command in 0.43ms
[
  {
    "results": [],
    "success": true,
    "meta": {
      "served_by": "v3-prod",
      "served_by_region": "ENAM",
      "served_by_colo": "ORD",
      "served_by_primary": true,
      "timings": {
        "sql_duration_ms": 0.4279
      },
      "duration": 0.4279,
      "changes": 0,
      "last_row_id": 10,
      "changed_db": true,
      "size_after": 798720,
      "rows_read": 1,
      "rows_written": 3,
      "total_attempts": 1
    }
  }
]

 ⛅️ wrangler 4.127.1 (update available 4.132.0)
───────────────────────────────────────────────
Resource location: remote 

🌀 Executing on remote database jarvis-scratch-rehearsal-0916h (f9eacdbc-9861-486d-bd68-cc7ade31adc6):
🌀 To execute on your local development database, remove the --remote flag from your wrangler command.
🚣 Executed 1 command in 0.47ms
[
  {
    "results": [],
    "success": true,
    "meta": {
      "served_by": "v3-prod",
      "served_by_region": "ENAM",
      "served_by_colo": "ORD",
      "served_by_primary": true,
      "timings": {
        "sql_duration_ms": 0.47
      },
      "duration": 0.47,
      "changes": 0,
      "last_row_id": 10,
      "changed_db": true,
      "size_after": 815104,
      "rows_read": 1,
      "rows_written": 4,
      "total_attempts": 1
    }
  }
]

 ⛅️ wrangler 4.127.1 (update available 4.132.0)
───────────────────────────────────────────────
Resource location: remote 

🌀 Executing on remote database jarvis-scratch-rehearsal-0916h (f9eacdbc-9861-486d-bd68-cc7ade31adc6):
🌀 To execute on your local development database, remove the --remote flag from your wrangler command.
🚣 Executed 1 command in 0.39ms
[
  {
    "results": [],
    "success": true,
    "meta": {
      "served_by": "v3-prod",
      "served_by_region": "ENAM",
      "served_by_colo": "ORD",
      "served_by_primary": true,
      "timings": {
        "sql_duration_ms": 0.3899
      },
      "duration": 0.3899,
      "changes": 0,
      "last_row_id": 10,
      "changed_db": true,
      "size_after": 819200,
      "rows_read": 2,
      "rows_written": 1,
      "total_attempts": 1
    }
  }
]

 ⛅️ wrangler 4.127.1 (update available 4.132.0)
───────────────────────────────────────────────
Resource location: remote 

🌀 Executing on remote database jarvis-scratch-rehearsal-0916h (f9eacdbc-9861-486d-bd68-cc7ade31adc6):
🌀 To execute on your local development database, remove the --remote flag from your wrangler command.
🚣 Executed 1 command in 0.32ms
[
  {
    "results": [],
    "success": true,
    "meta": {
      "served_by": "v3-prod",
      "served_by_region": "ENAM",
      "served_by_colo": "ORD",
      "served_by_primary": true,
      "timings": {
        "sql_duration_ms": 0.3188
      },
      "duration": 0.3188,
      "changes": 0,
      "last_row_id": 10,
      "changed_db": true,
      "size_after": 827392,
      "rows_read": 1,
      "rows_written": 3,
      "total_attempts": 1
    }
  }
]

 ⛅️ wrangler 4.127.1 (update available 4.132.0)
───────────────────────────────────────────────
Resource location: remote 

🌀 Executing on remote database jarvis-scratch-rehearsal-0916h (f9eacdbc-9861-486d-bd68-cc7ade31adc6):
🌀 To execute on your local development database, remove the --remote flag from your wrangler command.
🚣 Executed 1 command in 0.59ms
[
  {
    "results": [],
    "success": true,
    "meta": {
      "served_by": "v3-prod",
      "served_by_region": "ENAM",
      "served_by_colo": "ORD",
      "served_by_primary": true,
      "timings": {
        "sql_duration_ms": 0.5898
      },
      "duration": 0.5898,
      "changes": 0,
      "last_row_id": 10,
      "changed_db": true,
      "size_after": 831488,
      "rows_read": 2,
      "rows_written": 1,
      "total_attempts": 1
    }
  }
]

 ⛅️ wrangler 4.127.1 (update available 4.132.0)
───────────────────────────────────────────────
Resource location: remote 

🌀 Executing on remote database jarvis-scratch-rehearsal-0916h (f9eacdbc-9861-486d-bd68-cc7ade31adc6):
🌀 To execute on your local development database, remove the --remote flag from your wrangler command.
🚣 Executed 1 command in 0.29ms
[
  {
    "results": [],
    "success": true,
    "meta": {
      "served_by": "v3-prod",
      "served_by_region": "ENAM",
      "served_by_colo": "ORD",
      "served_by_primary": true,
      "timings": {
        "sql_duration_ms": 0.2906
      },
      "duration": 0.2906,
      "changes": 0,
      "last_row_id": 10,
      "changed_db": false,
      "size_after": 831488,
      "rows_read": 0,
      "rows_written": 1,
      "total_attempts": 1
    }
  }
]

 ⛅️ wrangler 4.127.1 (update available 4.132.0)
───────────────────────────────────────────────
Resource location: remote 

🌀 Executing on remote database jarvis-scratch-rehearsal-0916h (f9eacdbc-9861-486d-bd68-cc7ade31adc6):
🌀 To execute on your local development database, remove the --remote flag from your wrangler command.
🚣 Executed 1 command in 0.32ms
[
  {
    "results": [],
    "success": true,
    "meta": {
      "served_by": "v3-prod",
      "served_by_region": "ENAM",
      "served_by_colo": "ORD",
      "served_by_primary": true,
      "timings": {
        "sql_duration_ms": 0.3162
      },
      "duration": 0.3162,
      "changes": 0,
      "last_row_id": 10,
      "changed_db": false,
      "size_after": 831488,
      "rows_read": 0,
      "rows_written": 1,
      "total_attempts": 1
    }
  }
]

 ⛅️ wrangler 4.127.1 (update available 4.132.0)
───────────────────────────────────────────────
Resource location: remote 

🌀 Executing on remote database jarvis-scratch-rehearsal-0916h (f9eacdbc-9861-486d-bd68-cc7ade31adc6):
🌀 To execute on your local development database, remove the --remote flag from your wrangler command.
🚣 Executed 1 command in 0.39ms
[
  {
    "results": [],
    "success": true,
    "meta": {
      "served_by": "v3-prod",
      "served_by_region": "ENAM",
      "served_by_colo": "ORD",
      "served_by_primary": true,
      "timings": {
        "sql_duration_ms": 0.39
      },
      "duration": 0.39,
      "changes": 0,
      "last_row_id": 10,
      "changed_db": true,
      "size_after": 839680,
      "rows_read": 1,
      "rows_written": 3,
      "total_attempts": 1
    }
  }
]

 ⛅️ wrangler 4.127.1 (update available 4.132.0)
───────────────────────────────────────────────
Resource location: remote 

🌀 Executing on remote database jarvis-scratch-rehearsal-0916h (f9eacdbc-9861-486d-bd68-cc7ade31adc6):
🌀 To execute on your local development database, remove the --remote flag from your wrangler command.
🚣 Executed 1 command in 0.40ms
[
  {
    "results": [],
    "success": true,
    "meta": {
      "served_by": "v3-prod",
      "served_by_region": "ENAM",
      "served_by_colo": "ORD",
      "served_by_primary": true,
      "timings": {
        "sql_duration_ms": 0.3966
      },
      "duration": 0.3966,
      "changes": 0,
      "last_row_id": 10,
      "changed_db": true,
      "size_after": 843776,
      "rows_read": 2,
      "rows_written": 1,
      "total_attempts": 1
    }
  }
]

 ⛅️ wrangler 4.127.1 (update available 4.132.0)
───────────────────────────────────────────────
Resource location: remote 

🌀 Executing on remote database jarvis-scratch-rehearsal-0916h (f9eacdbc-9861-486d-bd68-cc7ade31adc6):
🌀 To execute on your local development database, remove the --remote flag from your wrangler command.
🚣 Executed 1 command in 0.17ms
[
  {
    "results": [],
    "success": true,
    "meta": {
      "served_by": "v3-prod",
      "served_by_region": "ENAM",
      "served_by_colo": "ORD",
      "served_by_primary": true,
      "timings": {
        "sql_duration_ms": 0.1682
      },
      "duration": 0.1682,
      "changes": 1,
      "last_row_id": 11,
      "changed_db": true,
      "size_after": 843776,
      "rows_read": 1,
      "rows_written": 3,
      "total_attempts": 1
    }
  }
]
BASELINE RECEIPT OK: 0011_deadlines.sql
Applying 0012_liveness.sql: 3 split statements.

 ⛅️ wrangler 4.127.1 (update available 4.132.0)
───────────────────────────────────────────────
Resource location: remote 

🌀 Executing on remote database jarvis-scratch-rehearsal-0916h (f9eacdbc-9861-486d-bd68-cc7ade31adc6):
🌀 To execute on your local development database, remove the --remote flag from your wrangler command.
🚣 Executed 1 command in 0.49ms
[
  {
    "results": [],
    "success": true,
    "meta": {
      "served_by": "v3-prod",
      "served_by_region": "ENAM",
      "served_by_colo": "ORD",
      "served_by_primary": true,
      "timings": {
        "sql_duration_ms": 0.4898
      },
      "duration": 0.4898,
      "changes": 0,
      "last_row_id": 11,
      "changed_db": true,
      "size_after": 851968,
      "rows_read": 1,
      "rows_written": 3,
      "total_attempts": 1
    }
  }
]

 ⛅️ wrangler 4.127.1 (update available 4.132.0)
───────────────────────────────────────────────
Resource location: remote 

🌀 Executing on remote database jarvis-scratch-rehearsal-0916h (f9eacdbc-9861-486d-bd68-cc7ade31adc6):
🌀 To execute on your local development database, remove the --remote flag from your wrangler command.
🚣 Executed 1 command in 0.48ms
[
  {
    "results": [],
    "success": true,
    "meta": {
      "served_by": "v3-prod",
      "served_by_region": "ENAM",
      "served_by_colo": "ORD",
      "served_by_primary": true,
      "timings": {
        "sql_duration_ms": 0.4823
      },
      "duration": 0.4823,
      "changes": 0,
      "last_row_id": 11,
      "changed_db": true,
      "size_after": 864256,
      "rows_read": 1,
      "rows_written": 3,
      "total_attempts": 1
    }
  }
]

 ⛅️ wrangler 4.127.1 (update available 4.132.0)
───────────────────────────────────────────────
Resource location: remote 

🌀 Executing on remote database jarvis-scratch-rehearsal-0916h (f9eacdbc-9861-486d-bd68-cc7ade31adc6):
🌀 To execute on your local development database, remove the --remote flag from your wrangler command.
🚣 Executed 1 command in 0.39ms
[
  {
    "results": [],
    "success": true,
    "meta": {
      "served_by": "v3-prod",
      "served_by_region": "ENAM",
      "served_by_colo": "ORD",
      "served_by_primary": true,
      "timings": {
        "sql_duration_ms": 0.3897
      },
      "duration": 0.3897,
      "changes": 0,
      "last_row_id": 11,
      "changed_db": true,
      "size_after": 868352,
      "rows_read": 2,
      "rows_written": 1,
      "total_attempts": 1
    }
  }
]

 ⛅️ wrangler 4.127.1 (update available 4.132.0)
───────────────────────────────────────────────
Resource location: remote 

🌀 Executing on remote database jarvis-scratch-rehearsal-0916h (f9eacdbc-9861-486d-bd68-cc7ade31adc6):
🌀 To execute on your local development database, remove the --remote flag from your wrangler command.
🚣 Executed 1 command in 0.19ms
[
  {
    "results": [],
    "success": true,
    "meta": {
      "served_by": "v3-prod",
      "served_by_region": "ENAM",
      "served_by_colo": "ORD",
      "served_by_primary": true,
      "timings": {
        "sql_duration_ms": 0.1949
      },
      "duration": 0.1949,
      "changes": 1,
      "last_row_id": 12,
      "changed_db": true,
      "size_after": 868352,
      "rows_read": 1,
      "rows_written": 3,
      "total_attempts": 1
    }
  }
]
BASELINE RECEIPT OK: 0012_liveness.sql
Applying 0013_scheduled_runs.sql: 2 split statements.

 ⛅️ wrangler 4.127.1 (update available 4.132.0)
───────────────────────────────────────────────
Resource location: remote 

🌀 Executing on remote database jarvis-scratch-rehearsal-0916h (f9eacdbc-9861-486d-bd68-cc7ade31adc6):
🌀 To execute on your local development database, remove the --remote flag from your wrangler command.
🚣 Executed 1 command in 0.34ms
[
  {
    "results": [],
    "success": true,
    "meta": {
      "served_by": "v3-prod",
      "served_by_region": "ENAM",
      "served_by_colo": "ORD",
      "served_by_primary": true,
      "timings": {
        "sql_duration_ms": 0.3363
      },
      "duration": 0.3363,
      "changes": 0,
      "last_row_id": 12,
      "changed_db": true,
      "size_after": 876544,
      "rows_read": 1,
      "rows_written": 3,
      "total_attempts": 1
    }
  }
]

 ⛅️ wrangler 4.127.1 (update available 4.132.0)
───────────────────────────────────────────────
Resource location: remote 

🌀 Executing on remote database jarvis-scratch-rehearsal-0916h (f9eacdbc-9861-486d-bd68-cc7ade31adc6):
🌀 To execute on your local development database, remove the --remote flag from your wrangler command.
🚣 Executed 1 command in 0.43ms
[
  {
    "results": [],
    "success": true,
    "meta": {
      "served_by": "v3-prod",
      "served_by_region": "ENAM",
      "served_by_colo": "ORD",
      "served_by_primary": true,
      "timings": {
        "sql_duration_ms": 0.4288
      },
      "duration": 0.4288,
      "changes": 0,
      "last_row_id": 12,
      "changed_db": true,
      "size_after": 880640,
      "rows_read": 2,
      "rows_written": 1,
      "total_attempts": 1
    }
  }
]

 ⛅️ wrangler 4.127.1 (update available 4.132.0)
───────────────────────────────────────────────
Resource location: remote 

🌀 Executing on remote database jarvis-scratch-rehearsal-0916h (f9eacdbc-9861-486d-bd68-cc7ade31adc6):
🌀 To execute on your local development database, remove the --remote flag from your wrangler command.
🚣 Executed 1 command in 0.18ms
[
  {
    "results": [],
    "success": true,
    "meta": {
      "served_by": "v3-prod",
      "served_by_region": "ENAM",
      "served_by_colo": "ORD",
      "served_by_primary": true,
      "timings": {
        "sql_duration_ms": 0.1752
      },
      "duration": 0.1752,
      "changes": 1,
      "last_row_id": 13,
      "changed_db": true,
      "size_after": 880640,
      "rows_read": 1,
      "rows_written": 3,
      "total_attempts": 1
    }
  }
]
BASELINE RECEIPT OK: 0013_scheduled_runs.sql
Applying 0014_memory_projection.sql: 29 split statements.

 ⛅️ wrangler 4.127.1 (update available 4.132.0)
───────────────────────────────────────────────
Resource location: remote 

🌀 Executing on remote database jarvis-scratch-rehearsal-0916h (f9eacdbc-9861-486d-bd68-cc7ade31adc6):
🌀 To execute on your local development database, remove the --remote flag from your wrangler command.
🚣 Executed 1 command in 0.19ms
[
  {
    "results": [],
    "success": true,
    "meta": {
      "served_by": "v3-prod",
      "served_by_region": "ENAM",
      "served_by_colo": "ORD",
      "served_by_primary": true,
      "timings": {
        "sql_duration_ms": 0.1866
      },
      "duration": 0.1866,
      "changes": 0,
      "last_row_id": 13,
      "changed_db": false,
      "size_after": 880640,
      "rows_read": 0,
      "rows_written": 0,
      "total_attempts": 1
    }
  }
]

 ⛅️ wrangler 4.127.1 (update available 4.132.0)
───────────────────────────────────────────────
Resource location: remote 

🌀 Executing on remote database jarvis-scratch-rehearsal-0916h (f9eacdbc-9861-486d-bd68-cc7ade31adc6):
🌀 To execute on your local development database, remove the --remote flag from your wrangler command.
🚣 Executed 1 command in 0.43ms
[
  {
    "results": [],
    "success": true,
    "meta": {
      "served_by": "v3-prod",
      "served_by_region": "ENAM",
      "served_by_colo": "ORD",
      "served_by_primary": true,
      "timings": {
        "sql_duration_ms": 0.4328
      },
      "duration": 0.4328,
      "changes": 0,
      "last_row_id": 13,
      "changed_db": true,
      "size_after": 884736,
      "rows_read": 1,
      "rows_written": 2,
      "total_attempts": 1
    }
  }
]

 ⛅️ wrangler 4.127.1 (update available 4.132.0)
───────────────────────────────────────────────
Resource location: remote 

🌀 Executing on remote database jarvis-scratch-rehearsal-0916h (f9eacdbc-9861-486d-bd68-cc7ade31adc6):
🌀 To execute on your local development database, remove the --remote flag from your wrangler command.
🚣 Executed 1 command in 0.93ms
[
  {
    "results": [],
    "success": true,
    "meta": {
      "served_by": "v3-prod",
      "served_by_region": "ENAM",
      "served_by_colo": "ORD",
      "served_by_primary": true,
      "timings": {
        "sql_duration_ms": 0.9252
      },
      "duration": 0.9252,
      "changes": 0,
      "last_row_id": 13,
      "changed_db": false,
      "size_after": 884736,
      "rows_read": 0,
      "rows_written": 1,
      "total_attempts": 1
    }
  }
]

 ⛅️ wrangler 4.127.1 (update available 4.132.0)
───────────────────────────────────────────────
Resource location: remote 

🌀 Executing on remote database jarvis-scratch-rehearsal-0916h (f9eacdbc-9861-486d-bd68-cc7ade31adc6):
🌀 To execute on your local development database, remove the --remote flag from your wrangler command.
🚣 Executed 1 command in 0.34ms
[
  {
    "results": [],
    "success": true,
    "meta": {
      "served_by": "v3-prod",
      "served_by_region": "ENAM",
      "served_by_colo": "ORD",
      "served_by_primary": true,
      "timings": {
        "sql_duration_ms": 0.3403
      },
      "duration": 0.3403,
      "changes": 0,
      "last_row_id": 13,
      "changed_db": true,
      "size_after": 888832,
      "rows_read": 0,
      "rows_written": 1,
      "total_attempts": 1
    }
  }
]

 ⛅️ wrangler 4.127.1 (update available 4.132.0)
───────────────────────────────────────────────
Resource location: remote 

🌀 Executing on remote database jarvis-scratch-rehearsal-0916h (f9eacdbc-9861-486d-bd68-cc7ade31adc6):
🌀 To execute on your local development database, remove the --remote flag from your wrangler command.
🚣 Executed 1 command in 0.34ms
[
  {
    "results": [],
    "success": true,
    "meta": {
      "served_by": "v3-prod",
      "served_by_region": "ENAM",
      "served_by_colo": "ORD",
      "served_by_primary": true,
      "timings": {
        "sql_duration_ms": 0.3354
      },
      "duration": 0.3354,
      "changes": 0,
      "last_row_id": 13,
      "changed_db": false,
      "size_after": 888832,
      "rows_read": 0,
      "rows_written": 1,
      "total_attempts": 1
    }
  }
]

 ⛅️ wrangler 4.127.1 (update available 4.132.0)
───────────────────────────────────────────────
Resource location: remote 

🌀 Executing on remote database jarvis-scratch-rehearsal-0916h (f9eacdbc-9861-486d-bd68-cc7ade31adc6):
🌀 To execute on your local development database, remove the --remote flag from your wrangler command.
🚣 Executed 1 command in 0.27ms
[
  {
    "results": [],
    "success": true,
    "meta": {
      "served_by": "v3-prod",
      "served_by_region": "ENAM",
      "served_by_colo": "ORD",
      "served_by_primary": true,
      "timings": {
        "sql_duration_ms": 0.2691
      },
      "duration": 0.2691,
      "changes": 0,
      "last_row_id": 13,
      "changed_db": false,
      "size_after": 888832,
      "rows_read": 0,
      "rows_written": 1,
      "total_attempts": 1
    }
  }
]

 ⛅️ wrangler 4.127.1 (update available 4.132.0)
───────────────────────────────────────────────
Resource location: remote 

🌀 Executing on remote database jarvis-scratch-rehearsal-0916h (f9eacdbc-9861-486d-bd68-cc7ade31adc6):
🌀 To execute on your local development database, remove the --remote flag from your wrangler command.
🚣 Executed 1 command in 0.43ms
[
  {
    "results": [],
    "success": true,
    "meta": {
      "served_by": "v3-prod",
      "served_by_region": "ENAM",
      "served_by_colo": "ORD",
      "served_by_primary": true,
      "timings": {
        "sql_duration_ms": 0.4297
      },
      "duration": 0.4297,
      "changes": 0,
      "last_row_id": 13,
      "changed_db": true,
      "size_after": 892928,
      "rows_read": 1,
      "rows_written": 2,
      "total_attempts": 1
    }
  }
]

 ⛅️ wrangler 4.127.1 (update available 4.132.0)
───────────────────────────────────────────────
Resource location: remote 

🌀 Executing on remote database jarvis-scratch-rehearsal-0916h (f9eacdbc-9861-486d-bd68-cc7ade31adc6):
🌀 To execute on your local development database, remove the --remote flag from your wrangler command.
🚣 Executed 1 command in 0.56ms
[
  {
    "results": [],
    "success": true,
    "meta": {
      "served_by": "v3-prod",
      "served_by_region": "ENAM",
      "served_by_colo": "ORD",
      "served_by_primary": true,
      "timings": {
        "sql_duration_ms": 0.5562
      },
      "duration": 0.5562,
      "changes": 0,
      "last_row_id": 13,
      "changed_db": false,
      "size_after": 892928,
      "rows_read": 0,
      "rows_written": 1,
      "total_attempts": 1
    }
  }
]

 ⛅️ wrangler 4.127.1 (update available 4.132.0)
───────────────────────────────────────────────
Resource location: remote 

🌀 Executing on remote database jarvis-scratch-rehearsal-0916h (f9eacdbc-9861-486d-bd68-cc7ade31adc6):
🌀 To execute on your local development database, remove the --remote flag from your wrangler command.
🚣 Executed 1 command in 0.38ms
[
  {
    "results": [],
    "success": true,
    "meta": {
      "served_by": "v3-prod",
      "served_by_region": "ENAM",
      "served_by_colo": "ORD",
      "served_by_primary": true,
      "timings": {
        "sql_duration_ms": 0.3818
      },
      "duration": 0.3818,
      "changes": 0,
      "last_row_id": 13,
      "changed_db": true,
      "size_after": 901120,
      "rows_read": 1,
      "rows_written": 2,
      "total_attempts": 1
    }
  }
]

 ⛅️ wrangler 4.127.1 (update available 4.132.0)
───────────────────────────────────────────────
Resource location: remote 

🌀 Executing on remote database jarvis-scratch-rehearsal-0916h (f9eacdbc-9861-486d-bd68-cc7ade31adc6):
🌀 To execute on your local development database, remove the --remote flag from your wrangler command.
🚣 Executed 1 command in 0.46ms
[
  {
    "results": [],
    "success": true,
    "meta": {
      "served_by": "v3-prod",
      "served_by_region": "ENAM",
      "served_by_colo": "ORD",
      "served_by_primary": true,
      "timings": {
        "sql_duration_ms": 0.4599
      },
      "duration": 0.4599,
      "changes": 0,
      "last_row_id": 13,
      "changed_db": false,
      "size_after": 901120,
      "rows_read": 0,
      "rows_written": 1,
      "total_attempts": 1
    }
  }
]

 ⛅️ wrangler 4.127.1 (update available 4.132.0)
───────────────────────────────────────────────
Resource location: remote 

🌀 Executing on remote database jarvis-scratch-rehearsal-0916h (f9eacdbc-9861-486d-bd68-cc7ade31adc6):
🌀 To execute on your local development database, remove the --remote flag from your wrangler command.
🚣 Executed 1 command in 0.58ms
[
  {
    "results": [],
    "success": true,
    "meta": {
      "served_by": "v3-prod",
      "served_by_region": "ENAM",
      "served_by_colo": "ORD",
      "served_by_primary": true,
      "timings": {
        "sql_duration_ms": 0.583
      },
      "duration": 0.583,
      "changes": 0,
      "last_row_id": 13,
      "changed_db": true,
      "size_after": 905216,
      "rows_read": 1,
      "rows_written": 2,
      "total_attempts": 1
    }
  }
]

 ⛅️ wrangler 4.127.1 (update available 4.132.0)
───────────────────────────────────────────────
Resource location: remote 

🌀 Executing on remote database jarvis-scratch-rehearsal-0916h (f9eacdbc-9861-486d-bd68-cc7ade31adc6):
🌀 To execute on your local development database, remove the --remote flag from your wrangler command.
🚣 Executed 1 command in 0.43ms
[
  {
    "results": [],
    "success": true,
    "meta": {
      "served_by": "v3-prod",
      "served_by_region": "ENAM",
      "served_by_colo": "ORD",
      "served_by_primary": true,
      "timings": {
        "sql_duration_ms": 0.4319
      },
      "duration": 0.4319,
      "changes": 0,
      "last_row_id": 13,
      "changed_db": true,
      "size_after": 909312,
      "rows_read": 0,
      "rows_written": 1,
      "total_attempts": 1
    }
  }
]

 ⛅️ wrangler 4.127.1 (update available 4.132.0)
───────────────────────────────────────────────
Resource location: remote 

🌀 Executing on remote database jarvis-scratch-rehearsal-0916h (f9eacdbc-9861-486d-bd68-cc7ade31adc6):
🌀 To execute on your local development database, remove the --remote flag from your wrangler command.
🚣 Executed 1 command in 0.90ms
[
  {
    "results": [],
    "success": true,
    "meta": {
      "served_by": "v3-prod",
      "served_by_region": "ENAM",
      "served_by_colo": "ORD",
      "served_by_primary": true,
      "timings": {
        "sql_duration_ms": 0.8998
      },
      "duration": 0.8998,
      "changes": 0,
      "last_row_id": 13,
      "changed_db": true,
      "size_after": 921600,
      "rows_read": 1,
      "rows_written": 4,
      "total_attempts": 1
    }
  }
]

 ⛅️ wrangler 4.127.1 (update available 4.132.0)
───────────────────────────────────────────────
Resource location: remote 

🌀 Executing on remote database jarvis-scratch-rehearsal-0916h (f9eacdbc-9861-486d-bd68-cc7ade31adc6):
🌀 To execute on your local development database, remove the --remote flag from your wrangler command.
🚣 Executed 1 command in 1.63ms
[
  {
    "results": [],
    "success": true,
    "meta": {
      "served_by": "v3-prod",
      "served_by_region": "ENAM",
      "served_by_colo": "ORD",
      "served_by_primary": true,
      "timings": {
        "sql_duration_ms": 1.6253
      },
      "duration": 1.6253,
      "changes": 3,
      "last_row_id": 10,
      "changed_db": true,
      "size_after": 942080,
      "rows_read": 1,
      "rows_written": 2,
      "total_attempts": 1
    }
  }
]

 ⛅️ wrangler 4.127.1 (update available 4.132.0)
───────────────────────────────────────────────
Resource location: remote 

🌀 Executing on remote database jarvis-scratch-rehearsal-0916h (f9eacdbc-9861-486d-bd68-cc7ade31adc6):
🌀 To execute on your local development database, remove the --remote flag from your wrangler command.
🚣 Executed 1 command in 0.34ms
[
  {
    "results": [],
    "success": true,
    "meta": {
      "served_by": "v3-prod",
      "served_by_region": "ENAM",
      "served_by_colo": "ORD",
      "served_by_primary": true,
      "timings": {
        "sql_duration_ms": 0.337
      },
      "duration": 0.337,
      "changes": 0,
      "last_row_id": 10,
      "changed_db": false,
      "size_after": 942080,
      "rows_read": 0,
      "rows_written": 1,
      "total_attempts": 1
    }
  }
]

 ⛅️ wrangler 4.127.1 (update available 4.132.0)
───────────────────────────────────────────────
Resource location: remote 

🌀 Executing on remote database jarvis-scratch-rehearsal-0916h (f9eacdbc-9861-486d-bd68-cc7ade31adc6):
🌀 To execute on your local development database, remove the --remote flag from your wrangler command.
🚣 Executed 1 command in 1.04ms
[
  {
    "results": [],
    "success": true,
    "meta": {
      "served_by": "v3-prod",
      "served_by_region": "ENAM",
      "served_by_colo": "ORD",
      "served_by_primary": true,
      "timings": {
        "sql_duration_ms": 1.0408
      },
      "duration": 1.0408,
      "changes": 0,
      "last_row_id": 10,
      "changed_db": false,
      "size_after": 942080,
      "rows_read": 0,
      "rows_written": 1,
      "total_attempts": 1
    }
  }
]

 ⛅️ wrangler 4.127.1 (update available 4.132.0)
───────────────────────────────────────────────
Resource location: remote 

🌀 Executing on remote database jarvis-scratch-rehearsal-0916h (f9eacdbc-9861-486d-bd68-cc7ade31adc6):
🌀 To execute on your local development database, remove the --remote flag from your wrangler command.
🚣 Executed 1 command in 0.43ms
[
  {
    "results": [],
    "success": true,
    "meta": {
      "served_by": "v3-prod",
      "served_by_region": "ENAM",
      "served_by_colo": "ORD",
      "served_by_primary": true,
      "timings": {
        "sql_duration_ms": 0.4323
      },
      "duration": 0.4323,
      "changes": 0,
      "last_row_id": 10,
      "changed_db": false,
      "size_after": 942080,
      "rows_read": 0,
      "rows_written": 1,
      "total_attempts": 1
    }
  }
]

 ⛅️ wrangler 4.127.1 (update available 4.132.0)
───────────────────────────────────────────────
Resource location: remote 

🌀 Executing on remote database jarvis-scratch-rehearsal-0916h (f9eacdbc-9861-486d-bd68-cc7ade31adc6):
🌀 To execute on your local development database, remove the --remote flag from your wrangler command.
🚣 Executed 1 command in 0.32ms
[
  {
    "results": [],
    "success": true,
    "meta": {
      "served_by": "v3-prod",
      "served_by_region": "ENAM",
      "served_by_colo": "ORD",
      "served_by_primary": true,
      "timings": {
        "sql_duration_ms": 0.3159
      },
      "duration": 0.3159,
      "changes": 0,
      "last_row_id": 10,
      "changed_db": false,
      "size_after": 942080,
      "rows_read": 0,
      "rows_written": 1,
      "total_attempts": 1
    }
  }
]

 ⛅️ wrangler 4.127.1 (update available 4.132.0)
───────────────────────────────────────────────
Resource location: remote 

🌀 Executing on remote database jarvis-scratch-rehearsal-0916h (f9eacdbc-9861-486d-bd68-cc7ade31adc6):
🌀 To execute on your local development database, remove the --remote flag from your wrangler command.
🚣 Executed 1 command in 0.28ms
[
  {
    "results": [],
    "success": true,
    "meta": {
      "served_by": "v3-prod",
      "served_by_region": "ENAM",
      "served_by_colo": "ORD",
      "served_by_primary": true,
      "timings": {
        "sql_duration_ms": 0.2814
      },
      "duration": 0.2814,
      "changes": 0,
      "last_row_id": 10,
      "changed_db": false,
      "size_after": 942080,
      "rows_read": 0,
      "rows_written": 1,
      "total_attempts": 1
    }
  }
]

 ⛅️ wrangler 4.127.1 (update available 4.132.0)
───────────────────────────────────────────────
Resource location: remote 

🌀 Executing on remote database jarvis-scratch-rehearsal-0916h (f9eacdbc-9861-486d-bd68-cc7ade31adc6):
🌀 To execute on your local development database, remove the --remote flag from your wrangler command.
🚣 Executed 1 command in 0.52ms
[
  {
    "results": [],
    "success": true,
    "meta": {
      "served_by": "v3-prod",
      "served_by_region": "ENAM",
      "served_by_colo": "ORD",
      "served_by_primary": true,
      "timings": {
        "sql_duration_ms": 0.5168
      },
      "duration": 0.5168,
      "changes": 0,
      "last_row_id": 10,
      "changed_db": false,
      "size_after": 942080,
      "rows_read": 0,
      "rows_written": 1,
      "total_attempts": 1
    }
  }
]

 ⛅️ wrangler 4.127.1 (update available 4.132.0)
───────────────────────────────────────────────
Resource location: remote 

🌀 Executing on remote database jarvis-scratch-rehearsal-0916h (f9eacdbc-9861-486d-bd68-cc7ade31adc6):
🌀 To execute on your local development database, remove the --remote flag from your wrangler command.
🚣 Executed 1 command in 0.33ms
[
  {
    "results": [],
    "success": true,
    "meta": {
      "served_by": "v3-prod",
      "served_by_region": "ENAM",
      "served_by_colo": "ORD",
      "served_by_primary": true,
      "timings": {
        "sql_duration_ms": 0.3324
      },
      "duration": 0.3324,
      "changes": 0,
      "last_row_id": 10,
      "changed_db": true,
      "size_after": 946176,
      "rows_read": 0,
      "rows_written": 1,
      "total_attempts": 1
    }
  }
]

 ⛅️ wrangler 4.127.1 (update available 4.132.0)
───────────────────────────────────────────────
Resource location: remote 

🌀 Executing on remote database jarvis-scratch-rehearsal-0916h (f9eacdbc-9861-486d-bd68-cc7ade31adc6):
🌀 To execute on your local development database, remove the --remote flag from your wrangler command.
🚣 Executed 1 command in 0.41ms
[
  {
    "results": [],
    "success": true,
    "meta": {
      "served_by": "v3-prod",
      "served_by_region": "ENAM",
      "served_by_colo": "ORD",
      "served_by_primary": true,
      "timings": {
        "sql_duration_ms": 0.4135
      },
      "duration": 0.4135,
      "changes": 0,
      "last_row_id": 10,
      "changed_db": false,
      "size_after": 946176,
      "rows_read": 0,
      "rows_written": 1,
      "total_attempts": 1
    }
  }
]

 ⛅️ wrangler 4.127.1 (update available 4.132.0)
───────────────────────────────────────────────
Resource location: remote 

🌀 Executing on remote database jarvis-scratch-rehearsal-0916h (f9eacdbc-9861-486d-bd68-cc7ade31adc6):
🌀 To execute on your local development database, remove the --remote flag from your wrangler command.
🚣 Executed 1 command in 0.34ms
[
  {
    "results": [],
    "success": true,
    "meta": {
      "served_by": "v3-prod",
      "served_by_region": "ENAM",
      "served_by_colo": "ORD",
      "served_by_primary": true,
      "timings": {
        "sql_duration_ms": 0.345
      },
      "duration": 0.345,
      "changes": 0,
      "last_row_id": 10,
      "changed_db": false,
      "size_after": 946176,
      "rows_read": 0,
      "rows_written": 1,
      "total_attempts": 1
    }
  }
]

 ⛅️ wrangler 4.127.1 (update available 4.132.0)
───────────────────────────────────────────────
Resource location: remote 

🌀 Executing on remote database jarvis-scratch-rehearsal-0916h (f9eacdbc-9861-486d-bd68-cc7ade31adc6):
🌀 To execute on your local development database, remove the --remote flag from your wrangler command.
🚣 Executed 1 command in 0.41ms
[
  {
    "results": [],
    "success": true,
    "meta": {
      "served_by": "v3-prod",
      "served_by_region": "ENAM",
      "served_by_colo": "ORD",
      "served_by_primary": true,
      "timings": {
        "sql_duration_ms": 0.406
      },
      "duration": 0.406,
      "changes": 0,
      "last_row_id": 10,
      "changed_db": false,
      "size_after": 946176,
      "rows_read": 0,
      "rows_written": 1,
      "total_attempts": 1
    }
  }
]

 ⛅️ wrangler 4.127.1 (update available 4.132.0)
───────────────────────────────────────────────
Resource location: remote 

🌀 Executing on remote database jarvis-scratch-rehearsal-0916h (f9eacdbc-9861-486d-bd68-cc7ade31adc6):
🌀 To execute on your local development database, remove the --remote flag from your wrangler command.
🚣 Executed 1 command in 0.39ms
[
  {
    "results": [],
    "success": true,
    "meta": {
      "served_by": "v3-prod",
      "served_by_region": "ENAM",
      "served_by_colo": "ORD",
      "served_by_primary": true,
      "timings": {
        "sql_duration_ms": 0.3934
      },
      "duration": 0.3934,
      "changes": 0,
      "last_row_id": 10,
      "changed_db": false,
      "size_after": 946176,
      "rows_read": 0,
      "rows_written": 1,
      "total_attempts": 1
    }
  }
]

 ⛅️ wrangler 4.127.1 (update available 4.132.0)
───────────────────────────────────────────────
Resource location: remote 

🌀 Executing on remote database jarvis-scratch-rehearsal-0916h (f9eacdbc-9861-486d-bd68-cc7ade31adc6):
🌀 To execute on your local development database, remove the --remote flag from your wrangler command.
🚣 Executed 1 command in 0.38ms
[
  {
    "results": [],
    "success": true,
    "meta": {
      "served_by": "v3-prod",
      "served_by_region": "ENAM",
      "served_by_colo": "ORD",
      "served_by_primary": true,
      "timings": {
        "sql_duration_ms": 0.382
      },
      "duration": 0.382,
      "changes": 0,
      "last_row_id": 10,
      "changed_db": true,
      "size_after": 950272,
      "rows_read": 1,
      "rows_written": 2,
      "total_attempts": 1
    }
  }
]

 ⛅️ wrangler 4.127.1 (update available 4.132.0)
───────────────────────────────────────────────
Resource location: remote 

🌀 Executing on remote database jarvis-scratch-rehearsal-0916h (f9eacdbc-9861-486d-bd68-cc7ade31adc6):
🌀 To execute on your local development database, remove the --remote flag from your wrangler command.
🚣 Executed 1 command in 0.66ms
[
  {
    "results": [],
    "success": true,
    "meta": {
      "served_by": "v3-prod",
      "served_by_region": "ENAM",
      "served_by_colo": "ORD",
      "served_by_primary": true,
      "timings": {
        "sql_duration_ms": 0.6574
      },
      "duration": 0.6574,
      "changes": 0,
      "last_row_id": 10,
      "changed_db": true,
      "size_after": 954368,
      "rows_read": 0,
      "rows_written": 1,
      "total_attempts": 1
    }
  }
]

 ⛅️ wrangler 4.127.1 (update available 4.132.0)
───────────────────────────────────────────────
Resource location: remote 

🌀 Executing on remote database jarvis-scratch-rehearsal-0916h (f9eacdbc-9861-486d-bd68-cc7ade31adc6):
🌀 To execute on your local development database, remove the --remote flag from your wrangler command.
🚣 Executed 1 command in 0.35ms
[
  {
    "results": [],
    "success": true,
    "meta": {
      "served_by": "v3-prod",
      "served_by_region": "ENAM",
      "served_by_colo": "ORD",
      "served_by_primary": true,
      "timings": {
        "sql_duration_ms": 0.3548
      },
      "duration": 0.3548,
      "changes": 0,
      "last_row_id": 10,
      "changed_db": false,
      "size_after": 954368,
      "rows_read": 0,
      "rows_written": 1,
      "total_attempts": 1
    }
  }
]

 ⛅️ wrangler 4.127.1 (update available 4.132.0)
───────────────────────────────────────────────
Resource location: remote 

🌀 Executing on remote database jarvis-scratch-rehearsal-0916h (f9eacdbc-9861-486d-bd68-cc7ade31adc6):
🌀 To execute on your local development database, remove the --remote flag from your wrangler command.
🚣 Executed 1 command in 0.31ms
[
  {
    "results": [],
    "success": true,
    "meta": {
      "served_by": "v3-prod",
      "served_by_region": "ENAM",
      "served_by_colo": "ORD",
      "served_by_primary": true,
      "timings": {
        "sql_duration_ms": 0.3138
      },
      "duration": 0.3138,
      "changes": 0,
      "last_row_id": 10,
      "changed_db": false,
      "size_after": 954368,
      "rows_read": 0,
      "rows_written": 1,
      "total_attempts": 1
    }
  }
]

 ⛅️ wrangler 4.127.1 (update available 4.132.0)
───────────────────────────────────────────────
Resource location: remote 

🌀 Executing on remote database jarvis-scratch-rehearsal-0916h (f9eacdbc-9861-486d-bd68-cc7ade31adc6):
🌀 To execute on your local development database, remove the --remote flag from your wrangler command.
🚣 Executed 1 command in 0.12ms
[
  {
    "results": [],
    "success": true,
    "meta": {
      "served_by": "v3-prod",
      "served_by_region": "ENAM",
      "served_by_colo": "ORD",
      "served_by_primary": true,
      "timings": {
        "sql_duration_ms": 0.1203
      },
      "duration": 0.1203,
      "changes": 1,
      "last_row_id": 14,
      "changed_db": true,
      "size_after": 954368,
      "rows_read": 1,
      "rows_written": 3,
      "total_attempts": 1
    }
  }
]
BASELINE RECEIPT OK: 0014_memory_projection.sql
Applying 0015_voice_runtime.sql: 11 split statements.

 ⛅️ wrangler 4.127.1 (update available 4.132.0)
───────────────────────────────────────────────
Resource location: remote 

🌀 Executing on remote database jarvis-scratch-rehearsal-0916h (f9eacdbc-9861-486d-bd68-cc7ade31adc6):
🌀 To execute on your local development database, remove the --remote flag from your wrangler command.
🚣 Executed 1 command in 0.81ms
[
  {
    "results": [],
    "success": true,
    "meta": {
      "served_by": "v3-prod",
      "served_by_region": "ENAM",
      "served_by_colo": "ORD",
      "served_by_primary": true,
      "timings": {
        "sql_duration_ms": 0.8059
      },
      "duration": 0.8059,
      "changes": 0,
      "last_row_id": 14,
      "changed_db": true,
      "size_after": 962560,
      "rows_read": 1,
      "rows_written": 3,
      "total_attempts": 1
    }
  }
]

 ⛅️ wrangler 4.127.1 (update available 4.132.0)
───────────────────────────────────────────────
Resource location: remote 

🌀 Executing on remote database jarvis-scratch-rehearsal-0916h (f9eacdbc-9861-486d-bd68-cc7ade31adc6):
🌀 To execute on your local development database, remove the --remote flag from your wrangler command.
🚣 Executed 1 command in 0.34ms
[
  {
    "results": [],
    "success": true,
    "meta": {
      "served_by": "v3-prod",
      "served_by_region": "ENAM",
      "served_by_colo": "ORD",
      "served_by_primary": true,
      "timings": {
        "sql_duration_ms": 0.3357
      },
      "duration": 0.3357,
      "changes": 0,
      "last_row_id": 14,
      "changed_db": true,
      "size_after": 970752,
      "rows_read": 1,
      "rows_written": 2,
      "total_attempts": 1
    }
  }
]

 ⛅️ wrangler 4.127.1 (update available 4.132.0)
───────────────────────────────────────────────
Resource location: remote 

🌀 Executing on remote database jarvis-scratch-rehearsal-0916h (f9eacdbc-9861-486d-bd68-cc7ade31adc6):
🌀 To execute on your local development database, remove the --remote flag from your wrangler command.
🚣 Executed 1 command in 0.18ms
[
  {
    "results": [],
    "success": true,
    "meta": {
      "served_by": "v3-prod",
      "served_by_region": "ENAM",
      "served_by_colo": "ORD",
      "served_by_primary": true,
      "timings": {
        "sql_duration_ms": 0.1772
      },
      "duration": 0.1772,
      "changes": 1,
      "last_row_id": 1,
      "changed_db": true,
      "size_after": 970752,
      "rows_read": 1,
      "rows_written": 1,
      "total_attempts": 1
    }
  }
]

 ⛅️ wrangler 4.127.1 (update available 4.132.0)
───────────────────────────────────────────────
Resource location: remote 

🌀 Executing on remote database jarvis-scratch-rehearsal-0916h (f9eacdbc-9861-486d-bd68-cc7ade31adc6):
🌀 To execute on your local development database, remove the --remote flag from your wrangler command.
🚣 Executed 1 command in 8.47ms
[
  {
    "results": [],
    "success": true,
    "meta": {
      "served_by": "v3-prod",
      "served_by_region": "ENAM",
      "served_by_colo": "ORD",
      "served_by_primary": true,
      "timings": {
        "sql_duration_ms": 8.4705
      },
      "duration": 8.4705,
      "changes": 0,
      "last_row_id": 1,
      "changed_db": false,
      "size_after": 970752,
      "rows_read": 306,
      "rows_written": 1,
      "total_attempts": 1
    }
  }
]

 ⛅️ wrangler 4.127.1 (update available 4.132.0)
───────────────────────────────────────────────
Resource location: remote 

🌀 Executing on remote database jarvis-scratch-rehearsal-0916h (f9eacdbc-9861-486d-bd68-cc7ade31adc6):
🌀 To execute on your local development database, remove the --remote flag from your wrangler command.
🚣 Executed 1 command in 0.69ms
[
  {
    "results": [],
    "success": true,
    "meta": {
      "served_by": "v3-prod",
      "served_by_region": "ENAM",
      "served_by_colo": "ORD",
      "served_by_primary": true,
      "timings": {
        "sql_duration_ms": 0.6886
      },
      "duration": 0.6886,
      "changes": 0,
      "last_row_id": 1,
      "changed_db": false,
      "size_after": 970752,
      "rows_read": 2,
      "rows_written": 0,
      "total_attempts": 1
    }
  }
]

 ⛅️ wrangler 4.127.1 (update available 4.132.0)
───────────────────────────────────────────────
Resource location: remote 

🌀 Executing on remote database jarvis-scratch-rehearsal-0916h (f9eacdbc-9861-486d-bd68-cc7ade31adc6):
🌀 To execute on your local development database, remove the --remote flag from your wrangler command.
🚣 Executed 1 command in 0.45ms
[
  {
    "results": [],
    "success": true,
    "meta": {
      "served_by": "v3-prod",
      "served_by_region": "ENAM",
      "served_by_colo": "ORD",
      "served_by_primary": true,
      "timings": {
        "sql_duration_ms": 0.45
      },
      "duration": 0.45,
      "changes": 0,
      "last_row_id": 1,
      "changed_db": false,
      "size_after": 970752,
      "rows_read": 0,
      "rows_written": 1,
      "total_attempts": 1
    }
  }
]

 ⛅️ wrangler 4.127.1 (update available 4.132.0)
───────────────────────────────────────────────
Resource location: remote 

🌀 Executing on remote database jarvis-scratch-rehearsal-0916h (f9eacdbc-9861-486d-bd68-cc7ade31adc6):
🌀 To execute on your local development database, remove the --remote flag from your wrangler command.
🚣 Executed 1 command in 0.35ms
[
  {
    "results": [],
    "success": true,
    "meta": {
      "served_by": "v3-prod",
      "served_by_region": "ENAM",
      "served_by_colo": "ORD",
      "served_by_primary": true,
      "timings": {
        "sql_duration_ms": 0.348
      },
      "duration": 0.348,
      "changes": 0,
      "last_row_id": 1,
      "changed_db": false,
      "size_after": 970752,
      "rows_read": 0,
      "rows_written": 1,
      "total_attempts": 1
    }
  }
]

 ⛅️ wrangler 4.127.1 (update available 4.132.0)
───────────────────────────────────────────────
Resource location: remote 

🌀 Executing on remote database jarvis-scratch-rehearsal-0916h (f9eacdbc-9861-486d-bd68-cc7ade31adc6):
🌀 To execute on your local development database, remove the --remote flag from your wrangler command.
🚣 Executed 1 command in 0.34ms
[
  {
    "results": [],
    "success": true,
    "meta": {
      "served_by": "v3-prod",
      "served_by_region": "ENAM",
      "served_by_colo": "ORD",
      "served_by_primary": true,
      "timings": {
        "sql_duration_ms": 0.3434
      },
      "duration": 0.3434,
      "changes": 0,
      "last_row_id": 1,
      "changed_db": false,
      "size_after": 970752,
      "rows_read": 0,
      "rows_written": 1,
      "total_attempts": 1
    }
  }
]

 ⛅️ wrangler 4.127.1 (update available 4.132.0)
───────────────────────────────────────────────
Resource location: remote 

🌀 Executing on remote database jarvis-scratch-rehearsal-0916h (f9eacdbc-9861-486d-bd68-cc7ade31adc6):
🌀 To execute on your local development database, remove the --remote flag from your wrangler command.
🚣 Executed 1 command in 0.34ms
[
  {
    "results": [],
    "success": true,
    "meta": {
      "served_by": "v3-prod",
      "served_by_region": "ENAM",
      "served_by_colo": "ORD",
      "served_by_primary": true,
      "timings": {
        "sql_duration_ms": 0.3385
      },
      "duration": 0.3385,
      "changes": 0,
      "last_row_id": 1,
      "changed_db": false,
      "size_after": 970752,
      "rows_read": 0,
      "rows_written": 1,
      "total_attempts": 1
    }
  }
]

 ⛅️ wrangler 4.127.1 (update available 4.132.0)
───────────────────────────────────────────────
Resource location: remote 

🌀 Executing on remote database jarvis-scratch-rehearsal-0916h (f9eacdbc-9861-486d-bd68-cc7ade31adc6):
🌀 To execute on your local development database, remove the --remote flag from your wrangler command.
🚣 Executed 1 command in 0.84ms
[
  {
    "results": [],
    "success": true,
    "meta": {
      "served_by": "v3-prod",
      "served_by_region": "ENAM",
      "served_by_colo": "ORD",
      "served_by_primary": true,
      "timings": {
        "sql_duration_ms": 0.8393
      },
      "duration": 0.8393,
      "changes": 0,
      "last_row_id": 1,
      "changed_db": true,
      "size_after": 974848,
      "rows_read": 0,
      "rows_written": 1,
      "total_attempts": 1
    }
  }
]

 ⛅️ wrangler 4.127.1 (update available 4.132.0)
───────────────────────────────────────────────
Resource location: remote 

🌀 Executing on remote database jarvis-scratch-rehearsal-0916h (f9eacdbc-9861-486d-bd68-cc7ade31adc6):
🌀 To execute on your local development database, remove the --remote flag from your wrangler command.
🚣 Executed 1 command in 0.58ms
[
  {
    "results": [],
    "success": true,
    "meta": {
      "served_by": "v3-prod",
      "served_by_region": "ENAM",
      "served_by_colo": "ORD",
      "served_by_primary": true,
      "timings": {
        "sql_duration_ms": 0.5765
      },
      "duration": 0.5765,
      "changes": 0,
      "last_row_id": 1,
      "changed_db": true,
      "size_after": 978944,
      "rows_read": 2,
      "rows_written": 1,
      "total_attempts": 1
    }
  }
]

 ⛅️ wrangler 4.127.1 (update available 4.132.0)
───────────────────────────────────────────────
Resource location: remote 

🌀 Executing on remote database jarvis-scratch-rehearsal-0916h (f9eacdbc-9861-486d-bd68-cc7ade31adc6):
🌀 To execute on your local development database, remove the --remote flag from your wrangler command.
🚣 Executed 1 command in 0.17ms
[
  {
    "results": [],
    "success": true,
    "meta": {
      "served_by": "v3-prod",
      "served_by_region": "ENAM",
      "served_by_colo": "ORD",
      "served_by_primary": true,
      "timings": {
        "sql_duration_ms": 0.1703
      },
      "duration": 0.1703,
      "changes": 1,
      "last_row_id": 15,
      "changed_db": true,
      "size_after": 978944,
      "rows_read": 1,
      "rows_written": 3,
      "total_attempts": 1
    }
  }
]
BASELINE RECEIPT OK: 0015_voice_runtime.sql
SCRATCH BASELINE OK: 15/15 receipts through 0015.

 ⛅️ wrangler 4.127.1 (update available 4.132.0)
───────────────────────────────────────────────
Resource location: remote 

🌀 Executing on remote database jarvis-scratch-rehearsal-0916h (f9eacdbc-9861-486d-bd68-cc7ade31adc6):
🌀 To execute on your local development database, remove the --remote flag from your wrangler command.
🚣 Executed 1 command in 0.32ms
[
  {
    "results": [
      {
        "name": "0001_foundation.sql"
      },
      {
        "name": "0002_foundation_hardening.sql"
      },
      {
        "name": "0003_calling.sql"
      },
      {
        "name": "0004_call_sessions.sql"
      },
      {
        "name": "0005_conversation.sql"
      },
      {
        "name": "0006_voice_access.sql"
      },
      {
        "name": "0007_voice_access_boundaries.sql"
      },
      {
        "name": "0008_autonomy.sql"
      },
      {
        "name": "0009_decisions.sql"
      },
      {
        "name": "0010_projects.sql"
      },
      {
        "name": "0011_deadlines.sql"
      },
      {
        "name": "0012_liveness.sql"
      },
      {
        "name": "0013_scheduled_runs.sql"
      },
      {
        "name": "0014_memory_projection.sql"
      },
      {
        "name": "0015_voice_runtime.sql"
      }
    ],
    "success": true,
    "meta": {
      "served_by": "v3-prod",
      "served_by_region": "ENAM",
      "served_by_colo": "ORD",
      "served_by_primary": true,
      "timings": {
        "sql_duration_ms": 0.3189
      },
      "duration": 0.3189,
      "changes": 0,
      "last_row_id": 15,
      "changed_db": false,
      "size_after": 978944,
      "rows_read": 45,
      "rows_written": 0,
      "total_attempts": 1
    }
  }
]
SCRATCH BASELINE RECEIPTS OK: 15/15 through 0015.
===== RUNBOOK STEP 4 =====
PROMPT: Confirmed non-production scratch D1 name
PROMPT: Absolute SCRATCH CONFIG OUTSIDE REPO path from step 2

 ⛅️ wrangler 4.127.1 (update available 4.132.0)
───────────────────────────────────────────────
Resource location: remote 

🌀 Executing on remote database jarvis-scratch-rehearsal-0916h (f9eacdbc-9861-486d-bd68-cc7ade31adc6):
🌀 To execute on your local development database, remove the --remote flag from your wrangler command.
🚣 Executed 4 commands in 2.46ms
[
  {
    "results": [],
    "success": true,
    "meta": {
      "served_by": "v3-prod",
      "served_by_region": "ENAM",
      "served_by_colo": "ORD",
      "served_by_primary": true,
      "timings": {
        "sql_duration_ms": 0.271
      },
      "duration": 0.271,
      "changes": 1,
      "last_row_id": 1,
      "changed_db": true,
      "size_after": 978944,
      "rows_read": 1,
      "rows_written": 2,
      "total_attempts": 1
    }
  },
  {
    "results": [],
    "success": true,
    "meta": {
      "served_by": "v3-prod",
      "served_by_region": "ENAM",
      "served_by_colo": "ORD",
      "served_by_primary": true,
      "timings": {
        "sql_duration_ms": 0.3606
      },
      "duration": 0.3606,
      "changes": 1,
      "last_row_id": 1,
      "changed_db": true,
      "size_after": 978944,
      "rows_read": 0,
      "rows_written": 8,
      "total_attempts": 1
    }
  },
  {
    "results": [],
    "success": true,
    "meta": {
      "served_by": "v3-prod",
      "served_by_region": "ENAM",
      "served_by_colo": "ORD",
      "served_by_primary": true,
      "timings": {
        "sql_duration_ms": 0.1358
      },
      "duration": 0.1358,
      "changes": 1,
      "last_row_id": 1,
      "changed_db": true,
      "size_after": 978944,
      "rows_read": 2,
      "rows_written": 4,
      "total_attempts": 1
    }
  },
  {
    "results": [],
    "success": true,
    "meta": {
      "served_by": "v3-prod",
      "served_by_region": "ENAM",
      "served_by_colo": "ORD",
      "served_by_primary": true,
      "timings": {
        "sql_duration_ms": 1.6876
      },
      "duration": 1.6876,
      "changes": 1,
      "last_row_id": 1,
      "changed_db": true,
      "size_after": 978944,
      "rows_read": 1,
      "rows_written": 5,
      "total_attempts": 1
    }
  }
]

 ⛅️ wrangler 4.127.1 (update available 4.132.0)
───────────────────────────────────────────────
Resource location: remote 

🌀 Executing on remote database jarvis-scratch-rehearsal-0916h (f9eacdbc-9861-486d-bd68-cc7ade31adc6):
🌀 To execute on your local development database, remove the --remote flag from your wrangler command.
🚣 Executed 1 command in 0.33ms
[
  {
    "results": [
      {
        "result": "SEED CHECK OK: principal/device/telegram identity/conversation event."
      }
    ],
    "success": true,
    "meta": {
      "served_by": "v3-prod",
      "served_by_region": "ENAM",
      "served_by_colo": "ORD",
      "served_by_primary": true,
      "timings": {
        "sql_duration_ms": 0.3314
      },
      "duration": 0.3314,
      "changes": 0,
      "last_row_id": 1,
      "changed_db": false,
      "size_after": 978944,
      "rows_read": 4,
      "rows_written": 0,
      "total_attempts": 1
    }
  }
]
===== RUNBOOK STEP 5 =====
PROMPT: Confirmed non-production scratch D1 name
PROMPT: Absolute SCRATCH CONFIG OUTSIDE REPO path from step 2
CANDIDATE RANGE: 0016_cloud_memory.sql through 0028_guest_grant_notice_drain.sql (13 files).

 ⛅️ wrangler 4.127.1 (update available 4.132.0)
───────────────────────────────────────────────
Resource location: remote 

Migrations to be applied:
┌──────────────────────────────────────────┐
│ Name                                     │
├──────────────────────────────────────────┤
│ 0016_cloud_memory.sql                    │
├──────────────────────────────────────────┤
│ 0017_owner_passphrase.sql                │
├──────────────────────────────────────────┤
│ 0018_owner_call_step_up.sql              │
├──────────────────────────────────────────┤
│ 0019_memory_ingress.sql                  │
├──────────────────────────────────────────┤
│ 0020_school_catchup.sql                  │
├──────────────────────────────────────────┤
│ 0021_voice_owner_delivery.sql            │
├──────────────────────────────────────────┤
│ 0022_university_tracker.sql              │
├──────────────────────────────────────────┤
│ 0023_study_coach.sql                     │
├──────────────────────────────────────────┤
│ 0024_university_application_workflow.sql │
├──────────────────────────────────────────┤
│ 0025_archive_literal_history.sql         │
├──────────────────────────────────────────┤
│ 0026_memory_distillation.sql             │
├──────────────────────────────────────────┤
│ 0027_school_observations.sql             │
├──────────────────────────────────────────┤
│ 0028_guest_grant_notice_drain.sql        │
└──────────────────────────────────────────┘
At Wrangler's y/n prompt, confirm the scratch database name and exact CANDIDATE RANGE; otherwise answer n and stop.

 ⛅️ wrangler 4.127.1 (update available 4.132.0)
───────────────────────────────────────────────
Resource location: remote 

Migrations to be applied:
┌──────────────────────────────────────────┐
│ name                                     │
├──────────────────────────────────────────┤
│ 0016_cloud_memory.sql                    │
├──────────────────────────────────────────┤
│ 0017_owner_passphrase.sql                │
├──────────────────────────────────────────┤
│ 0018_owner_call_step_up.sql              │
├──────────────────────────────────────────┤
│ 0019_memory_ingress.sql                  │
├──────────────────────────────────────────┤
│ 0020_school_catchup.sql                  │
├──────────────────────────────────────────┤
│ 0021_voice_owner_delivery.sql            │
├──────────────────────────────────────────┤
│ 0022_university_tracker.sql              │
├──────────────────────────────────────────┤
│ 0023_study_coach.sql                     │
├──────────────────────────────────────────┤
│ 0024_university_application_workflow.sql │
├──────────────────────────────────────────┤
│ 0025_archive_literal_history.sql         │
├──────────────────────────────────────────┤
│ 0026_memory_distillation.sql             │
├──────────────────────────────────────────┤
│ 0027_school_observations.sql             │
├──────────────────────────────────────────┤
│ 0028_guest_grant_notice_drain.sql        │
└──────────────────────────────────────────┘
? About to apply 13 migration(s)
Your database may not be available to serve requests during the migration, continue?
🤖 Using fallback value in non-interactive context: yes
🌀 Executing on remote database jarvis-scratch-rehearsal-0916h (f9eacdbc-9861-486d-bd68-cc7ade31adc6):
🌀 To execute on your local development database, remove the --remote flag from your wrangler command.
🚣 Executed 122 commands in 44.20ms
┌──────────────────────────────────────────┬────────┐
│ name                                     │ status │
├──────────────────────────────────────────┼────────┤
│ 0016_cloud_memory.sql                    │ ✅     │
├──────────────────────────────────────────┼────────┤
│ 0017_owner_passphrase.sql                │ 🕒️    │
├──────────────────────────────────────────┼────────┤
│ 0018_owner_call_step_up.sql              │ 🕒️    │
├──────────────────────────────────────────┼────────┤
│ 0019_memory_ingress.sql                  │ 🕒️    │
├──────────────────────────────────────────┼────────┤
│ 0020_school_catchup.sql                  │ 🕒️    │
├──────────────────────────────────────────┼────────┤
│ 0021_voice_owner_delivery.sql            │ 🕒️    │
├──────────────────────────────────────────┼────────┤
│ 0022_university_tracker.sql              │ 🕒️    │
├──────────────────────────────────────────┼────────┤
│ 0023_study_coach.sql                     │ 🕒️    │
├──────────────────────────────────────────┼────────┤
│ 0024_university_application_workflow.sql │ 🕒️    │
├──────────────────────────────────────────┼────────┤
│ 0025_archive_literal_history.sql         │ 🕒️    │
├──────────────────────────────────────────┼────────┤
│ 0026_memory_distillation.sql             │ 🕒️    │
├──────────────────────────────────────────┼────────┤
│ 0027_school_observations.sql             │ 🕒️    │
├──────────────────────────────────────────┼────────┤
│ 0028_guest_grant_notice_drain.sql        │ 🕒️    │
└──────────────────────────────────────────┴────────┘
🌀 Executing on remote database jarvis-scratch-rehearsal-0916h (f9eacdbc-9861-486d-bd68-cc7ade31adc6):
🌀 To execute on your local development database, remove the --remote flag from your wrangler command.
🚣 Executed 19 commands in 6.96ms
┌──────────────────────────────────────────┬────────┐
│ name                                     │ status │
├──────────────────────────────────────────┼────────┤
│ 0016_cloud_memory.sql                    │ ✅     │
├──────────────────────────────────────────┼────────┤
│ 0017_owner_passphrase.sql                │ ✅     │
├──────────────────────────────────────────┼────────┤
│ 0018_owner_call_step_up.sql              │ 🕒️    │
├──────────────────────────────────────────┼────────┤
│ 0019_memory_ingress.sql                  │ 🕒️    │
├──────────────────────────────────────────┼────────┤
│ 0020_school_catchup.sql                  │ 🕒️    │
├──────────────────────────────────────────┼────────┤
│ 0021_voice_owner_delivery.sql            │ 🕒️    │
├──────────────────────────────────────────┼────────┤
│ 0022_university_tracker.sql              │ 🕒️    │
├──────────────────────────────────────────┼────────┤
│ 0023_study_coach.sql                     │ 🕒️    │
├──────────────────────────────────────────┼────────┤
│ 0024_university_application_workflow.sql │ 🕒️    │
├──────────────────────────────────────────┼────────┤
│ 0025_archive_literal_history.sql         │ 🕒️    │
├──────────────────────────────────────────┼────────┤
│ 0026_memory_distillation.sql             │ 🕒️    │
├──────────────────────────────────────────┼────────┤
│ 0027_school_observations.sql             │ 🕒️    │
├──────────────────────────────────────────┼────────┤
│ 0028_guest_grant_notice_drain.sql        │ 🕒️    │
└──────────────────────────────────────────┴────────┘
🌀 Executing on remote database jarvis-scratch-rehearsal-0916h (f9eacdbc-9861-486d-bd68-cc7ade31adc6):
🌀 To execute on your local development database, remove the --remote flag from your wrangler command.
🚣 Executed 43 commands in 9.73ms
┌──────────────────────────────────────────┬────────┐
│ name                                     │ status │
├──────────────────────────────────────────┼────────┤
│ 0016_cloud_memory.sql                    │ ✅     │
├──────────────────────────────────────────┼────────┤
│ 0017_owner_passphrase.sql                │ ✅     │
├──────────────────────────────────────────┼────────┤
│ 0018_owner_call_step_up.sql              │ ✅     │
├──────────────────────────────────────────┼────────┤
│ 0019_memory_ingress.sql                  │ 🕒️    │
├──────────────────────────────────────────┼────────┤
│ 0020_school_catchup.sql                  │ 🕒️    │
├──────────────────────────────────────────┼────────┤
│ 0021_voice_owner_delivery.sql            │ 🕒️    │
├──────────────────────────────────────────┼────────┤
│ 0022_university_tracker.sql              │ 🕒️    │
├──────────────────────────────────────────┼────────┤
│ 0023_study_coach.sql                     │ 🕒️    │
├──────────────────────────────────────────┼────────┤
│ 0024_university_application_workflow.sql │ 🕒️    │
├──────────────────────────────────────────┼────────┤
│ 0025_archive_literal_history.sql         │ 🕒️    │
├──────────────────────────────────────────┼────────┤
│ 0026_memory_distillation.sql             │ 🕒️    │
├──────────────────────────────────────────┼────────┤
│ 0027_school_observations.sql             │ 🕒️    │
├──────────────────────────────────────────┼────────┤
│ 0028_guest_grant_notice_drain.sql        │ 🕒️    │
└──────────────────────────────────────────┴────────┘
🌀 Executing on remote database jarvis-scratch-rehearsal-0916h (f9eacdbc-9861-486d-bd68-cc7ade31adc6):
🌀 To execute on your local development database, remove the --remote flag from your wrangler command.
🚣 Executed 3 commands in 1.39ms
┌──────────────────────────────────────────┬────────┐
│ name                                     │ status │
├──────────────────────────────────────────┼────────┤
│ 0016_cloud_memory.sql                    │ ✅     │
├──────────────────────────────────────────┼────────┤
│ 0017_owner_passphrase.sql                │ ✅     │
├──────────────────────────────────────────┼────────┤
│ 0018_owner_call_step_up.sql              │ ✅     │
├──────────────────────────────────────────┼────────┤
│ 0019_memory_ingress.sql                  │ ✅     │
├──────────────────────────────────────────┼────────┤
│ 0020_school_catchup.sql                  │ 🕒️    │
├──────────────────────────────────────────┼────────┤
│ 0021_voice_owner_delivery.sql            │ 🕒️    │
├──────────────────────────────────────────┼────────┤
│ 0022_university_tracker.sql              │ 🕒️    │
├──────────────────────────────────────────┼────────┤
│ 0023_study_coach.sql                     │ 🕒️    │
├──────────────────────────────────────────┼────────┤
│ 0024_university_application_workflow.sql │ 🕒️    │
├──────────────────────────────────────────┼────────┤
│ 0025_archive_literal_history.sql         │ 🕒️    │
├──────────────────────────────────────────┼────────┤
│ 0026_memory_distillation.sql             │ 🕒️    │
├──────────────────────────────────────────┼────────┤
│ 0027_school_observations.sql             │ 🕒️    │
├──────────────────────────────────────────┼────────┤
│ 0028_guest_grant_notice_drain.sql        │ 🕒️    │
└──────────────────────────────────────────┴────────┘
🌀 Executing on remote database jarvis-scratch-rehearsal-0916h (f9eacdbc-9861-486d-bd68-cc7ade31adc6):
🌀 To execute on your local development database, remove the --remote flag from your wrangler command.
🚣 Executed 32 commands in 10.13ms
┌──────────────────────────────────────────┬────────┐
│ name                                     │ status │
├──────────────────────────────────────────┼────────┤
│ 0016_cloud_memory.sql                    │ ✅     │
├──────────────────────────────────────────┼────────┤
│ 0017_owner_passphrase.sql                │ ✅     │
├──────────────────────────────────────────┼────────┤
│ 0018_owner_call_step_up.sql              │ ✅     │
├──────────────────────────────────────────┼────────┤
│ 0019_memory_ingress.sql                  │ ✅     │
├──────────────────────────────────────────┼────────┤
│ 0020_school_catchup.sql                  │ ✅     │
├──────────────────────────────────────────┼────────┤
│ 0021_voice_owner_delivery.sql            │ 🕒️    │
├──────────────────────────────────────────┼────────┤
│ 0022_university_tracker.sql              │ 🕒️    │
├──────────────────────────────────────────┼────────┤
│ 0023_study_coach.sql                     │ 🕒️    │
├──────────────────────────────────────────┼────────┤
│ 0024_university_application_workflow.sql │ 🕒️    │
├──────────────────────────────────────────┼────────┤
│ 0025_archive_literal_history.sql         │ 🕒️    │
├──────────────────────────────────────────┼────────┤
│ 0026_memory_distillation.sql             │ 🕒️    │
├──────────────────────────────────────────┼────────┤
│ 0027_school_observations.sql             │ 🕒️    │
├──────────────────────────────────────────┼────────┤
│ 0028_guest_grant_notice_drain.sql        │ 🕒️    │
└──────────────────────────────────────────┴────────┘
🌀 Executing on remote database jarvis-scratch-rehearsal-0916h (f9eacdbc-9861-486d-bd68-cc7ade31adc6):
🌀 To execute on your local development database, remove the --remote flag from your wrangler command.
🚣 Executed 15 commands in 4.97ms
┌──────────────────────────────────────────┬────────┐
│ name                                     │ status │
├──────────────────────────────────────────┼────────┤
│ 0016_cloud_memory.sql                    │ ✅     │
├──────────────────────────────────────────┼────────┤
│ 0017_owner_passphrase.sql                │ ✅     │
├──────────────────────────────────────────┼────────┤
│ 0018_owner_call_step_up.sql              │ ✅     │
├──────────────────────────────────────────┼────────┤
│ 0019_memory_ingress.sql                  │ ✅     │
├──────────────────────────────────────────┼────────┤
│ 0020_school_catchup.sql                  │ ✅     │
├──────────────────────────────────────────┼────────┤
│ 0021_voice_owner_delivery.sql            │ ✅     │
├──────────────────────────────────────────┼────────┤
│ 0022_university_tracker.sql              │ 🕒️    │
├──────────────────────────────────────────┼────────┤
│ 0023_study_coach.sql                     │ 🕒️    │
├──────────────────────────────────────────┼────────┤
│ 0024_university_application_workflow.sql │ 🕒️    │
├──────────────────────────────────────────┼────────┤
│ 0025_archive_literal_history.sql         │ 🕒️    │
├──────────────────────────────────────────┼────────┤
│ 0026_memory_distillation.sql             │ 🕒️    │
├──────────────────────────────────────────┼────────┤
│ 0027_school_observations.sql             │ 🕒️    │
├──────────────────────────────────────────┼────────┤
│ 0028_guest_grant_notice_drain.sql        │ 🕒️    │
└──────────────────────────────────────────┴────────┘
🌀 Executing on remote database jarvis-scratch-rehearsal-0916h (f9eacdbc-9861-486d-bd68-cc7ade31adc6):
🌀 To execute on your local development database, remove the --remote flag from your wrangler command.
🚣 Executed 28 commands in 7.87ms
┌──────────────────────────────────────────┬────────┐
│ name                                     │ status │
├──────────────────────────────────────────┼────────┤
│ 0016_cloud_memory.sql                    │ ✅     │
├──────────────────────────────────────────┼────────┤
│ 0017_owner_passphrase.sql                │ ✅     │
├──────────────────────────────────────────┼────────┤
│ 0018_owner_call_step_up.sql              │ ✅     │
├──────────────────────────────────────────┼────────┤
│ 0019_memory_ingress.sql                  │ ✅     │
├──────────────────────────────────────────┼────────┤
│ 0020_school_catchup.sql                  │ ✅     │
├──────────────────────────────────────────┼────────┤
│ 0021_voice_owner_delivery.sql            │ ✅     │
├──────────────────────────────────────────┼────────┤
│ 0022_university_tracker.sql              │ ✅     │
├──────────────────────────────────────────┼────────┤
│ 0023_study_coach.sql                     │ 🕒️    │
├──────────────────────────────────────────┼────────┤
│ 0024_university_application_workflow.sql │ 🕒️    │
├──────────────────────────────────────────┼────────┤
│ 0025_archive_literal_history.sql         │ 🕒️    │
├──────────────────────────────────────────┼────────┤
│ 0026_memory_distillation.sql             │ 🕒️    │
├──────────────────────────────────────────┼────────┤
│ 0027_school_observations.sql             │ 🕒️    │
├──────────────────────────────────────────┼────────┤
│ 0028_guest_grant_notice_drain.sql        │ 🕒️    │
└──────────────────────────────────────────┴────────┘
🌀 Executing on remote database jarvis-scratch-rehearsal-0916h (f9eacdbc-9861-486d-bd68-cc7ade31adc6):
🌀 To execute on your local development database, remove the --remote flag from your wrangler command.
🚣 Executed 23 commands in 7.78ms
┌──────────────────────────────────────────┬────────┐
│ name                                     │ status │
├──────────────────────────────────────────┼────────┤
│ 0016_cloud_memory.sql                    │ ✅     │
├──────────────────────────────────────────┼────────┤
│ 0017_owner_passphrase.sql                │ ✅     │
├──────────────────────────────────────────┼────────┤
│ 0018_owner_call_step_up.sql              │ ✅     │
├──────────────────────────────────────────┼────────┤
│ 0019_memory_ingress.sql                  │ ✅     │
├──────────────────────────────────────────┼────────┤
│ 0020_school_catchup.sql                  │ ✅     │
├──────────────────────────────────────────┼────────┤
│ 0021_voice_owner_delivery.sql            │ ✅     │
├──────────────────────────────────────────┼────────┤
│ 0022_university_tracker.sql              │ ✅     │
├──────────────────────────────────────────┼────────┤
│ 0023_study_coach.sql                     │ ✅     │
├──────────────────────────────────────────┼────────┤
│ 0024_university_application_workflow.sql │ 🕒️    │
├──────────────────────────────────────────┼────────┤
│ 0025_archive_literal_history.sql         │ 🕒️    │
├──────────────────────────────────────────┼────────┤
│ 0026_memory_distillation.sql             │ 🕒️    │
├──────────────────────────────────────────┼────────┤
│ 0027_school_observations.sql             │ 🕒️    │
├──────────────────────────────────────────┼────────┤
│ 0028_guest_grant_notice_drain.sql        │ 🕒️    │
└──────────────────────────────────────────┴────────┘
🌀 Executing on remote database jarvis-scratch-rehearsal-0916h (f9eacdbc-9861-486d-bd68-cc7ade31adc6):
🌀 To execute on your local development database, remove the --remote flag from your wrangler command.
🚣 Executed 12 commands in 3.62ms
┌──────────────────────────────────────────┬────────┐
│ name                                     │ status │
├──────────────────────────────────────────┼────────┤
│ 0016_cloud_memory.sql                    │ ✅     │
├──────────────────────────────────────────┼────────┤
│ 0017_owner_passphrase.sql                │ ✅     │
├──────────────────────────────────────────┼────────┤
│ 0018_owner_call_step_up.sql              │ ✅     │
├──────────────────────────────────────────┼────────┤
│ 0019_memory_ingress.sql                  │ ✅     │
├──────────────────────────────────────────┼────────┤
│ 0020_school_catchup.sql                  │ ✅     │
├──────────────────────────────────────────┼────────┤
│ 0021_voice_owner_delivery.sql            │ ✅     │
├──────────────────────────────────────────┼────────┤
│ 0022_university_tracker.sql              │ ✅     │
├──────────────────────────────────────────┼────────┤
│ 0023_study_coach.sql                     │ ✅     │
├──────────────────────────────────────────┼────────┤
│ 0024_university_application_workflow.sql │ ✅     │
├──────────────────────────────────────────┼────────┤
│ 0025_archive_literal_history.sql         │ 🕒️    │
├──────────────────────────────────────────┼────────┤
│ 0026_memory_distillation.sql             │ 🕒️    │
├──────────────────────────────────────────┼────────┤
│ 0027_school_observations.sql             │ 🕒️    │
├──────────────────────────────────────────┼────────┤
│ 0028_guest_grant_notice_drain.sql        │ 🕒️    │
└──────────────────────────────────────────┴────────┘
🌀 Executing on remote database jarvis-scratch-rehearsal-0916h (f9eacdbc-9861-486d-bd68-cc7ade31adc6):
🌀 To execute on your local development database, remove the --remote flag from your wrangler command.
🚣 Executed 13 commands in 4.15ms
┌──────────────────────────────────────────┬────────┐
│ name                                     │ status │
├──────────────────────────────────────────┼────────┤
│ 0016_cloud_memory.sql                    │ ✅     │
├──────────────────────────────────────────┼────────┤
│ 0017_owner_passphrase.sql                │ ✅     │
├──────────────────────────────────────────┼────────┤
│ 0018_owner_call_step_up.sql              │ ✅     │
├──────────────────────────────────────────┼────────┤
│ 0019_memory_ingress.sql                  │ ✅     │
├──────────────────────────────────────────┼────────┤
│ 0020_school_catchup.sql                  │ ✅     │
├──────────────────────────────────────────┼────────┤
│ 0021_voice_owner_delivery.sql            │ ✅     │
├──────────────────────────────────────────┼────────┤
│ 0022_university_tracker.sql              │ ✅     │
├──────────────────────────────────────────┼────────┤
│ 0023_study_coach.sql                     │ ✅     │
├──────────────────────────────────────────┼────────┤
│ 0024_university_application_workflow.sql │ ✅     │
├──────────────────────────────────────────┼────────┤
│ 0025_archive_literal_history.sql         │ ✅     │
├──────────────────────────────────────────┼────────┤
│ 0026_memory_distillation.sql             │ 🕒️    │
├──────────────────────────────────────────┼────────┤
│ 0027_school_observations.sql             │ 🕒️    │
├──────────────────────────────────────────┼────────┤
│ 0028_guest_grant_notice_drain.sql        │ 🕒️    │
└──────────────────────────────────────────┴────────┘
🌀 Executing on remote database jarvis-scratch-rehearsal-0916h (f9eacdbc-9861-486d-bd68-cc7ade31adc6):
🌀 To execute on your local development database, remove the --remote flag from your wrangler command.
🚣 Executed 16 commands in 35.46ms
┌──────────────────────────────────────────┬────────┐
│ name                                     │ status │
├──────────────────────────────────────────┼────────┤
│ 0016_cloud_memory.sql                    │ ✅     │
├──────────────────────────────────────────┼────────┤
│ 0017_owner_passphrase.sql                │ ✅     │
├──────────────────────────────────────────┼────────┤
│ 0018_owner_call_step_up.sql              │ ✅     │
├──────────────────────────────────────────┼────────┤
│ 0019_memory_ingress.sql                  │ ✅     │
├──────────────────────────────────────────┼────────┤
│ 0020_school_catchup.sql                  │ ✅     │
├──────────────────────────────────────────┼────────┤
│ 0021_voice_owner_delivery.sql            │ ✅     │
├──────────────────────────────────────────┼────────┤
│ 0022_university_tracker.sql              │ ✅     │
├──────────────────────────────────────────┼────────┤
│ 0023_study_coach.sql                     │ ✅     │
├──────────────────────────────────────────┼────────┤
│ 0024_university_application_workflow.sql │ ✅     │
├──────────────────────────────────────────┼────────┤
│ 0025_archive_literal_history.sql         │ ✅     │
├──────────────────────────────────────────┼────────┤
│ 0026_memory_distillation.sql             │ ✅     │
├──────────────────────────────────────────┼────────┤
│ 0027_school_observations.sql             │ 🕒️    │
├──────────────────────────────────────────┼────────┤
│ 0028_guest_grant_notice_drain.sql        │ 🕒️    │
└──────────────────────────────────────────┴────────┘
🌀 Executing on remote database jarvis-scratch-rehearsal-0916h (f9eacdbc-9861-486d-bd68-cc7ade31adc6):
🌀 To execute on your local development database, remove the --remote flag from your wrangler command.
🚣 Executed 20 commands in 8.98ms
┌──────────────────────────────────────────┬────────┐
│ name                                     │ status │
├──────────────────────────────────────────┼────────┤
│ 0016_cloud_memory.sql                    │ ✅     │
├──────────────────────────────────────────┼────────┤
│ 0017_owner_passphrase.sql                │ ✅     │
├──────────────────────────────────────────┼────────┤
│ 0018_owner_call_step_up.sql              │ ✅     │
├──────────────────────────────────────────┼────────┤
│ 0019_memory_ingress.sql                  │ ✅     │
├──────────────────────────────────────────┼────────┤
│ 0020_school_catchup.sql                  │ ✅     │
├──────────────────────────────────────────┼────────┤
│ 0021_voice_owner_delivery.sql            │ ✅     │
├──────────────────────────────────────────┼────────┤
│ 0022_university_tracker.sql              │ ✅     │
├──────────────────────────────────────────┼────────┤
│ 0023_study_coach.sql                     │ ✅     │
├──────────────────────────────────────────┼────────┤
│ 0024_university_application_workflow.sql │ ✅     │
├──────────────────────────────────────────┼────────┤
│ 0025_archive_literal_history.sql         │ ✅     │
├──────────────────────────────────────────┼────────┤
│ 0026_memory_distillation.sql             │ ✅     │
├──────────────────────────────────────────┼────────┤
│ 0027_school_observations.sql             │ ✅     │
├──────────────────────────────────────────┼────────┤
│ 0028_guest_grant_notice_drain.sql        │ 🕒️    │
└──────────────────────────────────────────┴────────┘
🌀 Executing on remote database jarvis-scratch-rehearsal-0916h (f9eacdbc-9861-486d-bd68-cc7ade31adc6):
🌀 To execute on your local development database, remove the --remote flag from your wrangler command.
🚣 Executed 6 commands in 1.53ms
┌──────────────────────────────────────────┬────────┐
│ name                                     │ status │
├──────────────────────────────────────────┼────────┤
│ 0016_cloud_memory.sql                    │ ✅     │
├──────────────────────────────────────────┼────────┤
│ 0017_owner_passphrase.sql                │ ✅     │
├──────────────────────────────────────────┼────────┤
│ 0018_owner_call_step_up.sql              │ ✅     │
├──────────────────────────────────────────┼────────┤
│ 0019_memory_ingress.sql                  │ ✅     │
├──────────────────────────────────────────┼────────┤
│ 0020_school_catchup.sql                  │ ✅     │
├──────────────────────────────────────────┼────────┤
│ 0021_voice_owner_delivery.sql            │ ✅     │
├──────────────────────────────────────────┼────────┤
│ 0022_university_tracker.sql              │ ✅     │
├──────────────────────────────────────────┼────────┤
│ 0023_study_coach.sql                     │ ✅     │
├──────────────────────────────────────────┼────────┤
│ 0024_university_application_workflow.sql │ ✅     │
├──────────────────────────────────────────┼────────┤
│ 0025_archive_literal_history.sql         │ ✅     │
├──────────────────────────────────────────┼────────┤
│ 0026_memory_distillation.sql             │ ✅     │
├──────────────────────────────────────────┼────────┤
│ 0027_school_observations.sql             │ ✅     │
├──────────────────────────────────────────┼────────┤
│ 0028_guest_grant_notice_drain.sql        │ ✅     │
└──────────────────────────────────────────┴────────┘

 ⛅️ wrangler 4.127.1 (update available 4.132.0)
───────────────────────────────────────────────
Resource location: remote 

🌀 Executing on remote database jarvis-scratch-rehearsal-0916h (f9eacdbc-9861-486d-bd68-cc7ade31adc6):
🌀 To execute on your local development database, remove the --remote flag from your wrangler command.
🚣 Executed 1 command in 0.27ms
[
  {
    "results": [
      {
        "name": "0016_cloud_memory.sql"
      },
      {
        "name": "0017_owner_passphrase.sql"
      },
      {
        "name": "0018_owner_call_step_up.sql"
      },
      {
        "name": "0019_memory_ingress.sql"
      },
      {
        "name": "0020_school_catchup.sql"
      },
      {
        "name": "0021_voice_owner_delivery.sql"
      },
      {
        "name": "0022_university_tracker.sql"
      },
      {
        "name": "0023_study_coach.sql"
      },
      {
        "name": "0024_university_application_workflow.sql"
      },
      {
        "name": "0025_archive_literal_history.sql"
      },
      {
        "name": "0026_memory_distillation.sql"
      },
      {
        "name": "0027_school_observations.sql"
      },
      {
        "name": "0028_guest_grant_notice_drain.sql"
      }
    ],
    "success": true,
    "meta": {
      "served_by": "v3-prod",
      "served_by_region": "ENAM",
      "served_by_colo": "ORD",
      "served_by_primary": true,
      "timings": {
        "sql_duration_ms": 0.2656
      },
      "duration": 0.2656,
      "changes": 0,
      "last_row_id": 28,
      "changed_db": false,
      "size_after": 2015232,
      "rows_read": 26,
      "rows_written": 0,
      "total_attempts": 1
    }
  }
]
SCRATCH MIGRATIONS OK: 13/13 candidate receipts present in filename order.
===== RUNBOOK STEP 6 =====
PROMPT: Confirmed non-production scratch D1 name
PROMPT: Absolute SCRATCH CONFIG OUTSIDE REPO path from step 2

 ⛅️ wrangler 4.127.1 (update available 4.132.0)
───────────────────────────────────────────────
Resource location: remote 

🌀 Executing on remote database jarvis-scratch-rehearsal-0916h (f9eacdbc-9861-486d-bd68-cc7ade31adc6):
🌀 To execute on your local development database, remove the --remote flag from your wrangler command.
🚣 Executed 1 command in 1.26ms
[
  {
    "results": [
      {
        "name": "archive_manifests_no_delete"
      },
      {
        "name": "archive_manifests_no_update"
      },
      {
        "name": "archive_manifests_require_next_range"
      },
      {
        "name": "archive_purge_receipts_no_delete"
      },
      {
        "name": "archive_purge_receipts_no_update"
      },
      {
        "name": "archive_purge_receipts_require_delivered"
      },
      {
        "name": "archive_segment_events_no_delete"
      },
      {
        "name": "archive_segment_events_no_update"
      },
      {
        "name": "archive_segment_events_require_manifest_range"
      },
      {
        "name": "archive_segments_no_delete"
      },
      {
        "name": "archive_segments_no_update"
      },
      {
        "name": "archive_state_advance_guard"
      },
      {
        "name": "archive_state_circuit_latched"
      },
      {
        "name": "archive_state_no_delete"
      },
      {
        "name": "archive_state_no_second_row"
      },
      {
        "name": "authentication_attempt_reservations_append_only"
      },
      {
        "name": "authentication_attempt_reservations_reject_delete"
      },
      {
        "name": "autonomy_evaluations_reject_delete"
      },
      {
        "name": "autonomy_evaluations_reject_update"
      },
      {
        "name": "autonomy_mode_reject_delete"
      },
      {
        "name": "call_session_authorities_delete_forbidden"
      },
      {
        "name": "call_session_authorities_guest_owner_required"
      },
      {
        "name": "call_session_authorities_immutable"
      },
      {
        "name": "call_session_authorities_provider_lifetime"
      },
      {
        "name": "call_session_authorities_require_current_lineage"
      },
      {
        "name": "call_sessions_immutable_lineage"
      },
      {
        "name": "call_sessions_phase_transition"
      },
      {
        "name": "call_sessions_provider_binding_eligible"
      },
      {
        "name": "call_sessions_provider_binding_once"
      },
      {
        "name": "call_sessions_provider_connected_at_immutable"
      },
      {
        "name": "call_sessions_provider_connected_at_required"
      },
      {
        "name": "call_sessions_reject_delete"
      },
      {
        "name": "call_sessions_require_inbound_lineage"
      },
      {
        "name": "call_sessions_require_initial_state"
      },
      {
        "name": "call_sessions_require_matching_outbound_attempt"
      },
      {
        "name": "call_sessions_updated_at_monotone"
      },
      {
        "name": "call_sessions_voice_access_guest_owner_bind_required"
      },
      {
        "name": "call_sessions_voice_access_guest_owner_required"
      },
      {
        "name": "call_sessions_voice_access_immutable"
      },
      {
        "name": "call_sessions_voice_access_required"
      },
      {
        "name": "channel_identities_call_session_subject_immutable"
      },
      {
        "name": "channel_identities_conversation_lineage_immutable"
      },
      {
        "name": "conversation_deliveries_claim_target_guard"
      },
      {
        "name": "conversation_deliveries_immutable_guard"
      },
      {
        "name": "conversation_deliveries_reject_delete"
      },
      {
        "name": "conversation_deliveries_stage_guard"
      },
      {
        "name": "conversation_deliveries_target_guard"
      },
      {
        "name": "conversation_deliveries_terminal_guard"
      },
      {
        "name": "conversation_deliveries_transition_guard"
      },
      {
        "name": "conversation_turns_immutable_guard"
      },
      {
        "name": "conversation_turns_insert_guard"
      },
      {
        "name": "conversation_turns_reject_delete"
      },
      {
        "name": "conversation_turns_terminal_guard"
      },
      {
        "name": "conversation_turns_transition_guard"
      },
      {
        "name": "deadline_revisions_reject_delete"
      },
      {
        "name": "deadline_revisions_reject_update"
      },
      {
        "name": "decision_items_forward_only"
      },
      {
        "name": "decision_items_freeze_question"
      },
      {
        "name": "decision_items_reject_delete"
      },
      {
        "name": "decision_responses_reject_delete"
      },
      {
        "name": "decision_responses_reject_update"
      },
      {
        "name": "events_conversation_transition_guard"
      },
      {
        "name": "events_memory_owner_command_ingress_guard"
      },
      {
        "name": "events_reject_archived_event_id"
      },
      {
        "name": "guest_call_pin_attempts_delete_forbidden"
      },
      {
        "name": "guest_call_pin_attempts_immutable"
      },
      {
        "name": "guest_call_pin_attempts_insert_guard"
      },
      {
        "name": "guest_grant_notice_drain_state_delete_forbidden"
      },
      {
        "name": "guest_grant_notice_drain_state_insert_guard"
      },
      {
        "name": "guest_grant_notice_drain_state_transition_guard"
      },
      {
        "name": "guest_grant_notices_delete_forbidden"
      },
      {
        "name": "guest_grant_notices_insert_guard"
      },
      {
        "name": "guest_grant_notices_transition_guard"
      },
      {
        "name": "identity_challenges_activate_pending_identity"
      },
      {
        "name": "identity_challenges_call_session_id_no_reuse"
      },
      {
        "name": "identity_challenges_call_session_lineage_immutable"
      },
      {
        "name": "identity_challenges_reclaim_and_cap"
      },
      {
        "name": "identity_challenges_task4_canonical_timestamps_insert"
      },
      {
        "name": "identity_challenges_task4_canonical_timestamps_update"
      },
      {
        "name": "identity_challenges_task4_id_immutable"
      },
      {
        "name": "memory_cost_ledger_immutable_delete"
      },
      {
        "name": "memory_cost_ledger_immutable_update"
      },
      {
        "name": "memory_cost_ledger_insert_guard"
      },
      {
        "name": "memory_cursors_delete_guard"
      },
      {
        "name": "memory_cursors_insert_guard"
      },
      {
        "name": "memory_cursors_monotonic_update"
      },
      {
        "name": "memory_distillation_cursor_insert_guard"
      },
      {
        "name": "memory_distillation_cursor_update_guard"
      },
      {
        "name": "memory_distillation_event_receipts_delete_forbidden"
      },
      {
        "name": "memory_distillation_event_receipts_immutable_update"
      },
      {
        "name": "memory_distillation_event_receipts_insert_guard"
      },
      {
        "name": "memory_distillation_item_receipts_delete_forbidden"
      },
      {
        "name": "memory_distillation_item_receipts_immutable_update"
      },
      {
        "name": "memory_distillation_item_receipts_insert_guard"
      },
      {
        "name": "memory_distillation_runs_reconcile_guard"
      },
      {
        "name": "memory_episode_sources_immutable_delete"
      },
      {
        "name": "memory_episode_sources_immutable_update"
      },
      {
        "name": "memory_episode_sources_insert_guard"
      },
      {
        "name": "memory_episodes_fts_insert"
      },
      {
        "name": "memory_episodes_immutable_delete"
      },
      {
        "name": "memory_episodes_immutable_update"
      },
      {
        "name": "memory_episodes_insert_guard"
      },
      {
        "name": "memory_event_suppression_lifts_immutable_delete"
      },
      {
        "name": "memory_event_suppression_lifts_immutable_update"
      },
      {
        "name": "memory_event_suppression_lifts_insert_guard"
      },
      {
        "name": "memory_event_suppressions_immutable_delete"
      },
      {
        "name": "memory_event_suppressions_immutable_update"
      },
      {
        "name": "memory_event_suppressions_insert_guard"
      },
      {
        "name": "memory_fact_projection_abandoned_cleanup"
      },
      {
        "name": "memory_fact_projection_abandoned_insert_guard"
      },
      {
        "name": "memory_fact_projection_abandoned_no_delete"
      },
      {
        "name": "memory_fact_projection_abandoned_no_update"
      },
      {
        "name": "memory_fact_projection_commit_publish"
      },
      {
        "name": "memory_fact_projection_commits_immutable_delete"
      },
      {
        "name": "memory_fact_projection_commits_immutable_update"
      },
      {
        "name": "memory_fact_projection_facts_delete_guard"
      },
      {
        "name": "memory_fact_projection_facts_fts_delete"
      },
      {
        "name": "memory_fact_projection_facts_fts_insert"
      },
      {
        "name": "memory_fact_projection_facts_immutable"
      },
      {
        "name": "memory_fact_projection_facts_insert_guard"
      },
      {
        "name": "memory_fact_projection_heads_delete_guard"
      },
      {
        "name": "memory_fact_projection_heads_insert_guard"
      },
      {
        "name": "memory_fact_projection_heads_update_guard"
      },
      {
        "name": "memory_fact_projection_pages_delete_guard"
      },
      {
        "name": "memory_fact_projection_pages_immutable"
      },
      {
        "name": "memory_fact_projection_pages_insert_guard"
      },
      {
        "name": "memory_fact_projection_versions_delete_guard"
      },
      {
        "name": "memory_fact_projection_versions_insert_guard"
      },
      {
        "name": "memory_fact_projection_versions_transition"
      },
      {
        "name": "memory_history_chunks_fts_delete"
      },
      {
        "name": "memory_history_chunks_fts_insert"
      },
      {
        "name": "memory_history_chunks_immutable_update"
      },
      {
        "name": "memory_history_chunks_insert_guard"
      },
      {
        "name": "memory_history_coverage_immutable_delete"
      },
      {
        "name": "memory_history_coverage_immutable_update"
      },
      {
        "name": "memory_history_coverage_insert_guard"
      },
      {
        "name": "memory_item_links_immutable_delete"
      },
      {
        "name": "memory_item_links_immutable_update"
      },
      {
        "name": "memory_item_links_insert_guard"
      },
      {
        "name": "memory_item_placement_events_apply_state"
      },
      {
        "name": "memory_item_placement_events_immutable_delete"
      },
      {
        "name": "memory_item_placement_events_immutable_update"
      },
      {
        "name": "memory_item_placement_events_insert_guard"
      },
      {
        "name": "memory_item_placement_state_delete_guard"
      },
      {
        "name": "memory_item_placement_state_insert_guard"
      },
      {
        "name": "memory_item_placement_state_update_guard"
      },
      {
        "name": "memory_item_sources_immutable_delete"
      },
      {
        "name": "memory_item_sources_immutable_update"
      },
      {
        "name": "memory_item_sources_insert_guard"
      },
      {
        "name": "memory_item_state_delete_guard"
      },
      {
        "name": "memory_item_state_insert_guard"
      },
      {
        "name": "memory_item_state_update_guard"
      },
      {
        "name": "memory_item_transitions_apply_state"
      },
      {
        "name": "memory_item_transitions_immutable_delete"
      },
      {
        "name": "memory_item_transitions_immutable_update"
      },
      {
        "name": "memory_item_transitions_insert_guard"
      },
      {
        "name": "memory_item_versions_fts_insert"
      },
      {
        "name": "memory_item_versions_immutable_delete"
      },
      {
        "name": "memory_item_versions_immutable_update"
      },
      {
        "name": "memory_item_versions_insert_guard"
      },
      {
        "name": "memory_items_immutable_delete"
      },
      {
        "name": "memory_items_immutable_update"
      },
      {
        "name": "memory_items_insert_guard"
      },
      {
        "name": "memory_literal_search_hits_delete_forbidden"
      },
      {
        "name": "memory_literal_search_hits_immutable_update"
      },
      {
        "name": "memory_literal_search_hits_insert_guard"
      },
      {
        "name": "memory_literal_search_jobs_delete_forbidden"
      },
      {
        "name": "memory_literal_search_jobs_insert_guard"
      },
      {
        "name": "memory_literal_search_jobs_update_guard"
      },
      {
        "name": "memory_model_prices_immutable_delete"
      },
      {
        "name": "memory_model_prices_immutable_update"
      },
      {
        "name": "memory_model_prices_insert_guard"
      },
      {
        "name": "memory_reprocess_jobs_delete_guard"
      },
      {
        "name": "memory_reprocess_jobs_insert_guard"
      },
      {
        "name": "memory_reprocess_jobs_update_guard"
      },
      {
        "name": "memory_runs_delete_guard"
      },
      {
        "name": "memory_runs_insert_guard"
      },
      {
        "name": "memory_runs_update_guard"
      },
      {
        "name": "memory_topic_aliases_immutable_delete"
      },
      {
        "name": "memory_topic_aliases_immutable_update"
      },
      {
        "name": "memory_topic_aliases_insert_guard"
      },
      {
        "name": "memory_topic_events_apply"
      },
      {
        "name": "memory_topic_events_immutable_delete"
      },
      {
        "name": "memory_topic_events_immutable_update"
      },
      {
        "name": "memory_topic_events_insert_guard"
      },
      {
        "name": "memory_topic_events_recent_insert_guard"
      },
      {
        "name": "memory_topics_delete_guard"
      },
      {
        "name": "memory_topics_insert_guard"
      },
      {
        "name": "memory_topics_update_guard"
      },
      {
        "name": "memory_vectors_delete_guard"
      },
      {
        "name": "memory_vectors_insert_guard"
      },
      {
        "name": "memory_vectors_update_guard"
      },
      {
        "name": "outbound_attempts_admission"
      },
      {
        "name": "outbound_attempts_start_ready"
      },
      {
        "name": "outbound_attempts_terminal_evidence"
      },
      {
        "name": "outbound_call_attempts_immutable_lineage"
      },
      {
        "name": "outbound_call_attempts_reject_delete"
      },
      {
        "name": "outbound_call_attempts_state_machine"
      },
      {
        "name": "outbound_event_retains_terminal_evidence"
      },
      {
        "name": "outbound_status_retains_terminal_evidence"
      },
      {
        "name": "owner_call_step_up_alerts_insert_guard"
      },
      {
        "name": "owner_call_step_up_alerts_key_guard"
      },
      {
        "name": "owner_call_step_up_attempts_delete_forbidden"
      },
      {
        "name": "owner_call_step_up_attempts_insert_guard"
      },
      {
        "name": "owner_call_step_up_attempts_publish_exhaustion"
      },
      {
        "name": "owner_call_step_up_attempts_publish_match"
      },
      {
        "name": "owner_call_step_up_attempts_transition_guard"
      },
      {
        "name": "owner_call_step_up_bindings_delete_forbidden"
      },
      {
        "name": "owner_call_step_up_bindings_immutable"
      },
      {
        "name": "owner_call_step_up_bindings_insert_guard"
      },
      {
        "name": "owner_call_step_up_disabled_rejections_delete_forbidden"
      },
      {
        "name": "owner_call_step_up_disabled_rejections_immutable"
      },
      {
        "name": "owner_call_step_up_disabled_rejections_insert_guard"
      },
      {
        "name": "owner_call_step_up_disabled_rejections_terminalize"
      },
      {
        "name": "owner_call_step_up_rejection_deliveries_delete_forbidden"
      },
      {
        "name": "owner_call_step_up_rejection_deliveries_immutable"
      },
      {
        "name": "owner_call_step_up_rejection_deliveries_insert_guard"
      },
      {
        "name": "owner_call_step_up_rejections_delete_forbidden"
      },
      {
        "name": "owner_call_step_up_rejections_immutable"
      },
      {
        "name": "owner_call_step_up_rejections_insert_guard"
      },
      {
        "name": "owner_call_step_up_rejections_terminalize"
      },
      {
        "name": "owner_call_step_up_repeat_checks_delete_forbidden"
      },
      {
        "name": "owner_call_step_up_repeat_checks_insert_guard"
      },
      {
        "name": "owner_call_step_up_repeat_checks_transition_guard"
      },
      {
        "name": "owner_call_step_up_reprompts_delete_forbidden"
      },
      {
        "name": "owner_call_step_up_reprompts_immutable"
      },
      {
        "name": "owner_call_step_up_reprompts_insert_guard"
      },
      {
        "name": "owner_call_step_up_reprompts_publish_exhaustion"
      },
      {
        "name": "owner_call_step_up_successes_delete_forbidden"
      },
      {
        "name": "owner_call_step_up_successes_immutable"
      },
      {
        "name": "owner_call_step_up_successes_insert_guard"
      },
      {
        "name": "owner_call_step_up_successes_publish_authority"
      },
      {
        "name": "owner_call_step_up_windows_delete_forbidden"
      },
      {
        "name": "owner_call_step_up_windows_immutable"
      },
      {
        "name": "owner_call_step_up_windows_insert_guard"
      },
      {
        "name": "owner_passphrase_disable_commit_guard"
      },
      {
        "name": "owner_passphrase_disable_commit_publish"
      },
      {
        "name": "owner_passphrase_disable_commits_delete_forbidden"
      },
      {
        "name": "owner_passphrase_disable_commits_immutable"
      },
      {
        "name": "owner_passphrase_heads_delete_forbidden"
      },
      {
        "name": "owner_passphrase_heads_insert_guard"
      },
      {
        "name": "owner_passphrase_heads_update_guard"
      },
      {
        "name": "owner_passphrase_rotation_commit_guard"
      },
      {
        "name": "owner_passphrase_rotation_commit_publish"
      },
      {
        "name": "owner_passphrase_rotation_commits_delete_forbidden"
      },
      {
        "name": "owner_passphrase_rotation_commits_immutable"
      },
      {
        "name": "owner_passphrase_verifiers_delete_forbidden"
      },
      {
        "name": "owner_passphrase_verifiers_insert_guard"
      },
      {
        "name": "owner_passphrase_verifiers_transition_guard"
      },
      {
        "name": "project_documents_reject_delete"
      },
      {
        "name": "project_observations_reject_delete"
      },
      {
        "name": "provider_events_relay_require_bound_session"
      },
      {
        "name": "provider_events_status_reconcile_attempt"
      },
      {
        "name": "provider_events_status_require_compatible_attempt"
      },
      {
        "name": "request_nonces_reclaim_and_cap"
      },
      {
        "name": "school_assignment_observation_revisions_delete_guard"
      },
      {
        "name": "school_assignment_observation_revisions_insert_guard"
      },
      {
        "name": "school_assignment_observation_revisions_update_guard"
      },
      {
        "name": "school_assignment_observations_delete_guard"
      },
      {
        "name": "school_assignment_observations_insert_guard"
      },
      {
        "name": "school_assignment_observations_update_guard"
      },
      {
        "name": "school_catchup_actions_core_immutable"
      },
      {
        "name": "school_catchup_actions_insert_guard"
      },
      {
        "name": "school_catchup_actions_planned_cap_insert"
      },
      {
        "name": "school_catchup_actions_reject_delete"
      },
      {
        "name": "school_catchup_actions_require_plan_turn"
      },
      {
        "name": "school_catchup_actions_status_transition"
      },
      {
        "name": "school_catchup_turn_receipts_insert_guard"
      },
      {
        "name": "school_catchup_turn_receipts_reject_delete"
      },
      {
        "name": "school_catchup_turn_receipts_reject_update"
      },
      {
        "name": "school_catchup_turn_receipts_require_turn"
      },
      {
        "name": "school_course_cards_active_cap_insert"
      },
      {
        "name": "school_course_cards_active_cap_update"
      },
      {
        "name": "school_course_cards_course_key_unique_update"
      },
      {
        "name": "school_course_cards_insert_guard"
      },
      {
        "name": "school_course_cards_primary_key_immutable"
      },
      {
        "name": "school_course_cards_reject_delete"
      },
      {
        "name": "school_course_cards_require_owner_turn_insert"
      },
      {
        "name": "school_course_cards_require_owner_turn_update"
      },
      {
        "name": "school_course_facts_active_cap_insert"
      },
      {
        "name": "school_course_facts_core_immutable"
      },
      {
        "name": "school_course_facts_insert_guard"
      },
      {
        "name": "school_course_facts_reject_delete"
      },
      {
        "name": "school_course_facts_require_owner_turn"
      },
      {
        "name": "school_course_facts_status_transition"
      },
      {
        "name": "school_missing_work_transitions_delete_guard"
      },
      {
        "name": "school_missing_work_transitions_insert_guard"
      },
      {
        "name": "school_missing_work_transitions_update_guard"
      },
      {
        "name": "school_observation_sync_delete_guard"
      },
      {
        "name": "school_observation_sync_insert_guard"
      },
      {
        "name": "school_observation_sync_update_guard"
      },
      {
        "name": "school_practice_items_core_immutable"
      },
      {
        "name": "school_practice_items_insert_guard"
      },
      {
        "name": "school_practice_items_open_cap"
      },
      {
        "name": "school_practice_items_reject_delete"
      },
      {
        "name": "school_practice_items_source_guard"
      },
      {
        "name": "school_practice_items_status_transition"
      },
      {
        "name": "school_study_evidence_active_cap"
      },
      {
        "name": "school_study_evidence_core_immutable"
      },
      {
        "name": "school_study_evidence_insert_guard"
      },
      {
        "name": "school_study_evidence_reject_delete"
      },
      {
        "name": "school_study_evidence_source_guard"
      },
      {
        "name": "school_study_evidence_status_transition"
      },
      {
        "name": "school_study_preferences_core_immutable"
      },
      {
        "name": "school_study_preferences_insert_guard"
      },
      {
        "name": "school_study_preferences_reject_delete"
      },
      {
        "name": "school_study_preferences_require_owner_turn_insert"
      },
      {
        "name": "school_study_preferences_require_owner_turn_update"
      },
      {
        "name": "sync_ack_receipts_apply_snapshot"
      },
      {
        "name": "sync_snapshots_reclaim_and_cap"
      },
      {
        "name": "university_application_items_cap_insert"
      },
      {
        "name": "university_application_items_cap_reactivate"
      },
      {
        "name": "university_application_items_core_immutable"
      },
      {
        "name": "university_application_items_insert_guard"
      },
      {
        "name": "university_application_items_reject_delete"
      },
      {
        "name": "university_application_items_require_owner_turn_insert"
      },
      {
        "name": "university_application_items_require_owner_turn_update"
      },
      {
        "name": "university_application_items_state_consistent_update"
      },
      {
        "name": "university_application_items_status_correction_guard"
      },
      {
        "name": "university_program_items_active_cap_insert"
      },
      {
        "name": "university_program_items_core_immutable"
      },
      {
        "name": "university_program_items_insert_guard"
      },
      {
        "name": "university_program_items_reject_delete"
      },
      {
        "name": "university_program_items_require_owner_turn"
      },
      {
        "name": "university_program_items_status_transition"
      },
      {
        "name": "university_programs_active_cap_insert"
      },
      {
        "name": "university_programs_active_cap_update"
      },
      {
        "name": "university_programs_insert_guard"
      },
      {
        "name": "university_programs_reject_delete"
      },
      {
        "name": "university_programs_require_owner_turn_insert"
      },
      {
        "name": "university_programs_require_owner_turn_update"
      },
      {
        "name": "university_programs_update_guard"
      },
      {
        "name": "university_tracker_turn_receipts_insert_guard"
      },
      {
        "name": "university_tracker_turn_receipts_reject_delete"
      },
      {
        "name": "university_tracker_turn_receipts_reject_update"
      },
      {
        "name": "university_tracker_turn_receipts_require_turn"
      },
      {
        "name": "voice_access_grant_events_delete_forbidden"
      },
      {
        "name": "voice_access_grant_events_immutable"
      },
      {
        "name": "voice_access_grants_delete_forbidden"
      },
      {
        "name": "voice_access_grants_immutable_lineage"
      },
      {
        "name": "voice_access_grants_require_guest_identity"
      },
      {
        "name": "voice_access_grants_status_invalid"
      },
      {
        "name": "voice_access_grants_version_invalid"
      },
      {
        "name": "voice_owner_identity_delete_forbidden"
      },
      {
        "name": "voice_owner_identity_immutable"
      },
      {
        "name": "voice_owner_identity_requires_voice_human"
      }
    ],
    "success": true,
    "meta": {
      "served_by": "v3-prod",
      "served_by_region": "ENAM",
      "served_by_colo": "ORD",
      "served_by_primary": true,
      "timings": {
        "sql_duration_ms": 1.2619
      },
      "duration": 1.2619,
      "changes": 0,
      "last_row_id": 28,
      "changed_db": false,
      "size_after": 2015232,
      "rows_read": 1057,
      "rows_written": 0,
      "total_attempts": 1
    }
  }
]
TRIGGER CHECK OK: 231/231 named triggers present.
===== RUNBOOK STEP 7 =====
PROMPT: Confirmed non-production scratch D1 name
PROMPT: Absolute SCRATCH CONFIG OUTSIDE REPO path from step 2

 ⛅️ wrangler 4.127.1 (update available 4.132.0)
───────────────────────────────────────────────
Resource location: remote 

🌀 Executing on remote database jarvis-scratch-rehearsal-0916h (f9eacdbc-9861-486d-bd68-cc7ade31adc6):
🌀 To execute on your local development database, remove the --remote flag from your wrangler command.
🚣 Executed 5 commands in 0.79ms
[
  {
    "results": [],
    "success": true,
    "meta": {
      "served_by": "v3-prod",
      "served_by_region": "ENAM",
      "served_by_colo": "ORD",
      "served_by_primary": true,
      "timings": {
        "sql_duration_ms": 0.0915
      },
      "duration": 0.0915,
      "changes": 0,
      "last_row_id": 28,
      "changed_db": false,
      "size_after": 2015232,
      "rows_read": 0,
      "rows_written": 0,
      "total_attempts": 1
    }
  },
  {
    "results": [],
    "success": true,
    "meta": {
      "served_by": "v3-prod",
      "served_by_region": "ENAM",
      "served_by_colo": "ORD",
      "served_by_primary": true,
      "timings": {
        "sql_duration_ms": 0.0343
      },
      "duration": 0.0343,
      "changes": 0,
      "last_row_id": 28,
      "changed_db": false,
      "size_after": 2015232,
      "rows_read": 0,
      "rows_written": 0,
      "total_attempts": 1
    }
  },
  {
    "results": [],
    "success": true,
    "meta": {
      "served_by": "v3-prod",
      "served_by_region": "ENAM",
      "served_by_colo": "ORD",
      "served_by_primary": true,
      "timings": {
        "sql_duration_ms": 0.4236
      },
      "duration": 0.4236,
      "changes": 0,
      "last_row_id": 28,
      "changed_db": true,
      "size_after": 2023424,
      "rows_read": 1,
      "rows_written": 3,
      "total_attempts": 1
    }
  },
  {
    "results": [],
    "success": true,
    "meta": {
      "served_by": "v3-prod",
      "served_by_region": "ENAM",
      "served_by_colo": "ORD",
      "served_by_primary": true,
      "timings": {
        "sql_duration_ms": 0.1712
      },
      "duration": 0.1712,
      "changes": 0,
      "last_row_id": 28,
      "changed_db": false,
      "size_after": 2023424,
      "rows_read": 0,
      "rows_written": 1,
      "total_attempts": 1
    }
  },
  {
    "results": [],
    "success": true,
    "meta": {
      "served_by": "v3-prod",
      "served_by_region": "ENAM",
      "served_by_colo": "ORD",
      "served_by_primary": true,
      "timings": {
        "sql_duration_ms": 0.071
      },
      "duration": 0.071,
      "changes": 1,
      "last_row_id": 28,
      "changed_db": true,
      "size_after": 2023424,
      "rows_read": 0,
      "rows_written": 2,
      "total_attempts": 1
    }
  }
]
UNIQUE GUARD OK: OR REPLACE primary key -> scratch_unique_guard_rejected
UNIQUE GUARD OK: OR IGNORE primary key -> scratch_unique_guard_rejected
UNIQUE GUARD OK: OR REPLACE alternate key -> scratch_unique_guard_rejected
UNIQUE GUARD OK: OR IGNORE alternate key -> scratch_unique_guard_rejected

 ⛅️ wrangler 4.127.1 (update available 4.132.0)
───────────────────────────────────────────────
Resource location: remote 

🌀 Executing on remote database jarvis-scratch-rehearsal-0916h (f9eacdbc-9861-486d-bd68-cc7ade31adc6):
🌀 To execute on your local development database, remove the --remote flag from your wrangler command.
🚣 Executed 1 command in 0.17ms
[
  {
    "results": [
      {
        "result": "UNIQUE ROW OK: first/one preserved."
      }
    ],
    "success": true,
    "meta": {
      "served_by": "v3-prod",
      "served_by_region": "ENAM",
      "served_by_colo": "ORD",
      "served_by_primary": true,
      "timings": {
        "sql_duration_ms": 0.1733
      },
      "duration": 0.1733,
      "changes": 0,
      "last_row_id": 28,
      "changed_db": false,
      "size_after": 2023424,
      "rows_read": 1,
      "rows_written": 0,
      "total_attempts": 1
    }
  }
]
===== RUNBOOK STEP 8 =====
PROMPT: Confirmed non-production scratch D1 name
PROMPT: Absolute SCRATCH CONFIG OUTSIDE REPO path from step 2

 ⛅️ wrangler 4.127.1 (update available 4.132.0)
───────────────────────────────────────────────
Resource location: remote 

🌀 Executing on remote database jarvis-scratch-rehearsal-0916h (f9eacdbc-9861-486d-bd68-cc7ade31adc6):
🌀 To execute on your local development database, remove the --remote flag from your wrangler command.

X [ERROR] A request to the Cloudflare API (/accounts/<account>/d1/database/f9eacdbc-9861-486d-bd68-cc7ade31adc6/query) failed.

  incomplete input: SQLITE_ERROR [code: 7500]
  
  If you think this is a bug, please open an issue at: https://github.com/cloudflare/workers-sdk/issues/new/choose


🪵  Logs were written to "C:\Users\Sid\AppData\Roaming\xdg.config\.wrangler\logs\wrangler-2026-09-16_18-10-09_745.log"
CASE RAISE CHECK OK: incomplete input: SQLITE_ERROR [code: 7500]
===== RUNBOOK STEP 9 =====
PROMPT: Confirmed non-production scratch D1 name to delete
PROMPT: Absolute SCRATCH CONFIG OUTSIDE REPO path from step 2
DELETE TARGET: jarvis-scratch-rehearsal-0916h is disposable scratch, not production.
PROMPT: Read DELETE TARGET aloud, then re-enter the exact scratch name

 ⛅️ wrangler 4.127.1 (update available 4.132.0)
───────────────────────────────────────────────
Resource location: remote 

🌀 Executing on remote database jarvis-scratch-rehearsal-0916h (f9eacdbc-9861-486d-bd68-cc7ade31adc6):
🌀 To execute on your local development database, remove the --remote flag from your wrangler command.
🚣 Executed 3 commands in 1.05ms
[
  {
    "results": [],
    "success": true,
    "meta": {
      "served_by": "v3-prod",
      "served_by_region": "ENAM",
      "served_by_colo": "ORD",
      "served_by_primary": true,
      "timings": {
        "sql_duration_ms": 0.1189
      },
      "duration": 0.1189,
      "changes": 0,
      "last_row_id": 28,
      "changed_db": false,
      "size_after": 2023424,
      "rows_read": 0,
      "rows_written": 0,
      "total_attempts": 1
    }
  },
  {
    "results": [],
    "success": true,
    "meta": {
      "served_by": "v3-prod",
      "served_by_region": "ENAM",
      "served_by_colo": "ORD",
      "served_by_primary": true,
      "timings": {
        "sql_duration_ms": 0.5516
      },
      "duration": 0.5516,
      "changes": 0,
      "last_row_id": 28,
      "changed_db": false,
      "size_after": 2023424,
      "rows_read": 714,
      "rows_written": 0,
      "total_attempts": 1
    }
  },
  {
    "results": [],
    "success": true,
    "meta": {
      "served_by": "v3-prod",
      "served_by_region": "ENAM",
      "served_by_colo": "ORD",
      "served_by_primary": true,
      "timings": {
        "sql_duration_ms": 0.3801
      },
      "duration": 0.3801,
      "changes": 0,
      "last_row_id": 28,
      "changed_db": true,
      "size_after": 2015232,
      "rows_read": 715,
      "rows_written": 0,
      "total_attempts": 1
    }
  }
]

 ⛅️ wrangler 4.127.1 (update available 4.132.0)
───────────────────────────────────────────────
Resource location: remote 

About to delete remote database DB 'jarvis-scratch-rehearsal-0916h' (f9eacdbc-9861-486d-bd68-cc7ade31adc6).
This action is irreversible and will permanently delete all data in the database.

Deleting...
Deleted 'jarvis-scratch-rehearsal-0916h' successfully.
SCRATCH DELETE OK: jarvis-scratch-rehearsal-0916h
SCRATCH CONFIG DELETE OK: C:\Users\Sid\AppData\Local\Temp\jarvis-jarvis-scratch-rehearsal-0916h-63cbd6f2766a49c2b28177889b740f70.toml
EXIT 0
