START 2026-09-16 17:46:37Z commit 7bb4162 PR71 runbook with only id-regex and delete -y
===== RUNBOOK STEP 2 =====
PROMPT: New throwaway D1 name containing 'scratch'
TARGET: jarvis-scratch-rehearsal-0916g is disposable scratch, not production.
PROMPT: Read TARGET aloud, then re-enter the exact scratch name

 ⛅️ wrangler 4.127.1 (update available 4.132.0)
───────────────────────────────────────────────
✅ Successfully created DB 'jarvis-scratch-rehearsal-0916g' in region ENAM
Created your new D1 database.

To access your new D1 Database in your Worker, add the following snippet to your configuration file:
{
  "d1_databases": [
    {
      "binding": "jarvis_scratch_rehearsal_0916g",
      "database_name": "jarvis-scratch-rehearsal-0916g",
      "database_id": "ad4c1042-3263-43f7-b93c-9646ed36a001"
    }
  ]
}
SCRATCH CREATE OK: jarvis-scratch-rehearsal-0916g
SCRATCH CONFIG OUTSIDE REPO: C:\Users\Sid\AppData\Local\Temp\jarvis-jarvis-scratch-rehearsal-0916g-d1c04b724090480b978f9857177dee1f.toml
===== RUNBOOK STEP 3 =====
✔ the scratch baseline invokes Wrangler through Node and keeps each SQL statement in one command argument (1.1475ms)
✔ the scratch baseline loader uses the shared splitter for a trigger-bearing migration (2.3768ms)
✔ the baseline script builds the 0015-equivalent schema from an empty database through the shared splitter (39.389ms)
✔ the candidate range begins at 0016 with unique ordered sequences and includes the reviewed 0016 through 0025 prefix (0.4978ms)
✔ candidate discovery accepts and reports a reserved sequence gap (1.2251ms)
✔ candidate discovery refuses duplicate sequence numbers (7.6217ms)
✔ candidate discovery refuses a range that does not begin at 0016 (1.0782ms)
✔ candidate discovery refuses a sub-0016 file that is not the complete baseline (1.3768ms)
✔ the scratch baseline stops without recording a receipt when a statement fails (0.2769ms)
ℹ tests 9
ℹ suites 0
ℹ pass 9
ℹ fail 0
ℹ cancelled 0
ℹ skipped 0
ℹ todo 0
ℹ duration_ms 117.6493
PROMPT: Confirmed non-production scratch D1 name
PROMPT: Absolute SCRATCH CONFIG OUTSIDE REPO path from step 2

 ⛅️ wrangler 4.127.1 (update available 4.132.0)
───────────────────────────────────────────────
Resource location: remote 

🌀 Executing on remote database jarvis-scratch-rehearsal-0916g (ad4c1042-3263-43f7-b93c-9646ed36a001):
🌀 To execute on your local development database, remove the --remote flag from your wrangler command.
🚣 Executed 1 command in 1.17ms
[
  {
    "results": [],
    "success": true,
    "meta": {
      "served_by": "v3-prod",
      "served_by_region": "ENAM",
      "served_by_colo": "EWR",
      "served_by_primary": true,
      "timings": {
        "sql_duration_ms": 1.1667
      },
      "duration": 1.1667,
      "changes": 0,
      "last_row_id": 0,
      "changed_db": true,
      "size_after": 24576,
      "rows_read": 2,
      "rows_written": 5,
      "total_attempts": 1
    }
  }
]
Applying 0001_foundation.sql: 53 split statements.

 ⛅️ wrangler 4.127.1 (update available 4.132.0)
───────────────────────────────────────────────
Resource location: remote 

🌀 Executing on remote database jarvis-scratch-rehearsal-0916g (ad4c1042-3263-43f7-b93c-9646ed36a001):
🌀 To execute on your local development database, remove the --remote flag from your wrangler command.
🚣 Executed 1 command in 0.16ms
[
  {
    "results": [],
    "success": true,
    "meta": {
      "served_by": "v3-prod",
      "served_by_region": "ENAM",
      "served_by_colo": "EWR",
      "served_by_primary": true,
      "timings": {
        "sql_duration_ms": 0.1602
      },
      "duration": 0.1602,
      "changes": 0,
      "last_row_id": 0,
      "changed_db": false,
      "size_after": 24576,
      "rows_read": 0,
      "rows_written": 0,
      "total_attempts": 1
    }
  }
]

 ⛅️ wrangler 4.127.1 (update available 4.132.0)
───────────────────────────────────────────────
Resource location: remote 

🌀 Executing on remote database jarvis-scratch-rehearsal-0916g (ad4c1042-3263-43f7-b93c-9646ed36a001):
🌀 To execute on your local development database, remove the --remote flag from your wrangler command.
🚣 Executed 1 command in 0.29ms
[
  {
    "results": [],
    "success": true,
    "meta": {
      "served_by": "v3-prod",
      "served_by_region": "ENAM",
      "served_by_colo": "EWR",
      "served_by_primary": true,
      "timings": {
        "sql_duration_ms": 0.2946
      },
      "duration": 0.2946,
      "changes": 0,
      "last_row_id": 0,
      "changed_db": true,
      "size_after": 32768,
      "rows_read": 1,
      "rows_written": 3,
      "total_attempts": 1
    }
  }
]

 ⛅️ wrangler 4.127.1 (update available 4.132.0)
───────────────────────────────────────────────
Resource location: remote 

🌀 Executing on remote database jarvis-scratch-rehearsal-0916g (ad4c1042-3263-43f7-b93c-9646ed36a001):
🌀 To execute on your local development database, remove the --remote flag from your wrangler command.
🚣 Executed 1 command in 0.23ms
[
  {
    "results": [],
    "success": true,
    "meta": {
      "served_by": "v3-prod",
      "served_by_region": "ENAM",
      "served_by_colo": "EWR",
      "served_by_primary": true,
      "timings": {
        "sql_duration_ms": 0.2256
      },
      "duration": 0.2256,
      "changes": 0,
      "last_row_id": 0,
      "changed_db": true,
      "size_after": 36864,
      "rows_read": 2,
      "rows_written": 1,
      "total_attempts": 1
    }
  }
]

 ⛅️ wrangler 4.127.1 (update available 4.132.0)
───────────────────────────────────────────────
Resource location: remote 

🌀 Executing on remote database jarvis-scratch-rehearsal-0916g (ad4c1042-3263-43f7-b93c-9646ed36a001):
🌀 To execute on your local development database, remove the --remote flag from your wrangler command.
🚣 Executed 1 command in 0.48ms
[
  {
    "results": [],
    "success": true,
    "meta": {
      "served_by": "v3-prod",
      "served_by_region": "ENAM",
      "served_by_colo": "EWR",
      "served_by_primary": true,
      "timings": {
        "sql_duration_ms": 0.4761
      },
      "duration": 0.4761,
      "changes": 0,
      "last_row_id": 0,
      "changed_db": true,
      "size_after": 65536,
      "rows_read": 1,
      "rows_written": 8,
      "total_attempts": 1
    }
  }
]

 ⛅️ wrangler 4.127.1 (update available 4.132.0)
───────────────────────────────────────────────
Resource location: remote 

🌀 Executing on remote database jarvis-scratch-rehearsal-0916g (ad4c1042-3263-43f7-b93c-9646ed36a001):
🌀 To execute on your local development database, remove the --remote flag from your wrangler command.
🚣 Executed 1 command in 0.25ms
[
  {
    "results": [],
    "success": true,
    "meta": {
      "served_by": "v3-prod",
      "served_by_region": "ENAM",
      "served_by_colo": "EWR",
      "served_by_primary": true,
      "timings": {
        "sql_duration_ms": 0.2467
      },
      "duration": 0.2467,
      "changes": 0,
      "last_row_id": 0,
      "changed_db": true,
      "size_after": 69632,
      "rows_read": 2,
      "rows_written": 1,
      "total_attempts": 1
    }
  }
]

 ⛅️ wrangler 4.127.1 (update available 4.132.0)
───────────────────────────────────────────────
Resource location: remote 

🌀 Executing on remote database jarvis-scratch-rehearsal-0916g (ad4c1042-3263-43f7-b93c-9646ed36a001):
🌀 To execute on your local development database, remove the --remote flag from your wrangler command.
🚣 Executed 1 command in 0.39ms
[
  {
    "results": [],
    "success": true,
    "meta": {
      "served_by": "v3-prod",
      "served_by_region": "ENAM",
      "served_by_colo": "EWR",
      "served_by_primary": true,
      "timings": {
        "sql_duration_ms": 0.3862
      },
      "duration": 0.3862,
      "changes": 0,
      "last_row_id": 0,
      "changed_db": true,
      "size_after": 81920,
      "rows_read": 1,
      "rows_written": 4,
      "total_attempts": 1
    }
  }
]

 ⛅️ wrangler 4.127.1 (update available 4.132.0)
───────────────────────────────────────────────
Resource location: remote 

🌀 Executing on remote database jarvis-scratch-rehearsal-0916g (ad4c1042-3263-43f7-b93c-9646ed36a001):
🌀 To execute on your local development database, remove the --remote flag from your wrangler command.
🚣 Executed 1 command in 0.33ms
[
  {
    "results": [],
    "success": true,
    "meta": {
      "served_by": "v3-prod",
      "served_by_region": "ENAM",
      "served_by_colo": "EWR",
      "served_by_primary": true,
      "timings": {
        "sql_duration_ms": 0.3327
      },
      "duration": 0.3327,
      "changes": 0,
      "last_row_id": 0,
      "changed_db": true,
      "size_after": 86016,
      "rows_read": 2,
      "rows_written": 1,
      "total_attempts": 1
    }
  }
]

 ⛅️ wrangler 4.127.1 (update available 4.132.0)
───────────────────────────────────────────────
Resource location: remote 

🌀 Executing on remote database jarvis-scratch-rehearsal-0916g (ad4c1042-3263-43f7-b93c-9646ed36a001):
🌀 To execute on your local development database, remove the --remote flag from your wrangler command.
🚣 Executed 1 command in 0.46ms
[
  {
    "results": [],
    "success": true,
    "meta": {
      "served_by": "v3-prod",
      "served_by_region": "ENAM",
      "served_by_colo": "EWR",
      "served_by_primary": true,
      "timings": {
        "sql_duration_ms": 0.4647
      },
      "duration": 0.4647,
      "changes": 0,
      "last_row_id": 0,
      "changed_db": true,
      "size_after": 102400,
      "rows_read": 1,
      "rows_written": 3,
      "total_attempts": 1
    }
  }
]

 ⛅️ wrangler 4.127.1 (update available 4.132.0)
───────────────────────────────────────────────
Resource location: remote 

🌀 Executing on remote database jarvis-scratch-rehearsal-0916g (ad4c1042-3263-43f7-b93c-9646ed36a001):
🌀 To execute on your local development database, remove the --remote flag from your wrangler command.
🚣 Executed 1 command in 0.38ms
[
  {
    "results": [],
    "success": true,
    "meta": {
      "served_by": "v3-prod",
      "served_by_region": "ENAM",
      "served_by_colo": "EWR",
      "served_by_primary": true,
      "timings": {
        "sql_duration_ms": 0.3782
      },
      "duration": 0.3782,
      "changes": 0,
      "last_row_id": 0,
      "changed_db": true,
      "size_after": 106496,
      "rows_read": 2,
      "rows_written": 1,
      "total_attempts": 1
    }
  }
]

 ⛅️ wrangler 4.127.1 (update available 4.132.0)
───────────────────────────────────────────────
Resource location: remote 

🌀 Executing on remote database jarvis-scratch-rehearsal-0916g (ad4c1042-3263-43f7-b93c-9646ed36a001):
🌀 To execute on your local development database, remove the --remote flag from your wrangler command.
🚣 Executed 1 command in 0.40ms
[
  {
    "results": [],
    "success": true,
    "meta": {
      "served_by": "v3-prod",
      "served_by_region": "ENAM",
      "served_by_colo": "EWR",
      "served_by_primary": true,
      "timings": {
        "sql_duration_ms": 0.3975
      },
      "duration": 0.3975,
      "changes": 0,
      "last_row_id": 0,
      "changed_db": false,
      "size_after": 106496,
      "rows_read": 0,
      "rows_written": 1,
      "total_attempts": 1
    }
  }
]

 ⛅️ wrangler 4.127.1 (update available 4.132.0)
───────────────────────────────────────────────
Resource location: remote 

🌀 Executing on remote database jarvis-scratch-rehearsal-0916g (ad4c1042-3263-43f7-b93c-9646ed36a001):
🌀 To execute on your local development database, remove the --remote flag from your wrangler command.
🚣 Executed 1 command in 0.41ms
[
  {
    "results": [],
    "success": true,
    "meta": {
      "served_by": "v3-prod",
      "served_by_region": "ENAM",
      "served_by_colo": "EWR",
      "served_by_primary": true,
      "timings": {
        "sql_duration_ms": 0.411
      },
      "duration": 0.411,
      "changes": 0,
      "last_row_id": 0,
      "changed_db": true,
      "size_after": 114688,
      "rows_read": 1,
      "rows_written": 3,
      "total_attempts": 1
    }
  }
]

 ⛅️ wrangler 4.127.1 (update available 4.132.0)
───────────────────────────────────────────────
Resource location: remote 

🌀 Executing on remote database jarvis-scratch-rehearsal-0916g (ad4c1042-3263-43f7-b93c-9646ed36a001):
🌀 To execute on your local development database, remove the --remote flag from your wrangler command.
🚣 Executed 1 command in 0.38ms
[
  {
    "results": [],
    "success": true,
    "meta": {
      "served_by": "v3-prod",
      "served_by_region": "ENAM",
      "served_by_colo": "EWR",
      "served_by_primary": true,
      "timings": {
        "sql_duration_ms": 0.3847
      },
      "duration": 0.3847,
      "changes": 0,
      "last_row_id": 0,
      "changed_db": true,
      "size_after": 118784,
      "rows_read": 2,
      "rows_written": 1,
      "total_attempts": 1
    }
  }
]

 ⛅️ wrangler 4.127.1 (update available 4.132.0)
───────────────────────────────────────────────
Resource location: remote 

🌀 Executing on remote database jarvis-scratch-rehearsal-0916g (ad4c1042-3263-43f7-b93c-9646ed36a001):
🌀 To execute on your local development database, remove the --remote flag from your wrangler command.
🚣 Executed 1 command in 0.26ms
[
  {
    "results": [],
    "success": true,
    "meta": {
      "served_by": "v3-prod",
      "served_by_region": "ENAM",
      "served_by_colo": "EWR",
      "served_by_primary": true,
      "timings": {
        "sql_duration_ms": 0.263
      },
      "duration": 0.263,
      "changes": 0,
      "last_row_id": 0,
      "changed_db": true,
      "size_after": 122880,
      "rows_read": 2,
      "rows_written": 1,
      "total_attempts": 1
    }
  }
]

 ⛅️ wrangler 4.127.1 (update available 4.132.0)
───────────────────────────────────────────────
Resource location: remote 

🌀 Executing on remote database jarvis-scratch-rehearsal-0916g (ad4c1042-3263-43f7-b93c-9646ed36a001):
🌀 To execute on your local development database, remove the --remote flag from your wrangler command.
🚣 Executed 1 command in 0.48ms
[
  {
    "results": [],
    "success": true,
    "meta": {
      "served_by": "v3-prod",
      "served_by_region": "ENAM",
      "served_by_colo": "EWR",
      "served_by_primary": true,
      "timings": {
        "sql_duration_ms": 0.4833
      },
      "duration": 0.4833,
      "changes": 0,
      "last_row_id": 0,
      "changed_db": true,
      "size_after": 135168,
      "rows_read": 1,
      "rows_written": 4,
      "total_attempts": 1
    }
  }
]

 ⛅️ wrangler 4.127.1 (update available 4.132.0)
───────────────────────────────────────────────
Resource location: remote 

🌀 Executing on remote database jarvis-scratch-rehearsal-0916g (ad4c1042-3263-43f7-b93c-9646ed36a001):
🌀 To execute on your local development database, remove the --remote flag from your wrangler command.
🚣 Executed 1 command in 0.26ms
[
  {
    "results": [],
    "success": true,
    "meta": {
      "served_by": "v3-prod",
      "served_by_region": "ENAM",
      "served_by_colo": "EWR",
      "served_by_primary": true,
      "timings": {
        "sql_duration_ms": 0.2572
      },
      "duration": 0.2572,
      "changes": 0,
      "last_row_id": 0,
      "changed_db": true,
      "size_after": 151552,
      "rows_read": 1,
      "rows_written": 4,
      "total_attempts": 1
    }
  }
]

 ⛅️ wrangler 4.127.1 (update available 4.132.0)
───────────────────────────────────────────────
Resource location: remote 

🌀 Executing on remote database jarvis-scratch-rehearsal-0916g (ad4c1042-3263-43f7-b93c-9646ed36a001):
🌀 To execute on your local development database, remove the --remote flag from your wrangler command.
🚣 Executed 1 command in 0.39ms
[
  {
    "results": [],
    "success": true,
    "meta": {
      "served_by": "v3-prod",
      "served_by_region": "ENAM",
      "served_by_colo": "EWR",
      "served_by_primary": true,
      "timings": {
        "sql_duration_ms": 0.3882
      },
      "duration": 0.3882,
      "changes": 0,
      "last_row_id": 0,
      "changed_db": true,
      "size_after": 155648,
      "rows_read": 2,
      "rows_written": 1,
      "total_attempts": 1
    }
  }
]

 ⛅️ wrangler 4.127.1 (update available 4.132.0)
───────────────────────────────────────────────
Resource location: remote 

🌀 Executing on remote database jarvis-scratch-rehearsal-0916g (ad4c1042-3263-43f7-b93c-9646ed36a001):
🌀 To execute on your local development database, remove the --remote flag from your wrangler command.
🚣 Executed 1 command in 0.26ms
[
  {
    "results": [],
    "success": true,
    "meta": {
      "served_by": "v3-prod",
      "served_by_region": "ENAM",
      "served_by_colo": "EWR",
      "served_by_primary": true,
      "timings": {
        "sql_duration_ms": 0.2573
      },
      "duration": 0.2573,
      "changes": 0,
      "last_row_id": 0,
      "changed_db": true,
      "size_after": 163840,
      "rows_read": 1,
      "rows_written": 3,
      "total_attempts": 1
    }
  }
]

 ⛅️ wrangler 4.127.1 (update available 4.132.0)
───────────────────────────────────────────────
Resource location: remote 

🌀 Executing on remote database jarvis-scratch-rehearsal-0916g (ad4c1042-3263-43f7-b93c-9646ed36a001):
🌀 To execute on your local development database, remove the --remote flag from your wrangler command.
🚣 Executed 1 command in 0.44ms
[
  {
    "results": [],
    "success": true,
    "meta": {
      "served_by": "v3-prod",
      "served_by_region": "ENAM",
      "served_by_colo": "EWR",
      "served_by_primary": true,
      "timings": {
        "sql_duration_ms": 0.4358
      },
      "duration": 0.4358,
      "changes": 0,
      "last_row_id": 0,
      "changed_db": true,
      "size_after": 176128,
      "rows_read": 1,
      "rows_written": 4,
      "total_attempts": 1
    }
  }
]

 ⛅️ wrangler 4.127.1 (update available 4.132.0)
───────────────────────────────────────────────
Resource location: remote 

🌀 Executing on remote database jarvis-scratch-rehearsal-0916g (ad4c1042-3263-43f7-b93c-9646ed36a001):
🌀 To execute on your local development database, remove the --remote flag from your wrangler command.
🚣 Executed 1 command in 0.32ms
[
  {
    "results": [],
    "success": true,
    "meta": {
      "served_by": "v3-prod",
      "served_by_region": "ENAM",
      "served_by_colo": "EWR",
      "served_by_primary": true,
      "timings": {
        "sql_duration_ms": 0.3195
      },
      "duration": 0.3195,
      "changes": 0,
      "last_row_id": 0,
      "changed_db": true,
      "size_after": 180224,
      "rows_read": 2,
      "rows_written": 1,
      "total_attempts": 1
    }
  }
]

 ⛅️ wrangler 4.127.1 (update available 4.132.0)
───────────────────────────────────────────────
Resource location: remote 

🌀 Executing on remote database jarvis-scratch-rehearsal-0916g (ad4c1042-3263-43f7-b93c-9646ed36a001):
🌀 To execute on your local development database, remove the --remote flag from your wrangler command.
🚣 Executed 1 command in 0.28ms
[
  {
    "results": [],
    "success": true,
    "meta": {
      "served_by": "v3-prod",
      "served_by_region": "ENAM",
      "served_by_colo": "EWR",
      "served_by_primary": true,
      "timings": {
        "sql_duration_ms": 0.2836
      },
      "duration": 0.2836,
      "changes": 0,
      "last_row_id": 0,
      "changed_db": true,
      "size_after": 184320,
      "rows_read": 2,
      "rows_written": 1,
      "total_attempts": 1
    }
  }
]

 ⛅️ wrangler 4.127.1 (update available 4.132.0)
───────────────────────────────────────────────
Resource location: remote 

🌀 Executing on remote database jarvis-scratch-rehearsal-0916g (ad4c1042-3263-43f7-b93c-9646ed36a001):
🌀 To execute on your local development database, remove the --remote flag from your wrangler command.
🚣 Executed 1 command in 0.43ms
[
  {
    "results": [],
    "success": true,
    "meta": {
      "served_by": "v3-prod",
      "served_by_region": "ENAM",
      "served_by_colo": "EWR",
      "served_by_primary": true,
      "timings": {
        "sql_duration_ms": 0.4297
      },
      "duration": 0.4297,
      "changes": 0,
      "last_row_id": 0,
      "changed_db": true,
      "size_after": 200704,
      "rows_read": 1,
      "rows_written": 4,
      "total_attempts": 1
    }
  }
]

 ⛅️ wrangler 4.127.1 (update available 4.132.0)
───────────────────────────────────────────────
Resource location: remote 

🌀 Executing on remote database jarvis-scratch-rehearsal-0916g (ad4c1042-3263-43f7-b93c-9646ed36a001):
🌀 To execute on your local development database, remove the --remote flag from your wrangler command.
🚣 Executed 1 command in 0.33ms
[
  {
    "results": [],
    "success": true,
    "meta": {
      "served_by": "v3-prod",
      "served_by_region": "ENAM",
      "served_by_colo": "EWR",
      "served_by_primary": true,
      "timings": {
        "sql_duration_ms": 0.3283
      },
      "duration": 0.3283,
      "changes": 0,
      "last_row_id": 0,
      "changed_db": true,
      "size_after": 204800,
      "rows_read": 2,
      "rows_written": 1,
      "total_attempts": 1
    }
  }
]

 ⛅️ wrangler 4.127.1 (update available 4.132.0)
───────────────────────────────────────────────
Resource location: remote 

🌀 Executing on remote database jarvis-scratch-rehearsal-0916g (ad4c1042-3263-43f7-b93c-9646ed36a001):
🌀 To execute on your local development database, remove the --remote flag from your wrangler command.
🚣 Executed 1 command in 0.37ms
[
  {
    "results": [],
    "success": true,
    "meta": {
      "served_by": "v3-prod",
      "served_by_region": "ENAM",
      "served_by_colo": "EWR",
      "served_by_primary": true,
      "timings": {
        "sql_duration_ms": 0.3656
      },
      "duration": 0.3656,
      "changes": 0,
      "last_row_id": 0,
      "changed_db": false,
      "size_after": 204800,
      "rows_read": 0,
      "rows_written": 1,
      "total_attempts": 1
    }
  }
]

 ⛅️ wrangler 4.127.1 (update available 4.132.0)
───────────────────────────────────────────────
Resource location: remote 

🌀 Executing on remote database jarvis-scratch-rehearsal-0916g (ad4c1042-3263-43f7-b93c-9646ed36a001):
🌀 To execute on your local development database, remove the --remote flag from your wrangler command.
🚣 Executed 1 command in 0.38ms
[
  {
    "results": [],
    "success": true,
    "meta": {
      "served_by": "v3-prod",
      "served_by_region": "ENAM",
      "served_by_colo": "EWR",
      "served_by_primary": true,
      "timings": {
        "sql_duration_ms": 0.3754
      },
      "duration": 0.3754,
      "changes": 0,
      "last_row_id": 0,
      "changed_db": true,
      "size_after": 217088,
      "rows_read": 1,
      "rows_written": 4,
      "total_attempts": 1
    }
  }
]

 ⛅️ wrangler 4.127.1 (update available 4.132.0)
───────────────────────────────────────────────
Resource location: remote 

🌀 Executing on remote database jarvis-scratch-rehearsal-0916g (ad4c1042-3263-43f7-b93c-9646ed36a001):
🌀 To execute on your local development database, remove the --remote flag from your wrangler command.
🚣 Executed 1 command in 0.27ms
[
  {
    "results": [],
    "success": true,
    "meta": {
      "served_by": "v3-prod",
      "served_by_region": "ENAM",
      "served_by_colo": "EWR",
      "served_by_primary": true,
      "timings": {
        "sql_duration_ms": 0.2677
      },
      "duration": 0.2677,
      "changes": 0,
      "last_row_id": 0,
      "changed_db": true,
      "size_after": 221184,
      "rows_read": 2,
      "rows_written": 1,
      "total_attempts": 1
    }
  }
]

 ⛅️ wrangler 4.127.1 (update available 4.132.0)
───────────────────────────────────────────────
Resource location: remote 

🌀 Executing on remote database jarvis-scratch-rehearsal-0916g (ad4c1042-3263-43f7-b93c-9646ed36a001):
🌀 To execute on your local development database, remove the --remote flag from your wrangler command.
🚣 Executed 1 command in 0.44ms
[
  {
    "results": [],
    "success": true,
    "meta": {
      "served_by": "v3-prod",
      "served_by_region": "ENAM",
      "served_by_colo": "EWR",
      "served_by_primary": true,
      "timings": {
        "sql_duration_ms": 0.44
      },
      "duration": 0.44,
      "changes": 0,
      "last_row_id": 0,
      "changed_db": true,
      "size_after": 233472,
      "rows_read": 1,
      "rows_written": 4,
      "total_attempts": 1
    }
  }
]

 ⛅️ wrangler 4.127.1 (update available 4.132.0)
───────────────────────────────────────────────
Resource location: remote 

🌀 Executing on remote database jarvis-scratch-rehearsal-0916g (ad4c1042-3263-43f7-b93c-9646ed36a001):
🌀 To execute on your local development database, remove the --remote flag from your wrangler command.
🚣 Executed 1 command in 0.49ms
[
  {
    "results": [],
    "success": true,
    "meta": {
      "served_by": "v3-prod",
      "served_by_region": "ENAM",
      "served_by_colo": "EWR",
      "served_by_primary": true,
      "timings": {
        "sql_duration_ms": 0.4913
      },
      "duration": 0.4913,
      "changes": 0,
      "last_row_id": 0,
      "changed_db": true,
      "size_after": 237568,
      "rows_read": 2,
      "rows_written": 1,
      "total_attempts": 1
    }
  }
]

 ⛅️ wrangler 4.127.1 (update available 4.132.0)
───────────────────────────────────────────────
Resource location: remote 

🌀 Executing on remote database jarvis-scratch-rehearsal-0916g (ad4c1042-3263-43f7-b93c-9646ed36a001):
🌀 To execute on your local development database, remove the --remote flag from your wrangler command.
🚣 Executed 1 command in 0.49ms
[
  {
    "results": [],
    "success": true,
    "meta": {
      "served_by": "v3-prod",
      "served_by_region": "ENAM",
      "served_by_colo": "EWR",
      "served_by_primary": true,
      "timings": {
        "sql_duration_ms": 0.4946
      },
      "duration": 0.4946,
      "changes": 0,
      "last_row_id": 0,
      "changed_db": true,
      "size_after": 249856,
      "rows_read": 1,
      "rows_written": 3,
      "total_attempts": 1
    }
  }
]

 ⛅️ wrangler 4.127.1 (update available 4.132.0)
───────────────────────────────────────────────
Resource location: remote 

🌀 Executing on remote database jarvis-scratch-rehearsal-0916g (ad4c1042-3263-43f7-b93c-9646ed36a001):
🌀 To execute on your local development database, remove the --remote flag from your wrangler command.
🚣 Executed 1 command in 0.61ms
[
  {
    "results": [],
    "success": true,
    "meta": {
      "served_by": "v3-prod",
      "served_by_region": "ENAM",
      "served_by_colo": "EWR",
      "served_by_primary": true,
      "timings": {
        "sql_duration_ms": 0.613
      },
      "duration": 0.613,
      "changes": 0,
      "last_row_id": 0,
      "changed_db": true,
      "size_after": 253952,
      "rows_read": 2,
      "rows_written": 1,
      "total_attempts": 1
    }
  }
]

 ⛅️ wrangler 4.127.1 (update available 4.132.0)
───────────────────────────────────────────────
Resource location: remote 

🌀 Executing on remote database jarvis-scratch-rehearsal-0916g (ad4c1042-3263-43f7-b93c-9646ed36a001):
🌀 To execute on your local development database, remove the --remote flag from your wrangler command.
🚣 Executed 1 command in 0.30ms
[
  {
    "results": [],
    "success": true,
    "meta": {
      "served_by": "v3-prod",
      "served_by_region": "ENAM",
      "served_by_colo": "EWR",
      "served_by_primary": true,
      "timings": {
        "sql_duration_ms": 0.3022
      },
      "duration": 0.3022,
      "changes": 0,
      "last_row_id": 0,
      "changed_db": true,
      "size_after": 258048,
      "rows_read": 1,
      "rows_written": 2,
      "total_attempts": 1
    }
  }
]

 ⛅️ wrangler 4.127.1 (update available 4.132.0)
───────────────────────────────────────────────
Resource location: remote 

🌀 Executing on remote database jarvis-scratch-rehearsal-0916g (ad4c1042-3263-43f7-b93c-9646ed36a001):
🌀 To execute on your local development database, remove the --remote flag from your wrangler command.
🚣 Executed 1 command in 0.27ms
[
  {
    "results": [],
    "success": true,
    "meta": {
      "served_by": "v3-prod",
      "served_by_region": "ENAM",
      "served_by_colo": "EWR",
      "served_by_primary": true,
      "timings": {
        "sql_duration_ms": 0.2699
      },
      "duration": 0.2699,
      "changes": 1,
      "last_row_id": 1,
      "changed_db": true,
      "size_after": 258048,
      "rows_read": 1,
      "rows_written": 1,
      "total_attempts": 1
    }
  }
]

 ⛅️ wrangler 4.127.1 (update available 4.132.0)
───────────────────────────────────────────────
Resource location: remote 

🌀 Executing on remote database jarvis-scratch-rehearsal-0916g (ad4c1042-3263-43f7-b93c-9646ed36a001):
🌀 To execute on your local development database, remove the --remote flag from your wrangler command.
🚣 Executed 1 command in 0.36ms
[
  {
    "results": [],
    "success": true,
    "meta": {
      "served_by": "v3-prod",
      "served_by_region": "ENAM",
      "served_by_colo": "EWR",
      "served_by_primary": true,
      "timings": {
        "sql_duration_ms": 0.3562
      },
      "duration": 0.3562,
      "changes": 0,
      "last_row_id": 1,
      "changed_db": true,
      "size_after": 278528,
      "rows_read": 1,
      "rows_written": 6,
      "total_attempts": 1
    }
  }
]

 ⛅️ wrangler 4.127.1 (update available 4.132.0)
───────────────────────────────────────────────
Resource location: remote 

🌀 Executing on remote database jarvis-scratch-rehearsal-0916g (ad4c1042-3263-43f7-b93c-9646ed36a001):
🌀 To execute on your local development database, remove the --remote flag from your wrangler command.
🚣 Executed 1 command in 0.35ms
[
  {
    "results": [],
    "success": true,
    "meta": {
      "served_by": "v3-prod",
      "served_by_region": "ENAM",
      "served_by_colo": "EWR",
      "served_by_primary": true,
      "timings": {
        "sql_duration_ms": 0.3469
      },
      "duration": 0.3469,
      "changes": 0,
      "last_row_id": 1,
      "changed_db": true,
      "size_after": 282624,
      "rows_read": 2,
      "rows_written": 1,
      "total_attempts": 1
    }
  }
]

 ⛅️ wrangler 4.127.1 (update available 4.132.0)
───────────────────────────────────────────────
Resource location: remote 

🌀 Executing on remote database jarvis-scratch-rehearsal-0916g (ad4c1042-3263-43f7-b93c-9646ed36a001):
🌀 To execute on your local development database, remove the --remote flag from your wrangler command.
🚣 Executed 1 command in 0.34ms
[
  {
    "results": [],
    "success": true,
    "meta": {
      "served_by": "v3-prod",
      "served_by_region": "ENAM",
      "served_by_colo": "EWR",
      "served_by_primary": true,
      "timings": {
        "sql_duration_ms": 0.3385
      },
      "duration": 0.3385,
      "changes": 0,
      "last_row_id": 1,
      "changed_db": true,
      "size_after": 303104,
      "rows_read": 1,
      "rows_written": 6,
      "total_attempts": 1
    }
  }
]

 ⛅️ wrangler 4.127.1 (update available 4.132.0)
───────────────────────────────────────────────
Resource location: remote 

🌀 Executing on remote database jarvis-scratch-rehearsal-0916g (ad4c1042-3263-43f7-b93c-9646ed36a001):
🌀 To execute on your local development database, remove the --remote flag from your wrangler command.
🚣 Executed 1 command in 0.36ms
[
  {
    "results": [],
    "success": true,
    "meta": {
      "served_by": "v3-prod",
      "served_by_region": "ENAM",
      "served_by_colo": "EWR",
      "served_by_primary": true,
      "timings": {
        "sql_duration_ms": 0.3626
      },
      "duration": 0.3626,
      "changes": 0,
      "last_row_id": 1,
      "changed_db": true,
      "size_after": 315392,
      "rows_read": 1,
      "rows_written": 4,
      "total_attempts": 1
    }
  }
]

 ⛅️ wrangler 4.127.1 (update available 4.132.0)
───────────────────────────────────────────────
Resource location: remote 

🌀 Executing on remote database jarvis-scratch-rehearsal-0916g (ad4c1042-3263-43f7-b93c-9646ed36a001):
🌀 To execute on your local development database, remove the --remote flag from your wrangler command.
🚣 Executed 1 command in 0.26ms
[
  {
    "results": [],
    "success": true,
    "meta": {
      "served_by": "v3-prod",
      "served_by_region": "ENAM",
      "served_by_colo": "EWR",
      "served_by_primary": true,
      "timings": {
        "sql_duration_ms": 0.2564
      },
      "duration": 0.2564,
      "changes": 0,
      "last_row_id": 1,
      "changed_db": true,
      "size_after": 323584,
      "rows_read": 2,
      "rows_written": 1,
      "total_attempts": 1
    }
  }
]

 ⛅️ wrangler 4.127.1 (update available 4.132.0)
───────────────────────────────────────────────
Resource location: remote 

🌀 Executing on remote database jarvis-scratch-rehearsal-0916g (ad4c1042-3263-43f7-b93c-9646ed36a001):
🌀 To execute on your local development database, remove the --remote flag from your wrangler command.
🚣 Executed 1 command in 1.67ms
[
  {
    "results": [],
    "success": true,
    "meta": {
      "served_by": "v3-prod",
      "served_by_region": "ENAM",
      "served_by_colo": "EWR",
      "served_by_primary": true,
      "timings": {
        "sql_duration_ms": 1.671
      },
      "duration": 1.671,
      "changes": 0,
      "last_row_id": 1,
      "changed_db": true,
      "size_after": 331776,
      "rows_read": 1,
      "rows_written": 3,
      "total_attempts": 1
    }
  }
]

 ⛅️ wrangler 4.127.1 (update available 4.132.0)
───────────────────────────────────────────────
Resource location: remote 

🌀 Executing on remote database jarvis-scratch-rehearsal-0916g (ad4c1042-3263-43f7-b93c-9646ed36a001):
🌀 To execute on your local development database, remove the --remote flag from your wrangler command.
🚣 Executed 1 command in 0.20ms
[
  {
    "results": [],
    "success": true,
    "meta": {
      "served_by": "v3-prod",
      "served_by_region": "ENAM",
      "served_by_colo": "EWR",
      "served_by_primary": true,
      "timings": {
        "sql_duration_ms": 0.2044
      },
      "duration": 0.2044,
      "changes": 0,
      "last_row_id": 1,
      "changed_db": false,
      "size_after": 331776,
      "rows_read": 0,
      "rows_written": 1,
      "total_attempts": 1
    }
  }
]

 ⛅️ wrangler 4.127.1 (update available 4.132.0)
───────────────────────────────────────────────
Resource location: remote 

🌀 Executing on remote database jarvis-scratch-rehearsal-0916g (ad4c1042-3263-43f7-b93c-9646ed36a001):
🌀 To execute on your local development database, remove the --remote flag from your wrangler command.
🚣 Executed 1 command in 0.28ms
[
  {
    "results": [],
    "success": true,
    "meta": {
      "served_by": "v3-prod",
      "served_by_region": "ENAM",
      "served_by_colo": "EWR",
      "served_by_primary": true,
      "timings": {
        "sql_duration_ms": 0.2847
      },
      "duration": 0.2847,
      "changes": 0,
      "last_row_id": 1,
      "changed_db": false,
      "size_after": 331776,
      "rows_read": 0,
      "rows_written": 1,
      "total_attempts": 1
    }
  }
]

 ⛅️ wrangler 4.127.1 (update available 4.132.0)
───────────────────────────────────────────────
Resource location: remote 

🌀 Executing on remote database jarvis-scratch-rehearsal-0916g (ad4c1042-3263-43f7-b93c-9646ed36a001):
🌀 To execute on your local development database, remove the --remote flag from your wrangler command.
🚣 Executed 1 command in 0.20ms
[
  {
    "results": [],
    "success": true,
    "meta": {
      "served_by": "v3-prod",
      "served_by_region": "ENAM",
      "served_by_colo": "EWR",
      "served_by_primary": true,
      "timings": {
        "sql_duration_ms": 0.2006
      },
      "duration": 0.2006,
      "changes": 0,
      "last_row_id": 1,
      "changed_db": false,
      "size_after": 331776,
      "rows_read": 0,
      "rows_written": 1,
      "total_attempts": 1
    }
  }
]

 ⛅️ wrangler 4.127.1 (update available 4.132.0)
───────────────────────────────────────────────
Resource location: remote 

🌀 Executing on remote database jarvis-scratch-rehearsal-0916g (ad4c1042-3263-43f7-b93c-9646ed36a001):
🌀 To execute on your local development database, remove the --remote flag from your wrangler command.
🚣 Executed 1 command in 0.26ms
[
  {
    "results": [],
    "success": true,
    "meta": {
      "served_by": "v3-prod",
      "served_by_region": "ENAM",
      "served_by_colo": "EWR",
      "served_by_primary": true,
      "timings": {
        "sql_duration_ms": 0.2623
      },
      "duration": 0.2623,
      "changes": 0,
      "last_row_id": 1,
      "changed_db": false,
      "size_after": 331776,
      "rows_read": 0,
      "rows_written": 1,
      "total_attempts": 1
    }
  }
]

 ⛅️ wrangler 4.127.1 (update available 4.132.0)
───────────────────────────────────────────────
Resource location: remote 

🌀 Executing on remote database jarvis-scratch-rehearsal-0916g (ad4c1042-3263-43f7-b93c-9646ed36a001):
🌀 To execute on your local development database, remove the --remote flag from your wrangler command.
🚣 Executed 1 command in 0.55ms
[
  {
    "results": [],
    "success": true,
    "meta": {
      "served_by": "v3-prod",
      "served_by_region": "ENAM",
      "served_by_colo": "EWR",
      "served_by_primary": true,
      "timings": {
        "sql_duration_ms": 0.548
      },
      "duration": 0.548,
      "changes": 0,
      "last_row_id": 1,
      "changed_db": false,
      "size_after": 331776,
      "rows_read": 0,
      "rows_written": 1,
      "total_attempts": 1
    }
  }
]

 ⛅️ wrangler 4.127.1 (update available 4.132.0)
───────────────────────────────────────────────
Resource location: remote 

🌀 Executing on remote database jarvis-scratch-rehearsal-0916g (ad4c1042-3263-43f7-b93c-9646ed36a001):
🌀 To execute on your local development database, remove the --remote flag from your wrangler command.
🚣 Executed 1 command in 0.51ms
[
  {
    "results": [],
    "success": true,
    "meta": {
      "served_by": "v3-prod",
      "served_by_region": "ENAM",
      "served_by_colo": "EWR",
      "served_by_primary": true,
      "timings": {
        "sql_duration_ms": 0.5134
      },
      "duration": 0.5134,
      "changes": 0,
      "last_row_id": 1,
      "changed_db": false,
      "size_after": 331776,
      "rows_read": 0,
      "rows_written": 1,
      "total_attempts": 1
    }
  }
]

 ⛅️ wrangler 4.127.1 (update available 4.132.0)
───────────────────────────────────────────────
Resource location: remote 

🌀 Executing on remote database jarvis-scratch-rehearsal-0916g (ad4c1042-3263-43f7-b93c-9646ed36a001):
🌀 To execute on your local development database, remove the --remote flag from your wrangler command.
🚣 Executed 1 command in 0.40ms
[
  {
    "results": [],
    "success": true,
    "meta": {
      "served_by": "v3-prod",
      "served_by_region": "ENAM",
      "served_by_colo": "EWR",
      "served_by_primary": true,
      "timings": {
        "sql_duration_ms": 0.3987
      },
      "duration": 0.3987,
      "changes": 0,
      "last_row_id": 1,
      "changed_db": false,
      "size_after": 331776,
      "rows_read": 0,
      "rows_written": 1,
      "total_attempts": 1
    }
  }
]

 ⛅️ wrangler 4.127.1 (update available 4.132.0)
───────────────────────────────────────────────
Resource location: remote 

🌀 Executing on remote database jarvis-scratch-rehearsal-0916g (ad4c1042-3263-43f7-b93c-9646ed36a001):
🌀 To execute on your local development database, remove the --remote flag from your wrangler command.
🚣 Executed 1 command in 0.28ms
[
  {
    "results": [],
    "success": true,
    "meta": {
      "served_by": "v3-prod",
      "served_by_region": "ENAM",
      "served_by_colo": "EWR",
      "served_by_primary": true,
      "timings": {
        "sql_duration_ms": 0.2791
      },
      "duration": 0.2791,
      "changes": 0,
      "last_row_id": 1,
      "changed_db": false,
      "size_after": 331776,
      "rows_read": 0,
      "rows_written": 1,
      "total_attempts": 1
    }
  }
]

 ⛅️ wrangler 4.127.1 (update available 4.132.0)
───────────────────────────────────────────────
Resource location: remote 

🌀 Executing on remote database jarvis-scratch-rehearsal-0916g (ad4c1042-3263-43f7-b93c-9646ed36a001):
🌀 To execute on your local development database, remove the --remote flag from your wrangler command.
🚣 Executed 1 command in 0.24ms
[
  {
    "results": [],
    "success": true,
    "meta": {
      "served_by": "v3-prod",
      "served_by_region": "ENAM",
      "served_by_colo": "EWR",
      "served_by_primary": true,
      "timings": {
        "sql_duration_ms": 0.2437
      },
      "duration": 0.2437,
      "changes": 0,
      "last_row_id": 1,
      "changed_db": true,
      "size_after": 335872,
      "rows_read": 0,
      "rows_written": 1,
      "total_attempts": 1
    }
  }
]

 ⛅️ wrangler 4.127.1 (update available 4.132.0)
───────────────────────────────────────────────
Resource location: remote 

🌀 Executing on remote database jarvis-scratch-rehearsal-0916g (ad4c1042-3263-43f7-b93c-9646ed36a001):
🌀 To execute on your local development database, remove the --remote flag from your wrangler command.
🚣 Executed 1 command in 0.39ms
[
  {
    "results": [],
    "success": true,
    "meta": {
      "served_by": "v3-prod",
      "served_by_region": "ENAM",
      "served_by_colo": "EWR",
      "served_by_primary": true,
      "timings": {
        "sql_duration_ms": 0.3923
      },
      "duration": 0.3923,
      "changes": 0,
      "last_row_id": 1,
      "changed_db": false,
      "size_after": 335872,
      "rows_read": 0,
      "rows_written": 1,
      "total_attempts": 1
    }
  }
]

 ⛅️ wrangler 4.127.1 (update available 4.132.0)
───────────────────────────────────────────────
Resource location: remote 

🌀 Executing on remote database jarvis-scratch-rehearsal-0916g (ad4c1042-3263-43f7-b93c-9646ed36a001):
🌀 To execute on your local development database, remove the --remote flag from your wrangler command.
🚣 Executed 1 command in 0.28ms
[
  {
    "results": [],
    "success": true,
    "meta": {
      "served_by": "v3-prod",
      "served_by_region": "ENAM",
      "served_by_colo": "EWR",
      "served_by_primary": true,
      "timings": {
        "sql_duration_ms": 0.2768
      },
      "duration": 0.2768,
      "changes": 0,
      "last_row_id": 1,
      "changed_db": false,
      "size_after": 335872,
      "rows_read": 0,
      "rows_written": 1,
      "total_attempts": 1
    }
  }
]

 ⛅️ wrangler 4.127.1 (update available 4.132.0)
───────────────────────────────────────────────
Resource location: remote 

🌀 Executing on remote database jarvis-scratch-rehearsal-0916g (ad4c1042-3263-43f7-b93c-9646ed36a001):
🌀 To execute on your local development database, remove the --remote flag from your wrangler command.
🚣 Executed 1 command in 0.28ms
[
  {
    "results": [],
    "success": true,
    "meta": {
      "served_by": "v3-prod",
      "served_by_region": "ENAM",
      "served_by_colo": "EWR",
      "served_by_primary": true,
      "timings": {
        "sql_duration_ms": 0.2841
      },
      "duration": 0.2841,
      "changes": 0,
      "last_row_id": 1,
      "changed_db": false,
      "size_after": 335872,
      "rows_read": 0,
      "rows_written": 1,
      "total_attempts": 1
    }
  }
]

 ⛅️ wrangler 4.127.1 (update available 4.132.0)
───────────────────────────────────────────────
Resource location: remote 

🌀 Executing on remote database jarvis-scratch-rehearsal-0916g (ad4c1042-3263-43f7-b93c-9646ed36a001):
🌀 To execute on your local development database, remove the --remote flag from your wrangler command.
🚣 Executed 1 command in 0.27ms
[
  {
    "results": [],
    "success": true,
    "meta": {
      "served_by": "v3-prod",
      "served_by_region": "ENAM",
      "served_by_colo": "EWR",
      "served_by_primary": true,
      "timings": {
        "sql_duration_ms": 0.2662
      },
      "duration": 0.2662,
      "changes": 0,
      "last_row_id": 1,
      "changed_db": false,
      "size_after": 335872,
      "rows_read": 0,
      "rows_written": 1,
      "total_attempts": 1
    }
  }
]

 ⛅️ wrangler 4.127.1 (update available 4.132.0)
───────────────────────────────────────────────
Resource location: remote 

🌀 Executing on remote database jarvis-scratch-rehearsal-0916g (ad4c1042-3263-43f7-b93c-9646ed36a001):
🌀 To execute on your local development database, remove the --remote flag from your wrangler command.
🚣 Executed 1 command in 0.27ms
[
  {
    "results": [],
    "success": true,
    "meta": {
      "served_by": "v3-prod",
      "served_by_region": "ENAM",
      "served_by_colo": "EWR",
      "served_by_primary": true,
      "timings": {
        "sql_duration_ms": 0.2654
      },
      "duration": 0.2654,
      "changes": 0,
      "last_row_id": 1,
      "changed_db": false,
      "size_after": 335872,
      "rows_read": 0,
      "rows_written": 1,
      "total_attempts": 1
    }
  }
]

 ⛅️ wrangler 4.127.1 (update available 4.132.0)
───────────────────────────────────────────────
Resource location: remote 

🌀 Executing on remote database jarvis-scratch-rehearsal-0916g (ad4c1042-3263-43f7-b93c-9646ed36a001):
🌀 To execute on your local development database, remove the --remote flag from your wrangler command.
🚣 Executed 1 command in 0.39ms
[
  {
    "results": [],
    "success": true,
    "meta": {
      "served_by": "v3-prod",
      "served_by_region": "ENAM",
      "served_by_colo": "EWR",
      "served_by_primary": true,
      "timings": {
        "sql_duration_ms": 0.3932
      },
      "duration": 0.3932,
      "changes": 0,
      "last_row_id": 1,
      "changed_db": false,
      "size_after": 335872,
      "rows_read": 0,
      "rows_written": 1,
      "total_attempts": 1
    }
  }
]

 ⛅️ wrangler 4.127.1 (update available 4.132.0)
───────────────────────────────────────────────
Resource location: remote 

🌀 Executing on remote database jarvis-scratch-rehearsal-0916g (ad4c1042-3263-43f7-b93c-9646ed36a001):
🌀 To execute on your local development database, remove the --remote flag from your wrangler command.
🚣 Executed 1 command in 1.28ms
[
  {
    "results": [],
    "success": true,
    "meta": {
      "served_by": "v3-prod",
      "served_by_region": "ENAM",
      "served_by_colo": "EWR",
      "served_by_primary": true,
      "timings": {
        "sql_duration_ms": 1.2808
      },
      "duration": 1.2808,
      "changes": 0,
      "last_row_id": 1,
      "changed_db": false,
      "size_after": 335872,
      "rows_read": 0,
      "rows_written": 1,
      "total_attempts": 1
    }
  }
]

 ⛅️ wrangler 4.127.1 (update available 4.132.0)
───────────────────────────────────────────────
Resource location: remote 

🌀 Executing on remote database jarvis-scratch-rehearsal-0916g (ad4c1042-3263-43f7-b93c-9646ed36a001):
🌀 To execute on your local development database, remove the --remote flag from your wrangler command.
🚣 Executed 1 command in 0.17ms
[
  {
    "results": [],
    "success": true,
    "meta": {
      "served_by": "v3-prod",
      "served_by_region": "ENAM",
      "served_by_colo": "EWR",
      "served_by_primary": true,
      "timings": {
        "sql_duration_ms": 0.1665
      },
      "duration": 0.1665,
      "changes": 1,
      "last_row_id": 1,
      "changed_db": true,
      "size_after": 335872,
      "rows_read": 1,
      "rows_written": 3,
      "total_attempts": 1
    }
  }
]
BASELINE RECEIPT OK: 0001_foundation.sql
Applying 0002_foundation_hardening.sql: 9 split statements.

 ⛅️ wrangler 4.127.1 (update available 4.132.0)
───────────────────────────────────────────────
Resource location: remote 

🌀 Executing on remote database jarvis-scratch-rehearsal-0916g (ad4c1042-3263-43f7-b93c-9646ed36a001):
🌀 To execute on your local development database, remove the --remote flag from your wrangler command.
🚣 Executed 1 command in 0.56ms
[
  {
    "results": [],
    "success": true,
    "meta": {
      "served_by": "v3-prod",
      "served_by_region": "ENAM",
      "served_by_colo": "EWR",
      "served_by_primary": true,
      "timings": {
        "sql_duration_ms": 0.5586
      },
      "duration": 0.5586,
      "changes": 0,
      "last_row_id": 1,
      "changed_db": true,
      "size_after": 339968,
      "rows_read": 2,
      "rows_written": 1,
      "total_attempts": 1
    }
  }
]

 ⛅️ wrangler 4.127.1 (update available 4.132.0)
───────────────────────────────────────────────
Resource location: remote 

🌀 Executing on remote database jarvis-scratch-rehearsal-0916g (ad4c1042-3263-43f7-b93c-9646ed36a001):
🌀 To execute on your local development database, remove the --remote flag from your wrangler command.
🚣 Executed 1 command in 0.50ms
[
  {
    "results": [],
    "success": true,
    "meta": {
      "served_by": "v3-prod",
      "served_by_region": "ENAM",
      "served_by_colo": "EWR",
      "served_by_primary": true,
      "timings": {
        "sql_duration_ms": 0.5038
      },
      "duration": 0.5038,
      "changes": 0,
      "last_row_id": 1,
      "changed_db": true,
      "size_after": 344064,
      "rows_read": 2,
      "rows_written": 1,
      "total_attempts": 1
    }
  }
]

 ⛅️ wrangler 4.127.1 (update available 4.132.0)
───────────────────────────────────────────────
Resource location: remote 

🌀 Executing on remote database jarvis-scratch-rehearsal-0916g (ad4c1042-3263-43f7-b93c-9646ed36a001):
🌀 To execute on your local development database, remove the --remote flag from your wrangler command.
🚣 Executed 1 command in 0.30ms
[
  {
    "results": [],
    "success": true,
    "meta": {
      "served_by": "v3-prod",
      "served_by_region": "ENAM",
      "served_by_colo": "EWR",
      "served_by_primary": true,
      "timings": {
        "sql_duration_ms": 0.2991
      },
      "duration": 0.2991,
      "changes": 0,
      "last_row_id": 1,
      "changed_db": false,
      "size_after": 344064,
      "rows_read": 0,
      "rows_written": 1,
      "total_attempts": 1
    }
  }
]

 ⛅️ wrangler 4.127.1 (update available 4.132.0)
───────────────────────────────────────────────
Resource location: remote 

🌀 Executing on remote database jarvis-scratch-rehearsal-0916g (ad4c1042-3263-43f7-b93c-9646ed36a001):
🌀 To execute on your local development database, remove the --remote flag from your wrangler command.
🚣 Executed 1 command in 0.32ms
[
  {
    "results": [],
    "success": true,
    "meta": {
      "served_by": "v3-prod",
      "served_by_region": "ENAM",
      "served_by_colo": "EWR",
      "served_by_primary": true,
      "timings": {
        "sql_duration_ms": 0.3151
      },
      "duration": 0.3151,
      "changes": 0,
      "last_row_id": 1,
      "changed_db": true,
      "size_after": 348160,
      "rows_read": 2,
      "rows_written": 1,
      "total_attempts": 1
    }
  }
]

 ⛅️ wrangler 4.127.1 (update available 4.132.0)
───────────────────────────────────────────────
Resource location: remote 

🌀 Executing on remote database jarvis-scratch-rehearsal-0916g (ad4c1042-3263-43f7-b93c-9646ed36a001):
🌀 To execute on your local development database, remove the --remote flag from your wrangler command.
🚣 Executed 1 command in 0.32ms
[
  {
    "results": [],
    "success": true,
    "meta": {
      "served_by": "v3-prod",
      "served_by_region": "ENAM",
      "served_by_colo": "EWR",
      "served_by_primary": true,
      "timings": {
        "sql_duration_ms": 0.3246
      },
      "duration": 0.3246,
      "changes": 0,
      "last_row_id": 1,
      "changed_db": true,
      "size_after": 352256,
      "rows_read": 2,
      "rows_written": 1,
      "total_attempts": 1
    }
  }
]

 ⛅️ wrangler 4.127.1 (update available 4.132.0)
───────────────────────────────────────────────
Resource location: remote 

🌀 Executing on remote database jarvis-scratch-rehearsal-0916g (ad4c1042-3263-43f7-b93c-9646ed36a001):
🌀 To execute on your local development database, remove the --remote flag from your wrangler command.
🚣 Executed 1 command in 0.25ms
[
  {
    "results": [],
    "success": true,
    "meta": {
      "served_by": "v3-prod",
      "served_by_region": "ENAM",
      "served_by_colo": "EWR",
      "served_by_primary": true,
      "timings": {
        "sql_duration_ms": 0.2529
      },
      "duration": 0.2529,
      "changes": 0,
      "last_row_id": 1,
      "changed_db": false,
      "size_after": 352256,
      "rows_read": 0,
      "rows_written": 1,
      "total_attempts": 1
    }
  }
]

 ⛅️ wrangler 4.127.1 (update available 4.132.0)
───────────────────────────────────────────────
Resource location: remote 

🌀 Executing on remote database jarvis-scratch-rehearsal-0916g (ad4c1042-3263-43f7-b93c-9646ed36a001):
🌀 To execute on your local development database, remove the --remote flag from your wrangler command.
🚣 Executed 1 command in 0.61ms
[
  {
    "results": [],
    "success": true,
    "meta": {
      "served_by": "v3-prod",
      "served_by_region": "ENAM",
      "served_by_colo": "EWR",
      "served_by_primary": true,
      "timings": {
        "sql_duration_ms": 0.6139
      },
      "duration": 0.6139,
      "changes": 0,
      "last_row_id": 1,
      "changed_db": true,
      "size_after": 356352,
      "rows_read": 2,
      "rows_written": 1,
      "total_attempts": 1
    }
  }
]

 ⛅️ wrangler 4.127.1 (update available 4.132.0)
───────────────────────────────────────────────
Resource location: remote 

🌀 Executing on remote database jarvis-scratch-rehearsal-0916g (ad4c1042-3263-43f7-b93c-9646ed36a001):
🌀 To execute on your local development database, remove the --remote flag from your wrangler command.
🚣 Executed 1 command in 0.37ms
[
  {
    "results": [],
    "success": true,
    "meta": {
      "served_by": "v3-prod",
      "served_by_region": "ENAM",
      "served_by_colo": "EWR",
      "served_by_primary": true,
      "timings": {
        "sql_duration_ms": 0.3717
      },
      "duration": 0.3717,
      "changes": 0,
      "last_row_id": 1,
      "changed_db": false,
      "size_after": 356352,
      "rows_read": 0,
      "rows_written": 1,
      "total_attempts": 1
    }
  }
]

 ⛅️ wrangler 4.127.1 (update available 4.132.0)
───────────────────────────────────────────────
Resource location: remote 

🌀 Executing on remote database jarvis-scratch-rehearsal-0916g (ad4c1042-3263-43f7-b93c-9646ed36a001):
🌀 To execute on your local development database, remove the --remote flag from your wrangler command.
🚣 Executed 1 command in 0.30ms
[
  {
    "results": [],
    "success": true,
    "meta": {
      "served_by": "v3-prod",
      "served_by_region": "ENAM",
      "served_by_colo": "EWR",
      "served_by_primary": true,
      "timings": {
        "sql_duration_ms": 0.303
      },
      "duration": 0.303,
      "changes": 0,
      "last_row_id": 1,
      "changed_db": true,
      "size_after": 360448,
      "rows_read": 2,
      "rows_written": 1,
      "total_attempts": 1
    }
  }
]

 ⛅️ wrangler 4.127.1 (update available 4.132.0)
───────────────────────────────────────────────
Resource location: remote 

🌀 Executing on remote database jarvis-scratch-rehearsal-0916g (ad4c1042-3263-43f7-b93c-9646ed36a001):
🌀 To execute on your local development database, remove the --remote flag from your wrangler command.
🚣 Executed 1 command in 0.18ms
[
  {
    "results": [],
    "success": true,
    "meta": {
      "served_by": "v3-prod",
      "served_by_region": "ENAM",
      "served_by_colo": "EWR",
      "served_by_primary": true,
      "timings": {
        "sql_duration_ms": 0.1753
      },
      "duration": 0.1753,
      "changes": 1,
      "last_row_id": 2,
      "changed_db": true,
      "size_after": 360448,
      "rows_read": 1,
      "rows_written": 3,
      "total_attempts": 1
    }
  }
]
BASELINE RECEIPT OK: 0002_foundation_hardening.sql
Applying 0003_calling.sql: 10 split statements.

 ⛅️ wrangler 4.127.1 (update available 4.132.0)
───────────────────────────────────────────────
Resource location: remote 

🌀 Executing on remote database jarvis-scratch-rehearsal-0916g (ad4c1042-3263-43f7-b93c-9646ed36a001):
🌀 To execute on your local development database, remove the --remote flag from your wrangler command.
🚣 Executed 1 command in 0.76ms
[
  {
    "results": [],
    "success": true,
    "meta": {
      "served_by": "v3-prod",
      "served_by_region": "ENAM",
      "served_by_colo": "EWR",
      "served_by_primary": true,
      "timings": {
        "sql_duration_ms": 0.7575
      },
      "duration": 0.7575,
      "changes": 0,
      "last_row_id": 2,
      "changed_db": true,
      "size_after": 389120,
      "rows_read": 1,
      "rows_written": 7,
      "total_attempts": 1
    }
  }
]

 ⛅️ wrangler 4.127.1 (update available 4.132.0)
───────────────────────────────────────────────
Resource location: remote 

🌀 Executing on remote database jarvis-scratch-rehearsal-0916g (ad4c1042-3263-43f7-b93c-9646ed36a001):
🌀 To execute on your local development database, remove the --remote flag from your wrangler command.
🚣 Executed 1 command in 0.35ms
[
  {
    "results": [],
    "success": true,
    "meta": {
      "served_by": "v3-prod",
      "served_by_region": "ENAM",
      "served_by_colo": "EWR",
      "served_by_primary": true,
      "timings": {
        "sql_duration_ms": 0.3542
      },
      "duration": 0.3542,
      "changes": 0,
      "last_row_id": 2,
      "changed_db": true,
      "size_after": 393216,
      "rows_read": 0,
      "rows_written": 1,
      "total_attempts": 1
    }
  }
]

 ⛅️ wrangler 4.127.1 (update available 4.132.0)
───────────────────────────────────────────────
Resource location: remote 

🌀 Executing on remote database jarvis-scratch-rehearsal-0916g (ad4c1042-3263-43f7-b93c-9646ed36a001):
🌀 To execute on your local development database, remove the --remote flag from your wrangler command.
🚣 Executed 1 command in 0.58ms
[
  {
    "results": [],
    "success": true,
    "meta": {
      "served_by": "v3-prod",
      "served_by_region": "ENAM",
      "served_by_colo": "EWR",
      "served_by_primary": true,
      "timings": {
        "sql_duration_ms": 0.5786
      },
      "duration": 0.5786,
      "changes": 0,
      "last_row_id": 2,
      "changed_db": false,
      "size_after": 393216,
      "rows_read": 0,
      "rows_written": 1,
      "total_attempts": 1
    }
  }
]

 ⛅️ wrangler 4.127.1 (update available 4.132.0)
───────────────────────────────────────────────
Resource location: remote 

🌀 Executing on remote database jarvis-scratch-rehearsal-0916g (ad4c1042-3263-43f7-b93c-9646ed36a001):
🌀 To execute on your local development database, remove the --remote flag from your wrangler command.
🚣 Executed 1 command in 0.30ms
[
  {
    "results": [],
    "success": true,
    "meta": {
      "served_by": "v3-prod",
      "served_by_region": "ENAM",
      "served_by_colo": "EWR",
      "served_by_primary": true,
      "timings": {
        "sql_duration_ms": 0.3043
      },
      "duration": 0.3043,
      "changes": 0,
      "last_row_id": 2,
      "changed_db": false,
      "size_after": 393216,
      "rows_read": 0,
      "rows_written": 1,
      "total_attempts": 1
    }
  }
]

 ⛅️ wrangler 4.127.1 (update available 4.132.0)
───────────────────────────────────────────────
Resource location: remote 

🌀 Executing on remote database jarvis-scratch-rehearsal-0916g (ad4c1042-3263-43f7-b93c-9646ed36a001):
🌀 To execute on your local development database, remove the --remote flag from your wrangler command.
🚣 Executed 1 command in 0.32ms
[
  {
    "results": [],
    "success": true,
    "meta": {
      "served_by": "v3-prod",
      "served_by_region": "ENAM",
      "served_by_colo": "EWR",
      "served_by_primary": true,
      "timings": {
        "sql_duration_ms": 0.3176
      },
      "duration": 0.3176,
      "changes": 0,
      "last_row_id": 2,
      "changed_db": true,
      "size_after": 397312,
      "rows_read": 2,
      "rows_written": 1,
      "total_attempts": 1
    }
  }
]

 ⛅️ wrangler 4.127.1 (update available 4.132.0)
───────────────────────────────────────────────
Resource location: remote 

🌀 Executing on remote database jarvis-scratch-rehearsal-0916g (ad4c1042-3263-43f7-b93c-9646ed36a001):
🌀 To execute on your local development database, remove the --remote flag from your wrangler command.
🚣 Executed 1 command in 0.47ms
[
  {
    "results": [],
    "success": true,
    "meta": {
      "served_by": "v3-prod",
      "served_by_region": "ENAM",
      "served_by_colo": "EWR",
      "served_by_primary": true,
      "timings": {
        "sql_duration_ms": 0.4741
      },
      "duration": 0.4741,
      "changes": 0,
      "last_row_id": 2,
      "changed_db": true,
      "size_after": 413696,
      "rows_read": 1,
      "rows_written": 4,
      "total_attempts": 1
    }
  }
]

 ⛅️ wrangler 4.127.1 (update available 4.132.0)
───────────────────────────────────────────────
Resource location: remote 

🌀 Executing on remote database jarvis-scratch-rehearsal-0916g (ad4c1042-3263-43f7-b93c-9646ed36a001):
🌀 To execute on your local development database, remove the --remote flag from your wrangler command.
🚣 Executed 1 command in 0.34ms
[
  {
    "results": [],
    "success": true,
    "meta": {
      "served_by": "v3-prod",
      "served_by_region": "ENAM",
      "served_by_colo": "EWR",
      "served_by_primary": true,
      "timings": {
        "sql_duration_ms": 0.3358
      },
      "duration": 0.3358,
      "changes": 0,
      "last_row_id": 2,
      "changed_db": true,
      "size_after": 417792,
      "rows_read": 2,
      "rows_written": 1,
      "total_attempts": 1
    }
  }
]

 ⛅️ wrangler 4.127.1 (update available 4.132.0)
───────────────────────────────────────────────
Resource location: remote 

🌀 Executing on remote database jarvis-scratch-rehearsal-0916g (ad4c1042-3263-43f7-b93c-9646ed36a001):
🌀 To execute on your local development database, remove the --remote flag from your wrangler command.
🚣 Executed 1 command in 0.33ms
[
  {
    "results": [],
    "success": true,
    "meta": {
      "served_by": "v3-prod",
      "served_by_region": "ENAM",
      "served_by_colo": "EWR",
      "served_by_primary": true,
      "timings": {
        "sql_duration_ms": 0.3298
      },
      "duration": 0.3298,
      "changes": 0,
      "last_row_id": 2,
      "changed_db": true,
      "size_after": 421888,
      "rows_read": 2,
      "rows_written": 1,
      "total_attempts": 1
    }
  }
]

 ⛅️ wrangler 4.127.1 (update available 4.132.0)
───────────────────────────────────────────────
Resource location: remote 

🌀 Executing on remote database jarvis-scratch-rehearsal-0916g (ad4c1042-3263-43f7-b93c-9646ed36a001):
🌀 To execute on your local development database, remove the --remote flag from your wrangler command.
🚣 Executed 1 command in 0.51ms
[
  {
    "results": [],
    "success": true,
    "meta": {
      "served_by": "v3-prod",
      "served_by_region": "ENAM",
      "served_by_colo": "EWR",
      "served_by_primary": true,
      "timings": {
        "sql_duration_ms": 0.5093
      },
      "duration": 0.5093,
      "changes": 0,
      "last_row_id": 2,
      "changed_db": false,
      "size_after": 421888,
      "rows_read": 0,
      "rows_written": 1,
      "total_attempts": 1
    }
  }
]

 ⛅️ wrangler 4.127.1 (update available 4.132.0)
───────────────────────────────────────────────
Resource location: remote 

🌀 Executing on remote database jarvis-scratch-rehearsal-0916g (ad4c1042-3263-43f7-b93c-9646ed36a001):
🌀 To execute on your local development database, remove the --remote flag from your wrangler command.
🚣 Executed 1 command in 0.30ms
[
  {
    "results": [],
    "success": true,
    "meta": {
      "served_by": "v3-prod",
      "served_by_region": "ENAM",
      "served_by_colo": "EWR",
      "served_by_primary": true,
      "timings": {
        "sql_duration_ms": 0.2998
      },
      "duration": 0.2998,
      "changes": 0,
      "last_row_id": 2,
      "changed_db": false,
      "size_after": 421888,
      "rows_read": 0,
      "rows_written": 1,
      "total_attempts": 1
    }
  }
]

 ⛅️ wrangler 4.127.1 (update available 4.132.0)
───────────────────────────────────────────────
Resource location: remote 

🌀 Executing on remote database jarvis-scratch-rehearsal-0916g (ad4c1042-3263-43f7-b93c-9646ed36a001):
🌀 To execute on your local development database, remove the --remote flag from your wrangler command.
🚣 Executed 1 command in 0.12ms
[
  {
    "results": [],
    "success": true,
    "meta": {
      "served_by": "v3-prod",
      "served_by_region": "ENAM",
      "served_by_colo": "EWR",
      "served_by_primary": true,
      "timings": {
        "sql_duration_ms": 0.1236
      },
      "duration": 0.1236,
      "changes": 1,
      "last_row_id": 3,
      "changed_db": true,
      "size_after": 421888,
      "rows_read": 1,
      "rows_written": 3,
      "total_attempts": 1
    }
  }
]
BASELINE RECEIPT OK: 0003_calling.sql
Applying 0004_call_sessions.sql: 25 split statements.

 ⛅️ wrangler 4.127.1 (update available 4.132.0)
───────────────────────────────────────────────
Resource location: remote 

🌀 Executing on remote database jarvis-scratch-rehearsal-0916g (ad4c1042-3263-43f7-b93c-9646ed36a001):
🌀 To execute on your local development database, remove the --remote flag from your wrangler command.
🚣 Executed 1 command in 0.75ms
[
  {
    "results": [],
    "success": true,
    "meta": {
      "served_by": "v3-prod",
      "served_by_region": "ENAM",
      "served_by_colo": "EWR",
      "served_by_primary": true,
      "timings": {
        "sql_duration_ms": 0.7485
      },
      "duration": 0.7485,
      "changes": 0,
      "last_row_id": 3,
      "changed_db": true,
      "size_after": 450560,
      "rows_read": 1,
      "rows_written": 7,
      "total_attempts": 1
    }
  }
]

 ⛅️ wrangler 4.127.1 (update available 4.132.0)
───────────────────────────────────────────────
Resource location: remote 

🌀 Executing on remote database jarvis-scratch-rehearsal-0916g (ad4c1042-3263-43f7-b93c-9646ed36a001):
🌀 To execute on your local development database, remove the --remote flag from your wrangler command.
🚣 Executed 1 command in 0.50ms
[
  {
    "results": [],
    "success": true,
    "meta": {
      "served_by": "v3-prod",
      "served_by_region": "ENAM",
      "served_by_colo": "EWR",
      "served_by_primary": true,
      "timings": {
        "sql_duration_ms": 0.5022
      },
      "duration": 0.5022,
      "changes": 0,
      "last_row_id": 3,
      "changed_db": true,
      "size_after": 454656,
      "rows_read": 2,
      "rows_written": 1,
      "total_attempts": 1
    }
  }
]

 ⛅️ wrangler 4.127.1 (update available 4.132.0)
───────────────────────────────────────────────
Resource location: remote 

🌀 Executing on remote database jarvis-scratch-rehearsal-0916g (ad4c1042-3263-43f7-b93c-9646ed36a001):
🌀 To execute on your local development database, remove the --remote flag from your wrangler command.
🚣 Executed 1 command in 0.27ms
[
  {
    "results": [],
    "success": true,
    "meta": {
      "served_by": "v3-prod",
      "served_by_region": "ENAM",
      "served_by_colo": "EWR",
      "served_by_primary": true,
      "timings": {
        "sql_duration_ms": 0.2707
      },
      "duration": 0.2707,
      "changes": 0,
      "last_row_id": 3,
      "changed_db": false,
      "size_after": 454656,
      "rows_read": 0,
      "rows_written": 1,
      "total_attempts": 1
    }
  }
]

 ⛅️ wrangler 4.127.1 (update available 4.132.0)
───────────────────────────────────────────────
Resource location: remote 

🌀 Executing on remote database jarvis-scratch-rehearsal-0916g (ad4c1042-3263-43f7-b93c-9646ed36a001):
🌀 To execute on your local development database, remove the --remote flag from your wrangler command.
🚣 Executed 1 command in 0.80ms
[
  {
    "results": [],
    "success": true,
    "meta": {
      "served_by": "v3-prod",
      "served_by_region": "ENAM",
      "served_by_colo": "EWR",
      "served_by_primary": true,
      "timings": {
        "sql_duration_ms": 0.8029
      },
      "duration": 0.8029,
      "changes": 0,
      "last_row_id": 3,
      "changed_db": true,
      "size_after": 458752,
      "rows_read": 0,
      "rows_written": 1,
      "total_attempts": 1
    }
  }
]

 ⛅️ wrangler 4.127.1 (update available 4.132.0)
───────────────────────────────────────────────
Resource location: remote 

🌀 Executing on remote database jarvis-scratch-rehearsal-0916g (ad4c1042-3263-43f7-b93c-9646ed36a001):
🌀 To execute on your local development database, remove the --remote flag from your wrangler command.
🚣 Executed 1 command in 0.46ms
[
  {
    "results": [],
    "success": true,
    "meta": {
      "served_by": "v3-prod",
      "served_by_region": "ENAM",
      "served_by_colo": "EWR",
      "served_by_primary": true,
      "timings": {
        "sql_duration_ms": 0.4618
      },
      "duration": 0.4618,
      "changes": 0,
      "last_row_id": 3,
      "changed_db": true,
      "size_after": 462848,
      "rows_read": 0,
      "rows_written": 1,
      "total_attempts": 1
    }
  }
]

 ⛅️ wrangler 4.127.1 (update available 4.132.0)
───────────────────────────────────────────────
Resource location: remote 

🌀 Executing on remote database jarvis-scratch-rehearsal-0916g (ad4c1042-3263-43f7-b93c-9646ed36a001):
🌀 To execute on your local development database, remove the --remote flag from your wrangler command.
🚣 Executed 1 command in 0.39ms
[
  {
    "results": [],
    "success": true,
    "meta": {
      "served_by": "v3-prod",
      "served_by_region": "ENAM",
      "served_by_colo": "EWR",
      "served_by_primary": true,
      "timings": {
        "sql_duration_ms": 0.3865
      },
      "duration": 0.3865,
      "changes": 0,
      "last_row_id": 3,
      "changed_db": false,
      "size_after": 462848,
      "rows_read": 0,
      "rows_written": 1,
      "total_attempts": 1
    }
  }
]

 ⛅️ wrangler 4.127.1 (update available 4.132.0)
───────────────────────────────────────────────
Resource location: remote 

🌀 Executing on remote database jarvis-scratch-rehearsal-0916g (ad4c1042-3263-43f7-b93c-9646ed36a001):
🌀 To execute on your local development database, remove the --remote flag from your wrangler command.
🚣 Executed 1 command in 0.28ms
[
  {
    "results": [],
    "success": true,
    "meta": {
      "served_by": "v3-prod",
      "served_by_region": "ENAM",
      "served_by_colo": "EWR",
      "served_by_primary": true,
      "timings": {
        "sql_duration_ms": 0.2795
      },
      "duration": 0.2795,
      "changes": 0,
      "last_row_id": 3,
      "changed_db": false,
      "size_after": 462848,
      "rows_read": 0,
      "rows_written": 1,
      "total_attempts": 1
    }
  }
]

 ⛅️ wrangler 4.127.1 (update available 4.132.0)
───────────────────────────────────────────────
Resource location: remote 

🌀 Executing on remote database jarvis-scratch-rehearsal-0916g (ad4c1042-3263-43f7-b93c-9646ed36a001):
🌀 To execute on your local development database, remove the --remote flag from your wrangler command.
🚣 Executed 1 command in 0.64ms
[
  {
    "results": [],
    "success": true,
    "meta": {
      "served_by": "v3-prod",
      "served_by_region": "ENAM",
      "served_by_colo": "EWR",
      "served_by_primary": true,
      "timings": {
        "sql_duration_ms": 0.6374
      },
      "duration": 0.6374,
      "changes": 0,
      "last_row_id": 3,
      "changed_db": true,
      "size_after": 466944,
      "rows_read": 0,
      "rows_written": 1,
      "total_attempts": 1
    }
  }
]

 ⛅️ wrangler 4.127.1 (update available 4.132.0)
───────────────────────────────────────────────
Resource location: remote 

🌀 Executing on remote database jarvis-scratch-rehearsal-0916g (ad4c1042-3263-43f7-b93c-9646ed36a001):
🌀 To execute on your local development database, remove the --remote flag from your wrangler command.
🚣 Executed 1 command in 0.37ms
[
  {
    "results": [],
    "success": true,
    "meta": {
      "served_by": "v3-prod",
      "served_by_region": "ENAM",
      "served_by_colo": "EWR",
      "served_by_primary": true,
      "timings": {
        "sql_duration_ms": 0.3699
      },
      "duration": 0.3699,
      "changes": 0,
      "last_row_id": 3,
      "changed_db": false,
      "size_after": 466944,
      "rows_read": 0,
      "rows_written": 1,
      "total_attempts": 1
    }
  }
]

 ⛅️ wrangler 4.127.1 (update available 4.132.0)
───────────────────────────────────────────────
Resource location: remote 

🌀 Executing on remote database jarvis-scratch-rehearsal-0916g (ad4c1042-3263-43f7-b93c-9646ed36a001):
🌀 To execute on your local development database, remove the --remote flag from your wrangler command.
🚣 Executed 1 command in 0.23ms
[
  {
    "results": [],
    "success": true,
    "meta": {
      "served_by": "v3-prod",
      "served_by_region": "ENAM",
      "served_by_colo": "EWR",
      "served_by_primary": true,
      "timings": {
        "sql_duration_ms": 0.2274
      },
      "duration": 0.2274,
      "changes": 0,
      "last_row_id": 3,
      "changed_db": true,
      "size_after": 471040,
      "rows_read": 0,
      "rows_written": 1,
      "total_attempts": 1
    }
  }
]

 ⛅️ wrangler 4.127.1 (update available 4.132.0)
───────────────────────────────────────────────
Resource location: remote 

🌀 Executing on remote database jarvis-scratch-rehearsal-0916g (ad4c1042-3263-43f7-b93c-9646ed36a001):
🌀 To execute on your local development database, remove the --remote flag from your wrangler command.
🚣 Executed 1 command in 0.23ms
[
  {
    "results": [],
    "success": true,
    "meta": {
      "served_by": "v3-prod",
      "served_by_region": "ENAM",
      "served_by_colo": "EWR",
      "served_by_primary": true,
      "timings": {
        "sql_duration_ms": 0.2311
      },
      "duration": 0.2311,
      "changes": 0,
      "last_row_id": 3,
      "changed_db": false,
      "size_after": 471040,
      "rows_read": 0,
      "rows_written": 1,
      "total_attempts": 1
    }
  }
]

 ⛅️ wrangler 4.127.1 (update available 4.132.0)
───────────────────────────────────────────────
Resource location: remote 

🌀 Executing on remote database jarvis-scratch-rehearsal-0916g (ad4c1042-3263-43f7-b93c-9646ed36a001):
🌀 To execute on your local development database, remove the --remote flag from your wrangler command.
🚣 Executed 1 command in 0.32ms
[
  {
    "results": [],
    "success": true,
    "meta": {
      "served_by": "v3-prod",
      "served_by_region": "ENAM",
      "served_by_colo": "EWR",
      "served_by_primary": true,
      "timings": {
        "sql_duration_ms": 0.3217
      },
      "duration": 0.3217,
      "changes": 0,
      "last_row_id": 3,
      "changed_db": false,
      "size_after": 471040,
      "rows_read": 0,
      "rows_written": 1,
      "total_attempts": 1
    }
  }
]

 ⛅️ wrangler 4.127.1 (update available 4.132.0)
───────────────────────────────────────────────
Resource location: remote 

🌀 Executing on remote database jarvis-scratch-rehearsal-0916g (ad4c1042-3263-43f7-b93c-9646ed36a001):
🌀 To execute on your local development database, remove the --remote flag from your wrangler command.
🚣 Executed 1 command in 0.47ms
[
  {
    "results": [],
    "success": true,
    "meta": {
      "served_by": "v3-prod",
      "served_by_region": "ENAM",
      "served_by_colo": "EWR",
      "served_by_primary": true,
      "timings": {
        "sql_duration_ms": 0.475
      },
      "duration": 0.475,
      "changes": 0,
      "last_row_id": 3,
      "changed_db": false,
      "size_after": 471040,
      "rows_read": 0,
      "rows_written": 1,
      "total_attempts": 1
    }
  }
]

 ⛅️ wrangler 4.127.1 (update available 4.132.0)
───────────────────────────────────────────────
Resource location: remote 

🌀 Executing on remote database jarvis-scratch-rehearsal-0916g (ad4c1042-3263-43f7-b93c-9646ed36a001):
🌀 To execute on your local development database, remove the --remote flag from your wrangler command.
🚣 Executed 1 command in 0.52ms
[
  {
    "results": [],
    "success": true,
    "meta": {
      "served_by": "v3-prod",
      "served_by_region": "ENAM",
      "served_by_colo": "EWR",
      "served_by_primary": true,
      "timings": {
        "sql_duration_ms": 0.5233
      },
      "duration": 0.5233,
      "changes": 0,
      "last_row_id": 3,
      "changed_db": false,
      "size_after": 471040,
      "rows_read": 0,
      "rows_written": 1,
      "total_attempts": 1
    }
  }
]

 ⛅️ wrangler 4.127.1 (update available 4.132.0)
───────────────────────────────────────────────
Resource location: remote 

🌀 Executing on remote database jarvis-scratch-rehearsal-0916g (ad4c1042-3263-43f7-b93c-9646ed36a001):
🌀 To execute on your local development database, remove the --remote flag from your wrangler command.
🚣 Executed 1 command in 0.26ms
[
  {
    "results": [],
    "success": true,
    "meta": {
      "served_by": "v3-prod",
      "served_by_region": "ENAM",
      "served_by_colo": "EWR",
      "served_by_primary": true,
      "timings": {
        "sql_duration_ms": 0.2579
      },
      "duration": 0.2579,
      "changes": 0,
      "last_row_id": 3,
      "changed_db": false,
      "size_after": 471040,
      "rows_read": 0,
      "rows_written": 1,
      "total_attempts": 1
    }
  }
]

 ⛅️ wrangler 4.127.1 (update available 4.132.0)
───────────────────────────────────────────────
Resource location: remote 

🌀 Executing on remote database jarvis-scratch-rehearsal-0916g (ad4c1042-3263-43f7-b93c-9646ed36a001):
🌀 To execute on your local development database, remove the --remote flag from your wrangler command.
🚣 Executed 1 command in 0.37ms
[
  {
    "results": [],
    "success": true,
    "meta": {
      "served_by": "v3-prod",
      "served_by_region": "ENAM",
      "served_by_colo": "EWR",
      "served_by_primary": true,
      "timings": {
        "sql_duration_ms": 0.3677
      },
      "duration": 0.3677,
      "changes": 0,
      "last_row_id": 3,
      "changed_db": false,
      "size_after": 471040,
      "rows_read": 0,
      "rows_written": 1,
      "total_attempts": 1
    }
  }
]

 ⛅️ wrangler 4.127.1 (update available 4.132.0)
───────────────────────────────────────────────
Resource location: remote 

🌀 Executing on remote database jarvis-scratch-rehearsal-0916g (ad4c1042-3263-43f7-b93c-9646ed36a001):
🌀 To execute on your local development database, remove the --remote flag from your wrangler command.
🚣 Executed 1 command in 0.47ms
[
  {
    "results": [],
    "success": true,
    "meta": {
      "served_by": "v3-prod",
      "served_by_region": "ENAM",
      "served_by_colo": "EWR",
      "served_by_primary": true,
      "timings": {
        "sql_duration_ms": 0.4656
      },
      "duration": 0.4656,
      "changes": 0,
      "last_row_id": 3,
      "changed_db": true,
      "size_after": 475136,
      "rows_read": 0,
      "rows_written": 1,
      "total_attempts": 1
    }
  }
]

 ⛅️ wrangler 4.127.1 (update available 4.132.0)
───────────────────────────────────────────────
Resource location: remote 

🌀 Executing on remote database jarvis-scratch-rehearsal-0916g (ad4c1042-3263-43f7-b93c-9646ed36a001):
🌀 To execute on your local development database, remove the --remote flag from your wrangler command.
🚣 Executed 1 command in 1.93ms
[
  {
    "results": [],
    "success": true,
    "meta": {
      "served_by": "v3-prod",
      "served_by_region": "ENAM",
      "served_by_colo": "EWR",
      "served_by_primary": true,
      "timings": {
        "sql_duration_ms": 1.9318
      },
      "duration": 1.9318,
      "changes": 0,
      "last_row_id": 3,
      "changed_db": true,
      "size_after": 483328,
      "rows_read": 1,
      "rows_written": 3,
      "total_attempts": 1
    }
  }
]

 ⛅️ wrangler 4.127.1 (update available 4.132.0)
───────────────────────────────────────────────
Resource location: remote 

🌀 Executing on remote database jarvis-scratch-rehearsal-0916g (ad4c1042-3263-43f7-b93c-9646ed36a001):
🌀 To execute on your local development database, remove the --remote flag from your wrangler command.
🚣 Executed 1 command in 0.45ms
[
  {
    "results": [],
    "success": true,
    "meta": {
      "served_by": "v3-prod",
      "served_by_region": "ENAM",
      "served_by_colo": "EWR",
      "served_by_primary": true,
      "timings": {
        "sql_duration_ms": 0.4509
      },
      "duration": 0.4509,
      "changes": 0,
      "last_row_id": 3,
      "changed_db": true,
      "size_after": 487424,
      "rows_read": 2,
      "rows_written": 1,
      "total_attempts": 1
    }
  }
]

 ⛅️ wrangler 4.127.1 (update available 4.132.0)
───────────────────────────────────────────────
Resource location: remote 

🌀 Executing on remote database jarvis-scratch-rehearsal-0916g (ad4c1042-3263-43f7-b93c-9646ed36a001):
🌀 To execute on your local development database, remove the --remote flag from your wrangler command.
🚣 Executed 1 command in 0.47ms
[
  {
    "results": [],
    "success": true,
    "meta": {
      "served_by": "v3-prod",
      "served_by_region": "ENAM",
      "served_by_colo": "EWR",
      "served_by_primary": true,
      "timings": {
        "sql_duration_ms": 0.4661
      },
      "duration": 0.4661,
      "changes": 0,
      "last_row_id": 3,
      "changed_db": true,
      "size_after": 491520,
      "rows_read": 2,
      "rows_written": 1,
      "total_attempts": 1
    }
  }
]

 ⛅️ wrangler 4.127.1 (update available 4.132.0)
───────────────────────────────────────────────
Resource location: remote 

🌀 Executing on remote database jarvis-scratch-rehearsal-0916g (ad4c1042-3263-43f7-b93c-9646ed36a001):
🌀 To execute on your local development database, remove the --remote flag from your wrangler command.
🚣 Executed 1 command in 0.89ms
[
  {
    "results": [],
    "success": true,
    "meta": {
      "served_by": "v3-prod",
      "served_by_region": "ENAM",
      "served_by_colo": "EWR",
      "served_by_primary": true,
      "timings": {
        "sql_duration_ms": 0.8852
      },
      "duration": 0.8852,
      "changes": 0,
      "last_row_id": 3,
      "changed_db": true,
      "size_after": 495616,
      "rows_read": 2,
      "rows_written": 1,
      "total_attempts": 1
    }
  }
]

 ⛅️ wrangler 4.127.1 (update available 4.132.0)
───────────────────────────────────────────────
Resource location: remote 

🌀 Executing on remote database jarvis-scratch-rehearsal-0916g (ad4c1042-3263-43f7-b93c-9646ed36a001):
🌀 To execute on your local development database, remove the --remote flag from your wrangler command.
🚣 Executed 1 command in 0.43ms
[
  {
    "results": [],
    "success": true,
    "meta": {
      "served_by": "v3-prod",
      "served_by_region": "ENAM",
      "served_by_colo": "EWR",
      "served_by_primary": true,
      "timings": {
        "sql_duration_ms": 0.4284
      },
      "duration": 0.4284,
      "changes": 0,
      "last_row_id": 3,
      "changed_db": true,
      "size_after": 499712,
      "rows_read": 2,
      "rows_written": 1,
      "total_attempts": 1
    }
  }
]

 ⛅️ wrangler 4.127.1 (update available 4.132.0)
───────────────────────────────────────────────
Resource location: remote 

🌀 Executing on remote database jarvis-scratch-rehearsal-0916g (ad4c1042-3263-43f7-b93c-9646ed36a001):
🌀 To execute on your local development database, remove the --remote flag from your wrangler command.
🚣 Executed 1 command in 0.31ms
[
  {
    "results": [],
    "success": true,
    "meta": {
      "served_by": "v3-prod",
      "served_by_region": "ENAM",
      "served_by_colo": "EWR",
      "served_by_primary": true,
      "timings": {
        "sql_duration_ms": 0.3126
      },
      "duration": 0.3126,
      "changes": 0,
      "last_row_id": 3,
      "changed_db": false,
      "size_after": 499712,
      "rows_read": 0,
      "rows_written": 1,
      "total_attempts": 1
    }
  }
]

 ⛅️ wrangler 4.127.1 (update available 4.132.0)
───────────────────────────────────────────────
Resource location: remote 

🌀 Executing on remote database jarvis-scratch-rehearsal-0916g (ad4c1042-3263-43f7-b93c-9646ed36a001):
🌀 To execute on your local development database, remove the --remote flag from your wrangler command.
🚣 Executed 1 command in 0.29ms
[
  {
    "results": [],
    "success": true,
    "meta": {
      "served_by": "v3-prod",
      "served_by_region": "ENAM",
      "served_by_colo": "EWR",
      "served_by_primary": true,
      "timings": {
        "sql_duration_ms": 0.2936
      },
      "duration": 0.2936,
      "changes": 0,
      "last_row_id": 3,
      "changed_db": true,
      "size_after": 503808,
      "rows_read": 0,
      "rows_written": 1,
      "total_attempts": 1
    }
  }
]

 ⛅️ wrangler 4.127.1 (update available 4.132.0)
───────────────────────────────────────────────
Resource location: remote 

🌀 Executing on remote database jarvis-scratch-rehearsal-0916g (ad4c1042-3263-43f7-b93c-9646ed36a001):
🌀 To execute on your local development database, remove the --remote flag from your wrangler command.
🚣 Executed 1 command in 0.33ms
[
  {
    "results": [],
    "success": true,
    "meta": {
      "served_by": "v3-prod",
      "served_by_region": "ENAM",
      "served_by_colo": "EWR",
      "served_by_primary": true,
      "timings": {
        "sql_duration_ms": 0.3267
      },
      "duration": 0.3267,
      "changes": 0,
      "last_row_id": 3,
      "changed_db": false,
      "size_after": 503808,
      "rows_read": 0,
      "rows_written": 1,
      "total_attempts": 1
    }
  }
]

 ⛅️ wrangler 4.127.1 (update available 4.132.0)
───────────────────────────────────────────────
Resource location: remote 

🌀 Executing on remote database jarvis-scratch-rehearsal-0916g (ad4c1042-3263-43f7-b93c-9646ed36a001):
🌀 To execute on your local development database, remove the --remote flag from your wrangler command.
🚣 Executed 1 command in 0.16ms
[
  {
    "results": [],
    "success": true,
    "meta": {
      "served_by": "v3-prod",
      "served_by_region": "ENAM",
      "served_by_colo": "EWR",
      "served_by_primary": true,
      "timings": {
        "sql_duration_ms": 0.1624
      },
      "duration": 0.1624,
      "changes": 1,
      "last_row_id": 4,
      "changed_db": true,
      "size_after": 503808,
      "rows_read": 1,
      "rows_written": 3,
      "total_attempts": 1
    }
  }
]
BASELINE RECEIPT OK: 0004_call_sessions.sql
Applying 0005_conversation.sql: 21 split statements.

 ⛅️ wrangler 4.127.1 (update available 4.132.0)
───────────────────────────────────────────────
Resource location: remote 

🌀 Executing on remote database jarvis-scratch-rehearsal-0916g (ad4c1042-3263-43f7-b93c-9646ed36a001):
🌀 To execute on your local development database, remove the --remote flag from your wrangler command.
🚣 Executed 1 command in 0.18ms
[
  {
    "results": [],
    "success": true,
    "meta": {
      "served_by": "v3-prod",
      "served_by_region": "ENAM",
      "served_by_colo": "EWR",
      "served_by_primary": true,
      "timings": {
        "sql_duration_ms": 0.1785
      },
      "duration": 0.1785,
      "changes": 0,
      "last_row_id": 4,
      "changed_db": false,
      "size_after": 503808,
      "rows_read": 0,
      "rows_written": 0,
      "total_attempts": 1
    }
  }
]

 ⛅️ wrangler 4.127.1 (update available 4.132.0)
───────────────────────────────────────────────
Resource location: remote 

🌀 Executing on remote database jarvis-scratch-rehearsal-0916g (ad4c1042-3263-43f7-b93c-9646ed36a001):
🌀 To execute on your local development database, remove the --remote flag from your wrangler command.
🚣 Executed 1 command in 1.47ms
[
  {
    "results": [],
    "success": true,
    "meta": {
      "served_by": "v3-prod",
      "served_by_region": "ENAM",
      "served_by_colo": "EWR",
      "served_by_primary": true,
      "timings": {
        "sql_duration_ms": 1.4706
      },
      "duration": 1.4706,
      "changes": 0,
      "last_row_id": 4,
      "changed_db": true,
      "size_after": 532480,
      "rows_read": 1,
      "rows_written": 7,
      "total_attempts": 1
    }
  }
]

 ⛅️ wrangler 4.127.1 (update available 4.132.0)
───────────────────────────────────────────────
Resource location: remote 

🌀 Executing on remote database jarvis-scratch-rehearsal-0916g (ad4c1042-3263-43f7-b93c-9646ed36a001):
🌀 To execute on your local development database, remove the --remote flag from your wrangler command.
🚣 Executed 1 command in 0.32ms
[
  {
    "results": [],
    "success": true,
    "meta": {
      "served_by": "v3-prod",
      "served_by_region": "ENAM",
      "served_by_colo": "EWR",
      "served_by_primary": true,
      "timings": {
        "sql_duration_ms": 0.3179
      },
      "duration": 0.3179,
      "changes": 0,
      "last_row_id": 4,
      "changed_db": true,
      "size_after": 536576,
      "rows_read": 2,
      "rows_written": 1,
      "total_attempts": 1
    }
  }
]

 ⛅️ wrangler 4.127.1 (update available 4.132.0)
───────────────────────────────────────────────
Resource location: remote 

🌀 Executing on remote database jarvis-scratch-rehearsal-0916g (ad4c1042-3263-43f7-b93c-9646ed36a001):
🌀 To execute on your local development database, remove the --remote flag from your wrangler command.
🚣 Executed 1 command in 0.42ms
[
  {
    "results": [],
    "success": true,
    "meta": {
      "served_by": "v3-prod",
      "served_by_region": "ENAM",
      "served_by_colo": "EWR",
      "served_by_primary": true,
      "timings": {
        "sql_duration_ms": 0.4154
      },
      "duration": 0.4154,
      "changes": 0,
      "last_row_id": 4,
      "changed_db": true,
      "size_after": 540672,
      "rows_read": 2,
      "rows_written": 1,
      "total_attempts": 1
    }
  }
]

 ⛅️ wrangler 4.127.1 (update available 4.132.0)
───────────────────────────────────────────────
Resource location: remote 

🌀 Executing on remote database jarvis-scratch-rehearsal-0916g (ad4c1042-3263-43f7-b93c-9646ed36a001):
🌀 To execute on your local development database, remove the --remote flag from your wrangler command.
🚣 Executed 1 command in 2.24ms
[
  {
    "results": [],
    "success": true,
    "meta": {
      "served_by": "v3-prod",
      "served_by_region": "ENAM",
      "served_by_colo": "EWR",
      "served_by_primary": true,
      "timings": {
        "sql_duration_ms": 2.2384
      },
      "duration": 2.2384,
      "changes": 0,
      "last_row_id": 4,
      "changed_db": true,
      "size_after": 573440,
      "rows_read": 1,
      "rows_written": 7,
      "total_attempts": 1
    }
  }
]

 ⛅️ wrangler 4.127.1 (update available 4.132.0)
───────────────────────────────────────────────
Resource location: remote 

🌀 Executing on remote database jarvis-scratch-rehearsal-0916g (ad4c1042-3263-43f7-b93c-9646ed36a001):
🌀 To execute on your local development database, remove the --remote flag from your wrangler command.
🚣 Executed 1 command in 0.27ms
[
  {
    "results": [],
    "success": true,
    "meta": {
      "served_by": "v3-prod",
      "served_by_region": "ENAM",
      "served_by_colo": "EWR",
      "served_by_primary": true,
      "timings": {
        "sql_duration_ms": 0.2748
      },
      "duration": 0.2748,
      "changes": 0,
      "last_row_id": 4,
      "changed_db": true,
      "size_after": 577536,
      "rows_read": 2,
      "rows_written": 1,
      "total_attempts": 1
    }
  }
]

 ⛅️ wrangler 4.127.1 (update available 4.132.0)
───────────────────────────────────────────────
Resource location: remote 

🌀 Executing on remote database jarvis-scratch-rehearsal-0916g (ad4c1042-3263-43f7-b93c-9646ed36a001):
🌀 To execute on your local development database, remove the --remote flag from your wrangler command.
🚣 Executed 1 command in 0.62ms
[
  {
    "results": [],
    "success": true,
    "meta": {
      "served_by": "v3-prod",
      "served_by_region": "ENAM",
      "served_by_colo": "EWR",
      "served_by_primary": true,
      "timings": {
        "sql_duration_ms": 0.6178
      },
      "duration": 0.6178,
      "changes": 0,
      "last_row_id": 4,
      "changed_db": true,
      "size_after": 581632,
      "rows_read": 2,
      "rows_written": 1,
      "total_attempts": 1
    }
  }
]

 ⛅️ wrangler 4.127.1 (update available 4.132.0)
───────────────────────────────────────────────
Resource location: remote 

🌀 Executing on remote database jarvis-scratch-rehearsal-0916g (ad4c1042-3263-43f7-b93c-9646ed36a001):
🌀 To execute on your local development database, remove the --remote flag from your wrangler command.
🚣 Executed 1 command in 0.39ms
[
  {
    "results": [],
    "success": true,
    "meta": {
      "served_by": "v3-prod",
      "served_by_region": "ENAM",
      "served_by_colo": "EWR",
      "served_by_primary": true,
      "timings": {
        "sql_duration_ms": 0.3883
      },
      "duration": 0.3883,
      "changes": 0,
      "last_row_id": 4,
      "changed_db": false,
      "size_after": 581632,
      "rows_read": 0,
      "rows_written": 1,
      "total_attempts": 1
    }
  }
]

 ⛅️ wrangler 4.127.1 (update available 4.132.0)
───────────────────────────────────────────────
Resource location: remote 

🌀 Executing on remote database jarvis-scratch-rehearsal-0916g (ad4c1042-3263-43f7-b93c-9646ed36a001):
🌀 To execute on your local development database, remove the --remote flag from your wrangler command.
🚣 Executed 1 command in 0.96ms
[
  {
    "results": [],
    "success": true,
    "meta": {
      "served_by": "v3-prod",
      "served_by_region": "ENAM",
      "served_by_colo": "EWR",
      "served_by_primary": true,
      "timings": {
        "sql_duration_ms": 0.9647
      },
      "duration": 0.9647,
      "changes": 0,
      "last_row_id": 4,
      "changed_db": false,
      "size_after": 581632,
      "rows_read": 0,
      "rows_written": 1,
      "total_attempts": 1
    }
  }
]

 ⛅️ wrangler 4.127.1 (update available 4.132.0)
───────────────────────────────────────────────
Resource location: remote 

🌀 Executing on remote database jarvis-scratch-rehearsal-0916g (ad4c1042-3263-43f7-b93c-9646ed36a001):
🌀 To execute on your local development database, remove the --remote flag from your wrangler command.
🚣 Executed 1 command in 2.88ms
[
  {
    "results": [],
    "success": true,
    "meta": {
      "served_by": "v3-prod",
      "served_by_region": "ENAM",
      "served_by_colo": "EWR",
      "served_by_primary": true,
      "timings": {
        "sql_duration_ms": 2.8768
      },
      "duration": 2.8768,
      "changes": 0,
      "last_row_id": 4,
      "changed_db": true,
      "size_after": 585728,
      "rows_read": 0,
      "rows_written": 1,
      "total_attempts": 1
    }
  }
]

 ⛅️ wrangler 4.127.1 (update available 4.132.0)
───────────────────────────────────────────────
Resource location: remote 

🌀 Executing on remote database jarvis-scratch-rehearsal-0916g (ad4c1042-3263-43f7-b93c-9646ed36a001):
🌀 To execute on your local development database, remove the --remote flag from your wrangler command.
🚣 Executed 1 command in 0.46ms
[
  {
    "results": [],
    "success": true,
    "meta": {
      "served_by": "v3-prod",
      "served_by_region": "ENAM",
      "served_by_colo": "EWR",
      "served_by_primary": true,
      "timings": {
        "sql_duration_ms": 0.4646
      },
      "duration": 0.4646,
      "changes": 0,
      "last_row_id": 4,
      "changed_db": false,
      "size_after": 585728,
      "rows_read": 0,
      "rows_written": 1,
      "total_attempts": 1
    }
  }
]

 ⛅️ wrangler 4.127.1 (update available 4.132.0)
───────────────────────────────────────────────
Resource location: remote 

🌀 Executing on remote database jarvis-scratch-rehearsal-0916g (ad4c1042-3263-43f7-b93c-9646ed36a001):
🌀 To execute on your local development database, remove the --remote flag from your wrangler command.
🚣 Executed 1 command in 0.33ms
[
  {
    "results": [],
    "success": true,
    "meta": {
      "served_by": "v3-prod",
      "served_by_region": "ENAM",
      "served_by_colo": "EWR",
      "served_by_primary": true,
      "timings": {
        "sql_duration_ms": 0.3326
      },
      "duration": 0.3326,
      "changes": 0,
      "last_row_id": 4,
      "changed_db": false,
      "size_after": 585728,
      "rows_read": 0,
      "rows_written": 1,
      "total_attempts": 1
    }
  }
]

 ⛅️ wrangler 4.127.1 (update available 4.132.0)
───────────────────────────────────────────────
Resource location: remote 

🌀 Executing on remote database jarvis-scratch-rehearsal-0916g (ad4c1042-3263-43f7-b93c-9646ed36a001):
🌀 To execute on your local development database, remove the --remote flag from your wrangler command.
🚣 Executed 1 command in 0.29ms
[
  {
    "results": [],
    "success": true,
    "meta": {
      "served_by": "v3-prod",
      "served_by_region": "ENAM",
      "served_by_colo": "EWR",
      "served_by_primary": true,
      "timings": {
        "sql_duration_ms": 0.2906
      },
      "duration": 0.2906,
      "changes": 0,
      "last_row_id": 4,
      "changed_db": false,
      "size_after": 585728,
      "rows_read": 0,
      "rows_written": 1,
      "total_attempts": 1
    }
  }
]

 ⛅️ wrangler 4.127.1 (update available 4.132.0)
───────────────────────────────────────────────
Resource location: remote 

🌀 Executing on remote database jarvis-scratch-rehearsal-0916g (ad4c1042-3263-43f7-b93c-9646ed36a001):
🌀 To execute on your local development database, remove the --remote flag from your wrangler command.
🚣 Executed 1 command in 0.40ms
[
  {
    "results": [],
    "success": true,
    "meta": {
      "served_by": "v3-prod",
      "served_by_region": "ENAM",
      "served_by_colo": "EWR",
      "served_by_primary": true,
      "timings": {
        "sql_duration_ms": 0.4038
      },
      "duration": 0.4038,
      "changes": 0,
      "last_row_id": 4,
      "changed_db": false,
      "size_after": 585728,
      "rows_read": 0,
      "rows_written": 1,
      "total_attempts": 1
    }
  }
]

 ⛅️ wrangler 4.127.1 (update available 4.132.0)
───────────────────────────────────────────────
Resource location: remote 

🌀 Executing on remote database jarvis-scratch-rehearsal-0916g (ad4c1042-3263-43f7-b93c-9646ed36a001):
🌀 To execute on your local development database, remove the --remote flag from your wrangler command.
🚣 Executed 1 command in 0.36ms
[
  {
    "results": [],
    "success": true,
    "meta": {
      "served_by": "v3-prod",
      "served_by_region": "ENAM",
      "served_by_colo": "EWR",
      "served_by_primary": true,
      "timings": {
        "sql_duration_ms": 0.3636
      },
      "duration": 0.3636,
      "changes": 0,
      "last_row_id": 4,
      "changed_db": true,
      "size_after": 589824,
      "rows_read": 0,
      "rows_written": 1,
      "total_attempts": 1
    }
  }
]

 ⛅️ wrangler 4.127.1 (update available 4.132.0)
───────────────────────────────────────────────
Resource location: remote 

🌀 Executing on remote database jarvis-scratch-rehearsal-0916g (ad4c1042-3263-43f7-b93c-9646ed36a001):
🌀 To execute on your local development database, remove the --remote flag from your wrangler command.
🚣 Executed 1 command in 0.33ms
[
  {
    "results": [],
    "success": true,
    "meta": {
      "served_by": "v3-prod",
      "served_by_region": "ENAM",
      "served_by_colo": "EWR",
      "served_by_primary": true,
      "timings": {
        "sql_duration_ms": 0.3288
      },
      "duration": 0.3288,
      "changes": 0,
      "last_row_id": 4,
      "changed_db": false,
      "size_after": 589824,
      "rows_read": 0,
      "rows_written": 1,
      "total_attempts": 1
    }
  }
]

 ⛅️ wrangler 4.127.1 (update available 4.132.0)
───────────────────────────────────────────────
Resource location: remote 

🌀 Executing on remote database jarvis-scratch-rehearsal-0916g (ad4c1042-3263-43f7-b93c-9646ed36a001):
🌀 To execute on your local development database, remove the --remote flag from your wrangler command.
🚣 Executed 1 command in 0.44ms
[
  {
    "results": [],
    "success": true,
    "meta": {
      "served_by": "v3-prod",
      "served_by_region": "ENAM",
      "served_by_colo": "EWR",
      "served_by_primary": true,
      "timings": {
        "sql_duration_ms": 0.443
      },
      "duration": 0.443,
      "changes": 0,
      "last_row_id": 4,
      "changed_db": false,
      "size_after": 589824,
      "rows_read": 0,
      "rows_written": 1,
      "total_attempts": 1
    }
  }
]

 ⛅️ wrangler 4.127.1 (update available 4.132.0)
───────────────────────────────────────────────
Resource location: remote 

🌀 Executing on remote database jarvis-scratch-rehearsal-0916g (ad4c1042-3263-43f7-b93c-9646ed36a001):
🌀 To execute on your local development database, remove the --remote flag from your wrangler command.
🚣 Executed 1 command in 0.40ms
[
  {
    "results": [],
    "success": true,
    "meta": {
      "served_by": "v3-prod",
      "served_by_region": "ENAM",
      "served_by_colo": "EWR",
      "served_by_primary": true,
      "timings": {
        "sql_duration_ms": 0.4037
      },
      "duration": 0.4037,
      "changes": 0,
      "last_row_id": 4,
      "changed_db": true,
      "size_after": 593920,
      "rows_read": 0,
      "rows_written": 1,
      "total_attempts": 1
    }
  }
]

 ⛅️ wrangler 4.127.1 (update available 4.132.0)
───────────────────────────────────────────────
Resource location: remote 

🌀 Executing on remote database jarvis-scratch-rehearsal-0916g (ad4c1042-3263-43f7-b93c-9646ed36a001):
🌀 To execute on your local development database, remove the --remote flag from your wrangler command.
🚣 Executed 1 command in 0.22ms
[
  {
    "results": [],
    "success": true,
    "meta": {
      "served_by": "v3-prod",
      "served_by_region": "ENAM",
      "served_by_colo": "EWR",
      "served_by_primary": true,
      "timings": {
        "sql_duration_ms": 0.224
      },
      "duration": 0.224,
      "changes": 0,
      "last_row_id": 4,
      "changed_db": false,
      "size_after": 593920,
      "rows_read": 0,
      "rows_written": 1,
      "total_attempts": 1
    }
  }
]

 ⛅️ wrangler 4.127.1 (update available 4.132.0)
───────────────────────────────────────────────
Resource location: remote 

🌀 Executing on remote database jarvis-scratch-rehearsal-0916g (ad4c1042-3263-43f7-b93c-9646ed36a001):
🌀 To execute on your local development database, remove the --remote flag from your wrangler command.
🚣 Executed 1 command in 0.49ms
[
  {
    "results": [],
    "success": true,
    "meta": {
      "served_by": "v3-prod",
      "served_by_region": "ENAM",
      "served_by_colo": "EWR",
      "served_by_primary": true,
      "timings": {
        "sql_duration_ms": 0.488
      },
      "duration": 0.488,
      "changes": 0,
      "last_row_id": 4,
      "changed_db": false,
      "size_after": 593920,
      "rows_read": 0,
      "rows_written": 1,
      "total_attempts": 1
    }
  }
]

 ⛅️ wrangler 4.127.1 (update available 4.132.0)
───────────────────────────────────────────────
Resource location: remote 

🌀 Executing on remote database jarvis-scratch-rehearsal-0916g (ad4c1042-3263-43f7-b93c-9646ed36a001):
🌀 To execute on your local development database, remove the --remote flag from your wrangler command.
🚣 Executed 1 command in 0.31ms
[
  {
    "results": [],
    "success": true,
    "meta": {
      "served_by": "v3-prod",
      "served_by_region": "ENAM",
      "served_by_colo": "EWR",
      "served_by_primary": true,
      "timings": {
        "sql_duration_ms": 0.3053
      },
      "duration": 0.3053,
      "changes": 0,
      "last_row_id": 4,
      "changed_db": false,
      "size_after": 593920,
      "rows_read": 0,
      "rows_written": 1,
      "total_attempts": 1
    }
  }
]

 ⛅️ wrangler 4.127.1 (update available 4.132.0)
───────────────────────────────────────────────
Resource location: remote 

🌀 Executing on remote database jarvis-scratch-rehearsal-0916g (ad4c1042-3263-43f7-b93c-9646ed36a001):
🌀 To execute on your local development database, remove the --remote flag from your wrangler command.
🚣 Executed 1 command in 0.20ms
[
  {
    "results": [],
    "success": true,
    "meta": {
      "served_by": "v3-prod",
      "served_by_region": "ENAM",
      "served_by_colo": "EWR",
      "served_by_primary": true,
      "timings": {
        "sql_duration_ms": 0.2007
      },
      "duration": 0.2007,
      "changes": 1,
      "last_row_id": 5,
      "changed_db": true,
      "size_after": 593920,
      "rows_read": 1,
      "rows_written": 3,
      "total_attempts": 1
    }
  }
]
BASELINE RECEIPT OK: 0005_conversation.sql
Applying 0006_voice_access.sql: 46 split statements.

 ⛅️ wrangler 4.127.1 (update available 4.132.0)
───────────────────────────────────────────────
Resource location: remote 

🌀 Executing on remote database jarvis-scratch-rehearsal-0916g (ad4c1042-3263-43f7-b93c-9646ed36a001):
🌀 To execute on your local development database, remove the --remote flag from your wrangler command.
🚣 Executed 1 command in 0.32ms
[
  {
    "results": [],
    "success": true,
    "meta": {
      "served_by": "v3-prod",
      "served_by_region": "ENAM",
      "served_by_colo": "EWR",
      "served_by_primary": true,
      "timings": {
        "sql_duration_ms": 0.3153
      },
      "duration": 0.3153,
      "changes": 0,
      "last_row_id": 5,
      "changed_db": false,
      "size_after": 593920,
      "rows_read": 0,
      "rows_written": 0,
      "total_attempts": 1
    }
  }
]

 ⛅️ wrangler 4.127.1 (update available 4.132.0)
───────────────────────────────────────────────
Resource location: remote 

🌀 Executing on remote database jarvis-scratch-rehearsal-0916g (ad4c1042-3263-43f7-b93c-9646ed36a001):
🌀 To execute on your local development database, remove the --remote flag from your wrangler command.
🚣 Executed 1 command in 0.50ms
[
  {
    "results": [],
    "success": true,
    "meta": {
      "served_by": "v3-prod",
      "served_by_region": "ENAM",
      "served_by_colo": "EWR",
      "served_by_primary": true,
      "timings": {
        "sql_duration_ms": 0.4973
      },
      "duration": 0.4973,
      "changes": 0,
      "last_row_id": 5,
      "changed_db": true,
      "size_after": 589824,
      "rows_read": 357,
      "rows_written": 1,
      "total_attempts": 1
    }
  }
]

 ⛅️ wrangler 4.127.1 (update available 4.132.0)
───────────────────────────────────────────────
Resource location: remote 

🌀 Executing on remote database jarvis-scratch-rehearsal-0916g (ad4c1042-3263-43f7-b93c-9646ed36a001):
🌀 To execute on your local development database, remove the --remote flag from your wrangler command.
🚣 Executed 1 command in 0.43ms
[
  {
    "results": [],
    "success": true,
    "meta": {
      "served_by": "v3-prod",
      "served_by_region": "ENAM",
      "served_by_colo": "EWR",
      "served_by_primary": true,
      "timings": {
        "sql_duration_ms": 0.4283
      },
      "duration": 0.4283,
      "changes": 0,
      "last_row_id": 5,
      "changed_db": true,
      "size_after": 602112,
      "rows_read": 1,
      "rows_written": 3,
      "total_attempts": 1
    }
  }
]

 ⛅️ wrangler 4.127.1 (update available 4.132.0)
───────────────────────────────────────────────
Resource location: remote 

🌀 Executing on remote database jarvis-scratch-rehearsal-0916g (ad4c1042-3263-43f7-b93c-9646ed36a001):
🌀 To execute on your local development database, remove the --remote flag from your wrangler command.
🚣 Executed 1 command in 0.83ms
[
  {
    "results": [],
    "success": true,
    "meta": {
      "served_by": "v3-prod",
      "served_by_region": "ENAM",
      "served_by_colo": "EWR",
      "served_by_primary": true,
      "timings": {
        "sql_duration_ms": 0.8251
      },
      "duration": 0.8251,
      "changes": 0,
      "last_row_id": 5,
      "changed_db": false,
      "size_after": 602112,
      "rows_read": 1,
      "rows_written": 0,
      "total_attempts": 1
    }
  }
]

 ⛅️ wrangler 4.127.1 (update available 4.132.0)
───────────────────────────────────────────────
Resource location: remote 

🌀 Executing on remote database jarvis-scratch-rehearsal-0916g (ad4c1042-3263-43f7-b93c-9646ed36a001):
🌀 To execute on your local development database, remove the --remote flag from your wrangler command.
🚣 Executed 1 command in 0.24ms
[
  {
    "results": [],
    "success": true,
    "meta": {
      "served_by": "v3-prod",
      "served_by_region": "ENAM",
      "served_by_colo": "EWR",
      "served_by_primary": true,
      "timings": {
        "sql_duration_ms": 0.2437
      },
      "duration": 0.2437,
      "changes": 0,
      "last_row_id": 5,
      "changed_db": false,
      "size_after": 602112,
      "rows_read": 179,
      "rows_written": 0,
      "total_attempts": 1
    }
  }
]

 ⛅️ wrangler 4.127.1 (update available 4.132.0)
───────────────────────────────────────────────
Resource location: remote 

🌀 Executing on remote database jarvis-scratch-rehearsal-0916g (ad4c1042-3263-43f7-b93c-9646ed36a001):
🌀 To execute on your local development database, remove the --remote flag from your wrangler command.
🚣 Executed 1 command in 0.32ms
[
  {
    "results": [],
    "success": true,
    "meta": {
      "served_by": "v3-prod",
      "served_by_region": "ENAM",
      "served_by_colo": "EWR",
      "served_by_primary": true,
      "timings": {
        "sql_duration_ms": 0.3213
      },
      "duration": 0.3213,
      "changes": 0,
      "last_row_id": 5,
      "changed_db": true,
      "size_after": 598016,
      "rows_read": 178,
      "rows_written": 0,
      "total_attempts": 1
    }
  }
]

 ⛅️ wrangler 4.127.1 (update available 4.132.0)
───────────────────────────────────────────────
Resource location: remote 

🌀 Executing on remote database jarvis-scratch-rehearsal-0916g (ad4c1042-3263-43f7-b93c-9646ed36a001):
🌀 To execute on your local development database, remove the --remote flag from your wrangler command.
🚣 Executed 1 command in 0.64ms
[
  {
    "results": [],
    "success": true,
    "meta": {
      "served_by": "v3-prod",
      "served_by_region": "ENAM",
      "served_by_colo": "EWR",
      "served_by_primary": true,
      "timings": {
        "sql_duration_ms": 0.642
      },
      "duration": 0.642,
      "changes": 0,
      "last_row_id": 5,
      "changed_db": false,
      "size_after": 598016,
      "rows_read": 177,
      "rows_written": 0,
      "total_attempts": 1
    }
  }
]

 ⛅️ wrangler 4.127.1 (update available 4.132.0)
───────────────────────────────────────────────
Resource location: remote 

🌀 Executing on remote database jarvis-scratch-rehearsal-0916g (ad4c1042-3263-43f7-b93c-9646ed36a001):
🌀 To execute on your local development database, remove the --remote flag from your wrangler command.
🚣 Executed 1 command in 0.32ms
[
  {
    "results": [],
    "success": true,
    "meta": {
      "served_by": "v3-prod",
      "served_by_region": "ENAM",
      "served_by_colo": "EWR",
      "served_by_primary": true,
      "timings": {
        "sql_duration_ms": 0.3199
      },
      "duration": 0.3199,
      "changes": 0,
      "last_row_id": 5,
      "changed_db": true,
      "size_after": 593920,
      "rows_read": 176,
      "rows_written": 0,
      "total_attempts": 1
    }
  }
]

 ⛅️ wrangler 4.127.1 (update available 4.132.0)
───────────────────────────────────────────────
Resource location: remote 

🌀 Executing on remote database jarvis-scratch-rehearsal-0916g (ad4c1042-3263-43f7-b93c-9646ed36a001):
🌀 To execute on your local development database, remove the --remote flag from your wrangler command.
🚣 Executed 1 command in 0.26ms
[
  {
    "results": [],
    "success": true,
    "meta": {
      "served_by": "v3-prod",
      "served_by_region": "ENAM",
      "served_by_colo": "EWR",
      "served_by_primary": true,
      "timings": {
        "sql_duration_ms": 0.2604
      },
      "duration": 0.2604,
      "changes": 0,
      "last_row_id": 5,
      "changed_db": false,
      "size_after": 593920,
      "rows_read": 175,
      "rows_written": 0,
      "total_attempts": 1
    }
  }
]

 ⛅️ wrangler 4.127.1 (update available 4.132.0)
───────────────────────────────────────────────
Resource location: remote 

🌀 Executing on remote database jarvis-scratch-rehearsal-0916g (ad4c1042-3263-43f7-b93c-9646ed36a001):
🌀 To execute on your local development database, remove the --remote flag from your wrangler command.
🚣 Executed 1 command in 0.32ms
[
  {
    "results": [],
    "success": true,
    "meta": {
      "served_by": "v3-prod",
      "served_by_region": "ENAM",
      "served_by_colo": "EWR",
      "served_by_primary": true,
      "timings": {
        "sql_duration_ms": 0.3239
      },
      "duration": 0.3239,
      "changes": 0,
      "last_row_id": 5,
      "changed_db": false,
      "size_after": 593920,
      "rows_read": 174,
      "rows_written": 0,
      "total_attempts": 1
    }
  }
]

 ⛅️ wrangler 4.127.1 (update available 4.132.0)
───────────────────────────────────────────────
Resource location: remote 

🌀 Executing on remote database jarvis-scratch-rehearsal-0916g (ad4c1042-3263-43f7-b93c-9646ed36a001):
🌀 To execute on your local development database, remove the --remote flag from your wrangler command.
🚣 Executed 1 command in 0.35ms
[
  {
    "results": [],
    "success": true,
    "meta": {
      "served_by": "v3-prod",
      "served_by_region": "ENAM",
      "served_by_colo": "EWR",
      "served_by_primary": true,
      "timings": {
        "sql_duration_ms": 0.347
      },
      "duration": 0.347,
      "changes": 0,
      "last_row_id": 5,
      "changed_db": false,
      "size_after": 593920,
      "rows_read": 173,
      "rows_written": 0,
      "total_attempts": 1
    }
  }
]

 ⛅️ wrangler 4.127.1 (update available 4.132.0)
───────────────────────────────────────────────
Resource location: remote 

🌀 Executing on remote database jarvis-scratch-rehearsal-0916g (ad4c1042-3263-43f7-b93c-9646ed36a001):
🌀 To execute on your local development database, remove the --remote flag from your wrangler command.
🚣 Executed 1 command in 0.71ms
[
  {
    "results": [],
    "success": true,
    "meta": {
      "served_by": "v3-prod",
      "served_by_region": "ENAM",
      "served_by_colo": "EWR",
      "served_by_primary": true,
      "timings": {
        "sql_duration_ms": 0.712
      },
      "duration": 0.712,
      "changes": 0,
      "last_row_id": 5,
      "changed_db": true,
      "size_after": 585728,
      "rows_read": 517,
      "rows_written": 2,
      "total_attempts": 1
    }
  }
]

 ⛅️ wrangler 4.127.1 (update available 4.132.0)
───────────────────────────────────────────────
Resource location: remote 

🌀 Executing on remote database jarvis-scratch-rehearsal-0916g (ad4c1042-3263-43f7-b93c-9646ed36a001):
🌀 To execute on your local development database, remove the --remote flag from your wrangler command.
🚣 Executed 1 command in 12.49ms
[
  {
    "results": [],
    "success": true,
    "meta": {
      "served_by": "v3-prod",
      "served_by_region": "ENAM",
      "served_by_colo": "EWR",
      "served_by_primary": true,
      "timings": {
        "sql_duration_ms": 12.4931
      },
      "duration": 12.4931,
      "changes": 0,
      "last_row_id": 5,
      "changed_db": false,
      "size_after": 585728,
      "rows_read": 673,
      "rows_written": 79,
      "total_attempts": 1
    }
  }
]

 ⛅️ wrangler 4.127.1 (update available 4.132.0)
───────────────────────────────────────────────
Resource location: remote 

🌀 Executing on remote database jarvis-scratch-rehearsal-0916g (ad4c1042-3263-43f7-b93c-9646ed36a001):
🌀 To execute on your local development database, remove the --remote flag from your wrangler command.
🚣 Executed 1 command in 0.45ms
[
  {
    "results": [],
    "success": true,
    "meta": {
      "served_by": "v3-prod",
      "served_by_region": "ENAM",
      "served_by_colo": "EWR",
      "served_by_primary": true,
      "timings": {
        "sql_duration_ms": 0.4545
      },
      "duration": 0.4545,
      "changes": 0,
      "last_row_id": 5,
      "changed_db": false,
      "size_after": 585728,
      "rows_read": 0,
      "rows_written": 1,
      "total_attempts": 1
    }
  }
]

 ⛅️ wrangler 4.127.1 (update available 4.132.0)
───────────────────────────────────────────────
Resource location: remote 

🌀 Executing on remote database jarvis-scratch-rehearsal-0916g (ad4c1042-3263-43f7-b93c-9646ed36a001):
🌀 To execute on your local development database, remove the --remote flag from your wrangler command.
🚣 Executed 1 command in 1.11ms
[
  {
    "results": [],
    "success": true,
    "meta": {
      "served_by": "v3-prod",
      "served_by_region": "ENAM",
      "served_by_colo": "EWR",
      "served_by_primary": true,
      "timings": {
        "sql_duration_ms": 1.106
      },
      "duration": 1.106,
      "changes": 0,
      "last_row_id": 5,
      "changed_db": true,
      "size_after": 589824,
      "rows_read": 0,
      "rows_written": 1,
      "total_attempts": 1
    }
  }
]

 ⛅️ wrangler 4.127.1 (update available 4.132.0)
───────────────────────────────────────────────
Resource location: remote 

🌀 Executing on remote database jarvis-scratch-rehearsal-0916g (ad4c1042-3263-43f7-b93c-9646ed36a001):
🌀 To execute on your local development database, remove the --remote flag from your wrangler command.
🚣 Executed 1 command in 0.87ms
[
  {
    "results": [],
    "success": true,
    "meta": {
      "served_by": "v3-prod",
      "served_by_region": "ENAM",
      "served_by_colo": "EWR",
      "served_by_primary": true,
      "timings": {
        "sql_duration_ms": 0.8727
      },
      "duration": 0.8727,
      "changes": 0,
      "last_row_id": 5,
      "changed_db": true,
      "size_after": 593920,
      "rows_read": 0,
      "rows_written": 1,
      "total_attempts": 1
    }
  }
]

 ⛅️ wrangler 4.127.1 (update available 4.132.0)
───────────────────────────────────────────────
Resource location: remote 

🌀 Executing on remote database jarvis-scratch-rehearsal-0916g (ad4c1042-3263-43f7-b93c-9646ed36a001):
🌀 To execute on your local development database, remove the --remote flag from your wrangler command.
🚣 Executed 1 command in 0.53ms
[
  {
    "results": [],
    "success": true,
    "meta": {
      "served_by": "v3-prod",
      "served_by_region": "ENAM",
      "served_by_colo": "EWR",
      "served_by_primary": true,
      "timings": {
        "sql_duration_ms": 0.5301
      },
      "duration": 0.5301,
      "changes": 0,
      "last_row_id": 5,
      "changed_db": true,
      "size_after": 598016,
      "rows_read": 0,
      "rows_written": 1,
      "total_attempts": 1
    }
  }
]

 ⛅️ wrangler 4.127.1 (update available 4.132.0)
───────────────────────────────────────────────
Resource location: remote 

🌀 Executing on remote database jarvis-scratch-rehearsal-0916g (ad4c1042-3263-43f7-b93c-9646ed36a001):
🌀 To execute on your local development database, remove the --remote flag from your wrangler command.
🚣 Executed 1 command in 0.38ms
[
  {
    "results": [],
    "success": true,
    "meta": {
      "served_by": "v3-prod",
      "served_by_region": "ENAM",
      "served_by_colo": "EWR",
      "served_by_primary": true,
      "timings": {
        "sql_duration_ms": 0.3807
      },
      "duration": 0.3807,
      "changes": 0,
      "last_row_id": 5,
      "changed_db": false,
      "size_after": 598016,
      "rows_read": 0,
      "rows_written": 1,
      "total_attempts": 1
    }
  }
]

 ⛅️ wrangler 4.127.1 (update available 4.132.0)
───────────────────────────────────────────────
Resource location: remote 

🌀 Executing on remote database jarvis-scratch-rehearsal-0916g (ad4c1042-3263-43f7-b93c-9646ed36a001):
🌀 To execute on your local development database, remove the --remote flag from your wrangler command.
🚣 Executed 1 command in 0.51ms
[
  {
    "results": [],
    "success": true,
    "meta": {
      "served_by": "v3-prod",
      "served_by_region": "ENAM",
      "served_by_colo": "EWR",
      "served_by_primary": true,
      "timings": {
        "sql_duration_ms": 0.5106
      },
      "duration": 0.5106,
      "changes": 0,
      "last_row_id": 5,
      "changed_db": false,
      "size_after": 598016,
      "rows_read": 0,
      "rows_written": 1,
      "total_attempts": 1
    }
  }
]

 ⛅️ wrangler 4.127.1 (update available 4.132.0)
───────────────────────────────────────────────
Resource location: remote 

🌀 Executing on remote database jarvis-scratch-rehearsal-0916g (ad4c1042-3263-43f7-b93c-9646ed36a001):
🌀 To execute on your local development database, remove the --remote flag from your wrangler command.
🚣 Executed 1 command in 0.71ms
[
  {
    "results": [],
    "success": true,
    "meta": {
      "served_by": "v3-prod",
      "served_by_region": "ENAM",
      "served_by_colo": "EWR",
      "served_by_primary": true,
      "timings": {
        "sql_duration_ms": 0.7058
      },
      "duration": 0.7058,
      "changes": 0,
      "last_row_id": 5,
      "changed_db": true,
      "size_after": 610304,
      "rows_read": 1,
      "rows_written": 4,
      "total_attempts": 1
    }
  }
]

 ⛅️ wrangler 4.127.1 (update available 4.132.0)
───────────────────────────────────────────────
Resource location: remote 

🌀 Executing on remote database jarvis-scratch-rehearsal-0916g (ad4c1042-3263-43f7-b93c-9646ed36a001):
🌀 To execute on your local development database, remove the --remote flag from your wrangler command.
🚣 Executed 1 command in 0.59ms
[
  {
    "results": [],
    "success": true,
    "meta": {
      "served_by": "v3-prod",
      "served_by_region": "ENAM",
      "served_by_colo": "EWR",
      "served_by_primary": true,
      "timings": {
        "sql_duration_ms": 0.5862
      },
      "duration": 0.5862,
      "changes": 0,
      "last_row_id": 5,
      "changed_db": true,
      "size_after": 622592,
      "rows_read": 1,
      "rows_written": 3,
      "total_attempts": 1
    }
  }
]

 ⛅️ wrangler 4.127.1 (update available 4.132.0)
───────────────────────────────────────────────
Resource location: remote 

🌀 Executing on remote database jarvis-scratch-rehearsal-0916g (ad4c1042-3263-43f7-b93c-9646ed36a001):
🌀 To execute on your local development database, remove the --remote flag from your wrangler command.
🚣 Executed 1 command in 0.41ms
[
  {
    "results": [],
    "success": true,
    "meta": {
      "served_by": "v3-prod",
      "served_by_region": "ENAM",
      "served_by_colo": "EWR",
      "served_by_primary": true,
      "timings": {
        "sql_duration_ms": 0.4092
      },
      "duration": 0.4092,
      "changes": 0,
      "last_row_id": 5,
      "changed_db": true,
      "size_after": 626688,
      "rows_read": 2,
      "rows_written": 1,
      "total_attempts": 1
    }
  }
]

 ⛅️ wrangler 4.127.1 (update available 4.132.0)
───────────────────────────────────────────────
Resource location: remote 

🌀 Executing on remote database jarvis-scratch-rehearsal-0916g (ad4c1042-3263-43f7-b93c-9646ed36a001):
🌀 To execute on your local development database, remove the --remote flag from your wrangler command.
🚣 Executed 1 command in 0.69ms
[
  {
    "results": [],
    "success": true,
    "meta": {
      "served_by": "v3-prod",
      "served_by_region": "ENAM",
      "served_by_colo": "EWR",
      "served_by_primary": true,
      "timings": {
        "sql_duration_ms": 0.6948
      },
      "duration": 0.6948,
      "changes": 0,
      "last_row_id": 5,
      "changed_db": true,
      "size_after": 634880,
      "rows_read": 1,
      "rows_written": 3,
      "total_attempts": 1
    }
  }
]

 ⛅️ wrangler 4.127.1 (update available 4.132.0)
───────────────────────────────────────────────
Resource location: remote 

🌀 Executing on remote database jarvis-scratch-rehearsal-0916g (ad4c1042-3263-43f7-b93c-9646ed36a001):
🌀 To execute on your local development database, remove the --remote flag from your wrangler command.
🚣 Executed 1 command in 0.41ms
[
  {
    "results": [],
    "success": true,
    "meta": {
      "served_by": "v3-prod",
      "served_by_region": "ENAM",
      "served_by_colo": "EWR",
      "served_by_primary": true,
      "timings": {
        "sql_duration_ms": 0.4098
      },
      "duration": 0.4098,
      "changes": 0,
      "last_row_id": 5,
      "changed_db": true,
      "size_after": 638976,
      "rows_read": 2,
      "rows_written": 1,
      "total_attempts": 1
    }
  }
]

 ⛅️ wrangler 4.127.1 (update available 4.132.0)
───────────────────────────────────────────────
Resource location: remote 

🌀 Executing on remote database jarvis-scratch-rehearsal-0916g (ad4c1042-3263-43f7-b93c-9646ed36a001):
🌀 To execute on your local development database, remove the --remote flag from your wrangler command.
🚣 Executed 1 command in 8.02ms
[
  {
    "results": [],
    "success": true,
    "meta": {
      "served_by": "v3-prod",
      "served_by_region": "ENAM",
      "served_by_colo": "EWR",
      "served_by_primary": true,
      "timings": {
        "sql_duration_ms": 8.0232
      },
      "duration": 8.0232,
      "changes": 0,
      "last_row_id": 5,
      "changed_db": false,
      "size_after": 638976,
      "rows_read": 188,
      "rows_written": 1,
      "total_attempts": 1
    }
  }
]

 ⛅️ wrangler 4.127.1 (update available 4.132.0)
───────────────────────────────────────────────
Resource location: remote 

🌀 Executing on remote database jarvis-scratch-rehearsal-0916g (ad4c1042-3263-43f7-b93c-9646ed36a001):
🌀 To execute on your local development database, remove the --remote flag from your wrangler command.
🚣 Executed 1 command in 6.17ms
[
  {
    "results": [],
    "success": true,
    "meta": {
      "served_by": "v3-prod",
      "served_by_region": "ENAM",
      "served_by_colo": "EWR",
      "served_by_primary": true,
      "timings": {
        "sql_duration_ms": 6.166
      },
      "duration": 6.166,
      "changes": 0,
      "last_row_id": 5,
      "changed_db": false,
      "size_after": 638976,
      "rows_read": 187,
      "rows_written": 1,
      "total_attempts": 1
    }
  }
]

 ⛅️ wrangler 4.127.1 (update available 4.132.0)
───────────────────────────────────────────────
Resource location: remote 

🌀 Executing on remote database jarvis-scratch-rehearsal-0916g (ad4c1042-3263-43f7-b93c-9646ed36a001):
🌀 To execute on your local development database, remove the --remote flag from your wrangler command.
🚣 Executed 1 command in 6.64ms
[
  {
    "results": [],
    "success": true,
    "meta": {
      "served_by": "v3-prod",
      "served_by_region": "ENAM",
      "served_by_colo": "EWR",
      "served_by_primary": true,
      "timings": {
        "sql_duration_ms": 6.64
      },
      "duration": 6.64,
      "changes": 0,
      "last_row_id": 5,
      "changed_db": false,
      "size_after": 638976,
      "rows_read": 188,
      "rows_written": 1,
      "total_attempts": 1
    }
  }
]

 ⛅️ wrangler 4.127.1 (update available 4.132.0)
───────────────────────────────────────────────
Resource location: remote 

🌀 Executing on remote database jarvis-scratch-rehearsal-0916g (ad4c1042-3263-43f7-b93c-9646ed36a001):
🌀 To execute on your local development database, remove the --remote flag from your wrangler command.
🚣 Executed 1 command in 5.21ms
[
  {
    "results": [],
    "success": true,
    "meta": {
      "served_by": "v3-prod",
      "served_by_region": "ENAM",
      "served_by_colo": "EWR",
      "served_by_primary": true,
      "timings": {
        "sql_duration_ms": 5.2122
      },
      "duration": 5.2122,
      "changes": 0,
      "last_row_id": 5,
      "changed_db": false,
      "size_after": 638976,
      "rows_read": 188,
      "rows_written": 1,
      "total_attempts": 1
    }
  }
]

 ⛅️ wrangler 4.127.1 (update available 4.132.0)
───────────────────────────────────────────────
Resource location: remote 

🌀 Executing on remote database jarvis-scratch-rehearsal-0916g (ad4c1042-3263-43f7-b93c-9646ed36a001):
🌀 To execute on your local development database, remove the --remote flag from your wrangler command.
🚣 Executed 1 command in 0.55ms
[
  {
    "results": [],
    "success": true,
    "meta": {
      "served_by": "v3-prod",
      "served_by_region": "ENAM",
      "served_by_colo": "EWR",
      "served_by_primary": true,
      "timings": {
        "sql_duration_ms": 0.5462
      },
      "duration": 0.5462,
      "changes": 0,
      "last_row_id": 5,
      "changed_db": true,
      "size_after": 651264,
      "rows_read": 1,
      "rows_written": 3,
      "total_attempts": 1
    }
  }
]

 ⛅️ wrangler 4.127.1 (update available 4.132.0)
───────────────────────────────────────────────
Resource location: remote 

🌀 Executing on remote database jarvis-scratch-rehearsal-0916g (ad4c1042-3263-43f7-b93c-9646ed36a001):
🌀 To execute on your local development database, remove the --remote flag from your wrangler command.
🚣 Executed 1 command in 0.51ms
[
  {
    "results": [],
    "success": true,
    "meta": {
      "served_by": "v3-prod",
      "served_by_region": "ENAM",
      "served_by_colo": "EWR",
      "served_by_primary": true,
      "timings": {
        "sql_duration_ms": 0.5096
      },
      "duration": 0.5096,
      "changes": 0,
      "last_row_id": 5,
      "changed_db": false,
      "size_after": 651264,
      "rows_read": 0,
      "rows_written": 1,
      "total_attempts": 1
    }
  }
]

 ⛅️ wrangler 4.127.1 (update available 4.132.0)
───────────────────────────────────────────────
Resource location: remote 

🌀 Executing on remote database jarvis-scratch-rehearsal-0916g (ad4c1042-3263-43f7-b93c-9646ed36a001):
🌀 To execute on your local development database, remove the --remote flag from your wrangler command.
🚣 Executed 1 command in 0.81ms
[
  {
    "results": [],
    "success": true,
    "meta": {
      "served_by": "v3-prod",
      "served_by_region": "ENAM",
      "served_by_colo": "EWR",
      "served_by_primary": true,
      "timings": {
        "sql_duration_ms": 0.8121
      },
      "duration": 0.8121,
      "changes": 0,
      "last_row_id": 5,
      "changed_db": false,
      "size_after": 651264,
      "rows_read": 0,
      "rows_written": 1,
      "total_attempts": 1
    }
  }
]

 ⛅️ wrangler 4.127.1 (update available 4.132.0)
───────────────────────────────────────────────
Resource location: remote 

🌀 Executing on remote database jarvis-scratch-rehearsal-0916g (ad4c1042-3263-43f7-b93c-9646ed36a001):
🌀 To execute on your local development database, remove the --remote flag from your wrangler command.
🚣 Executed 1 command in 0.40ms
[
  {
    "results": [],
    "success": true,
    "meta": {
      "served_by": "v3-prod",
      "served_by_region": "ENAM",
      "served_by_colo": "EWR",
      "served_by_primary": true,
      "timings": {
        "sql_duration_ms": 0.4017
      },
      "duration": 0.4017,
      "changes": 0,
      "last_row_id": 5,
      "changed_db": false,
      "size_after": 651264,
      "rows_read": 0,
      "rows_written": 1,
      "total_attempts": 1
    }
  }
]

 ⛅️ wrangler 4.127.1 (update available 4.132.0)
───────────────────────────────────────────────
Resource location: remote 

🌀 Executing on remote database jarvis-scratch-rehearsal-0916g (ad4c1042-3263-43f7-b93c-9646ed36a001):
🌀 To execute on your local development database, remove the --remote flag from your wrangler command.
🚣 Executed 1 command in 0.40ms
[
  {
    "results": [],
    "success": true,
    "meta": {
      "served_by": "v3-prod",
      "served_by_region": "ENAM",
      "served_by_colo": "EWR",
      "served_by_primary": true,
      "timings": {
        "sql_duration_ms": 0.401
      },
      "duration": 0.401,
      "changes": 0,
      "last_row_id": 5,
      "changed_db": false,
      "size_after": 651264,
      "rows_read": 0,
      "rows_written": 1,
      "total_attempts": 1
    }
  }
]

 ⛅️ wrangler 4.127.1 (update available 4.132.0)
───────────────────────────────────────────────
Resource location: remote 

🌀 Executing on remote database jarvis-scratch-rehearsal-0916g (ad4c1042-3263-43f7-b93c-9646ed36a001):
🌀 To execute on your local development database, remove the --remote flag from your wrangler command.
🚣 Executed 1 command in 0.31ms
[
  {
    "results": [],
    "success": true,
    "meta": {
      "served_by": "v3-prod",
      "served_by_region": "ENAM",
      "served_by_colo": "EWR",
      "served_by_primary": true,
      "timings": {
        "sql_duration_ms": 0.3149
      },
      "duration": 0.3149,
      "changes": 0,
      "last_row_id": 5,
      "changed_db": false,
      "size_after": 651264,
      "rows_read": 0,
      "rows_written": 1,
      "total_attempts": 1
    }
  }
]

 ⛅️ wrangler 4.127.1 (update available 4.132.0)
───────────────────────────────────────────────
Resource location: remote 

🌀 Executing on remote database jarvis-scratch-rehearsal-0916g (ad4c1042-3263-43f7-b93c-9646ed36a001):
🌀 To execute on your local development database, remove the --remote flag from your wrangler command.
🚣 Executed 1 command in 0.43ms
[
  {
    "results": [],
    "success": true,
    "meta": {
      "served_by": "v3-prod",
      "served_by_region": "ENAM",
      "served_by_colo": "EWR",
      "served_by_primary": true,
      "timings": {
        "sql_duration_ms": 0.432
      },
      "duration": 0.432,
      "changes": 0,
      "last_row_id": 5,
      "changed_db": true,
      "size_after": 655360,
      "rows_read": 0,
      "rows_written": 1,
      "total_attempts": 1
    }
  }
]

 ⛅️ wrangler 4.127.1 (update available 4.132.0)
───────────────────────────────────────────────
Resource location: remote 

🌀 Executing on remote database jarvis-scratch-rehearsal-0916g (ad4c1042-3263-43f7-b93c-9646ed36a001):
🌀 To execute on your local development database, remove the --remote flag from your wrangler command.
🚣 Executed 1 command in 0.66ms
[
  {
    "results": [],
    "success": true,
    "meta": {
      "served_by": "v3-prod",
      "served_by_region": "ENAM",
      "served_by_colo": "EWR",
      "served_by_primary": true,
      "timings": {
        "sql_duration_ms": 0.6557
      },
      "duration": 0.6557,
      "changes": 0,
      "last_row_id": 5,
      "changed_db": false,
      "size_after": 655360,
      "rows_read": 0,
      "rows_written": 1,
      "total_attempts": 1
    }
  }
]

 ⛅️ wrangler 4.127.1 (update available 4.132.0)
───────────────────────────────────────────────
Resource location: remote 

🌀 Executing on remote database jarvis-scratch-rehearsal-0916g (ad4c1042-3263-43f7-b93c-9646ed36a001):
🌀 To execute on your local development database, remove the --remote flag from your wrangler command.
🚣 Executed 1 command in 0.42ms
[
  {
    "results": [],
    "success": true,
    "meta": {
      "served_by": "v3-prod",
      "served_by_region": "ENAM",
      "served_by_colo": "EWR",
      "served_by_primary": true,
      "timings": {
        "sql_duration_ms": 0.422
      },
      "duration": 0.422,
      "changes": 0,
      "last_row_id": 5,
      "changed_db": false,
      "size_after": 655360,
      "rows_read": 0,
      "rows_written": 1,
      "total_attempts": 1
    }
  }
]

 ⛅️ wrangler 4.127.1 (update available 4.132.0)
───────────────────────────────────────────────
Resource location: remote 

🌀 Executing on remote database jarvis-scratch-rehearsal-0916g (ad4c1042-3263-43f7-b93c-9646ed36a001):
🌀 To execute on your local development database, remove the --remote flag from your wrangler command.
🚣 Executed 1 command in 0.32ms
[
  {
    "results": [],
    "success": true,
    "meta": {
      "served_by": "v3-prod",
      "served_by_region": "ENAM",
      "served_by_colo": "EWR",
      "served_by_primary": true,
      "timings": {
        "sql_duration_ms": 0.315
      },
      "duration": 0.315,
      "changes": 0,
      "last_row_id": 5,
      "changed_db": false,
      "size_after": 655360,
      "rows_read": 0,
      "rows_written": 1,
      "total_attempts": 1
    }
  }
]

 ⛅️ wrangler 4.127.1 (update available 4.132.0)
───────────────────────────────────────────────
Resource location: remote 

🌀 Executing on remote database jarvis-scratch-rehearsal-0916g (ad4c1042-3263-43f7-b93c-9646ed36a001):
🌀 To execute on your local development database, remove the --remote flag from your wrangler command.
🚣 Executed 1 command in 0.30ms
[
  {
    "results": [],
    "success": true,
    "meta": {
      "served_by": "v3-prod",
      "served_by_region": "ENAM",
      "served_by_colo": "EWR",
      "served_by_primary": true,
      "timings": {
        "sql_duration_ms": 0.2985
      },
      "duration": 0.2985,
      "changes": 0,
      "last_row_id": 5,
      "changed_db": false,
      "size_after": 655360,
      "rows_read": 0,
      "rows_written": 1,
      "total_attempts": 1
    }
  }
]

 ⛅️ wrangler 4.127.1 (update available 4.132.0)
───────────────────────────────────────────────
Resource location: remote 

🌀 Executing on remote database jarvis-scratch-rehearsal-0916g (ad4c1042-3263-43f7-b93c-9646ed36a001):
🌀 To execute on your local development database, remove the --remote flag from your wrangler command.
🚣 Executed 1 command in 0.53ms
[
  {
    "results": [],
    "success": true,
    "meta": {
      "served_by": "v3-prod",
      "served_by_region": "ENAM",
      "served_by_colo": "EWR",
      "served_by_primary": true,
      "timings": {
        "sql_duration_ms": 0.5302
      },
      "duration": 0.5302,
      "changes": 0,
      "last_row_id": 5,
      "changed_db": true,
      "size_after": 659456,
      "rows_read": 0,
      "rows_written": 1,
      "total_attempts": 1
    }
  }
]

 ⛅️ wrangler 4.127.1 (update available 4.132.0)
───────────────────────────────────────────────
Resource location: remote 

🌀 Executing on remote database jarvis-scratch-rehearsal-0916g (ad4c1042-3263-43f7-b93c-9646ed36a001):
🌀 To execute on your local development database, remove the --remote flag from your wrangler command.
🚣 Executed 1 command in 0.28ms
[
  {
    "results": [],
    "success": true,
    "meta": {
      "served_by": "v3-prod",
      "served_by_region": "ENAM",
      "served_by_colo": "EWR",
      "served_by_primary": true,
      "timings": {
        "sql_duration_ms": 0.2791
      },
      "duration": 0.2791,
      "changes": 0,
      "last_row_id": 5,
      "changed_db": false,
      "size_after": 659456,
      "rows_read": 0,
      "rows_written": 1,
      "total_attempts": 1
    }
  }
]

 ⛅️ wrangler 4.127.1 (update available 4.132.0)
───────────────────────────────────────────────
Resource location: remote 

🌀 Executing on remote database jarvis-scratch-rehearsal-0916g (ad4c1042-3263-43f7-b93c-9646ed36a001):
🌀 To execute on your local development database, remove the --remote flag from your wrangler command.
🚣 Executed 1 command in 1.57ms
[
  {
    "results": [],
    "success": true,
    "meta": {
      "served_by": "v3-prod",
      "served_by_region": "ENAM",
      "served_by_colo": "EWR",
      "served_by_primary": true,
      "timings": {
        "sql_duration_ms": 1.5712
      },
      "duration": 1.5712,
      "changes": 0,
      "last_row_id": 5,
      "changed_db": true,
      "size_after": 663552,
      "rows_read": 0,
      "rows_written": 1,
      "total_attempts": 1
    }
  }
]

 ⛅️ wrangler 4.127.1 (update available 4.132.0)
───────────────────────────────────────────────
Resource location: remote 

🌀 Executing on remote database jarvis-scratch-rehearsal-0916g (ad4c1042-3263-43f7-b93c-9646ed36a001):
🌀 To execute on your local development database, remove the --remote flag from your wrangler command.
🚣 Executed 1 command in 0.34ms
[
  {
    "results": [],
    "success": true,
    "meta": {
      "served_by": "v3-prod",
      "served_by_region": "ENAM",
      "served_by_colo": "EWR",
      "served_by_primary": true,
      "timings": {
        "sql_duration_ms": 0.3421
      },
      "duration": 0.3421,
      "changes": 0,
      "last_row_id": 5,
      "changed_db": false,
      "size_after": 663552,
      "rows_read": 0,
      "rows_written": 1,
      "total_attempts": 1
    }
  }
]

 ⛅️ wrangler 4.127.1 (update available 4.132.0)
───────────────────────────────────────────────
Resource location: remote 

🌀 Executing on remote database jarvis-scratch-rehearsal-0916g (ad4c1042-3263-43f7-b93c-9646ed36a001):
🌀 To execute on your local development database, remove the --remote flag from your wrangler command.
🚣 Executed 1 command in 0.55ms
[
  {
    "results": [],
    "success": true,
    "meta": {
      "served_by": "v3-prod",
      "served_by_region": "ENAM",
      "served_by_colo": "EWR",
      "served_by_primary": true,
      "timings": {
        "sql_duration_ms": 0.5545
      },
      "duration": 0.5545,
      "changes": 0,
      "last_row_id": 5,
      "changed_db": false,
      "size_after": 663552,
      "rows_read": 0,
      "rows_written": 1,
      "total_attempts": 1
    }
  }
]

 ⛅️ wrangler 4.127.1 (update available 4.132.0)
───────────────────────────────────────────────
Resource location: remote 

🌀 Executing on remote database jarvis-scratch-rehearsal-0916g (ad4c1042-3263-43f7-b93c-9646ed36a001):
🌀 To execute on your local development database, remove the --remote flag from your wrangler command.
🚣 Executed 1 command in 0.60ms
[
  {
    "results": [],
    "success": true,
    "meta": {
      "served_by": "v3-prod",
      "served_by_region": "ENAM",
      "served_by_colo": "EWR",
      "served_by_primary": true,
      "timings": {
        "sql_duration_ms": 0.5997
      },
      "duration": 0.5997,
      "changes": 0,
      "last_row_id": 5,
      "changed_db": true,
      "size_after": 667648,
      "rows_read": 0,
      "rows_written": 1,
      "total_attempts": 1
    }
  }
]

 ⛅️ wrangler 4.127.1 (update available 4.132.0)
───────────────────────────────────────────────
Resource location: remote 

🌀 Executing on remote database jarvis-scratch-rehearsal-0916g (ad4c1042-3263-43f7-b93c-9646ed36a001):
🌀 To execute on your local development database, remove the --remote flag from your wrangler command.
🚣 Executed 1 command in 0.18ms
[
  {
    "results": [],
    "success": true,
    "meta": {
      "served_by": "v3-prod",
      "served_by_region": "ENAM",
      "served_by_colo": "EWR",
      "served_by_primary": true,
      "timings": {
        "sql_duration_ms": 0.1766
      },
      "duration": 0.1766,
      "changes": 0,
      "last_row_id": 5,
      "changed_db": false,
      "size_after": 667648,
      "rows_read": 0,
      "rows_written": 0,
      "total_attempts": 1
    }
  }
]

 ⛅️ wrangler 4.127.1 (update available 4.132.0)
───────────────────────────────────────────────
Resource location: remote 

🌀 Executing on remote database jarvis-scratch-rehearsal-0916g (ad4c1042-3263-43f7-b93c-9646ed36a001):
🌀 To execute on your local development database, remove the --remote flag from your wrangler command.
🚣 Executed 1 command in 0.18ms
[
  {
    "results": [],
    "success": true,
    "meta": {
      "served_by": "v3-prod",
      "served_by_region": "ENAM",
      "served_by_colo": "EWR",
      "served_by_primary": true,
      "timings": {
        "sql_duration_ms": 0.184
      },
      "duration": 0.184,
      "changes": 1,
      "last_row_id": 6,
      "changed_db": true,
      "size_after": 667648,
      "rows_read": 1,
      "rows_written": 3,
      "total_attempts": 1
    }
  }
]
BASELINE RECEIPT OK: 0006_voice_access.sql
Applying 0007_voice_access_boundaries.sql: 8 split statements.

 ⛅️ wrangler 4.127.1 (update available 4.132.0)
───────────────────────────────────────────────
Resource location: remote 

🌀 Executing on remote database jarvis-scratch-rehearsal-0916g (ad4c1042-3263-43f7-b93c-9646ed36a001):
🌀 To execute on your local development database, remove the --remote flag from your wrangler command.
🚣 Executed 1 command in 8.18ms
[
  {
    "results": [],
    "success": true,
    "meta": {
      "served_by": "v3-prod",
      "served_by_region": "ENAM",
      "served_by_colo": "EWR",
      "served_by_primary": true,
      "timings": {
        "sql_duration_ms": 8.184
      },
      "duration": 8.184,
      "changes": 0,
      "last_row_id": 6,
      "changed_db": false,
      "size_after": 667648,
      "rows_read": 206,
      "rows_written": 1,
      "total_attempts": 1
    }
  }
]

 ⛅️ wrangler 4.127.1 (update available 4.132.0)
───────────────────────────────────────────────
Resource location: remote 

🌀 Executing on remote database jarvis-scratch-rehearsal-0916g (ad4c1042-3263-43f7-b93c-9646ed36a001):
🌀 To execute on your local development database, remove the --remote flag from your wrangler command.
🚣 Executed 1 command in 0.35ms
[
  {
    "results": [],
    "success": true,
    "meta": {
      "served_by": "v3-prod",
      "served_by_region": "ENAM",
      "served_by_colo": "EWR",
      "served_by_primary": true,
      "timings": {
        "sql_duration_ms": 0.3548
      },
      "duration": 0.3548,
      "changes": 0,
      "last_row_id": 6,
      "changed_db": false,
      "size_after": 667648,
      "rows_read": 2,
      "rows_written": 0,
      "total_attempts": 1
    }
  }
]

 ⛅️ wrangler 4.127.1 (update available 4.132.0)
───────────────────────────────────────────────
Resource location: remote 

🌀 Executing on remote database jarvis-scratch-rehearsal-0916g (ad4c1042-3263-43f7-b93c-9646ed36a001):
🌀 To execute on your local development database, remove the --remote flag from your wrangler command.
🚣 Executed 1 command in 1.02ms
[
  {
    "results": [],
    "success": true,
    "meta": {
      "served_by": "v3-prod",
      "served_by_region": "ENAM",
      "served_by_colo": "EWR",
      "served_by_primary": true,
      "timings": {
        "sql_duration_ms": 1.0211
      },
      "duration": 1.0211,
      "changes": 0,
      "last_row_id": 6,
      "changed_db": false,
      "size_after": 667648,
      "rows_read": 0,
      "rows_written": 1,
      "total_attempts": 1
    }
  }
]

 ⛅️ wrangler 4.127.1 (update available 4.132.0)
───────────────────────────────────────────────
Resource location: remote 

🌀 Executing on remote database jarvis-scratch-rehearsal-0916g (ad4c1042-3263-43f7-b93c-9646ed36a001):
🌀 To execute on your local development database, remove the --remote flag from your wrangler command.
🚣 Executed 1 command in 0.40ms
[
  {
    "results": [],
    "success": true,
    "meta": {
      "served_by": "v3-prod",
      "served_by_region": "ENAM",
      "served_by_colo": "EWR",
      "served_by_primary": true,
      "timings": {
        "sql_duration_ms": 0.3977
      },
      "duration": 0.3977,
      "changes": 0,
      "last_row_id": 6,
      "changed_db": false,
      "size_after": 667648,
      "rows_read": 0,
      "rows_written": 1,
      "total_attempts": 1
    }
  }
]

 ⛅️ wrangler 4.127.1 (update available 4.132.0)
───────────────────────────────────────────────
Resource location: remote 

🌀 Executing on remote database jarvis-scratch-rehearsal-0916g (ad4c1042-3263-43f7-b93c-9646ed36a001):
🌀 To execute on your local development database, remove the --remote flag from your wrangler command.
🚣 Executed 1 command in 0.49ms
[
  {
    "results": [],
    "success": true,
    "meta": {
      "served_by": "v3-prod",
      "served_by_region": "ENAM",
      "served_by_colo": "EWR",
      "served_by_primary": true,
      "timings": {
        "sql_duration_ms": 0.4859
      },
      "duration": 0.4859,
      "changes": 0,
      "last_row_id": 6,
      "changed_db": false,
      "size_after": 667648,
      "rows_read": 0,
      "rows_written": 1,
      "total_attempts": 1
    }
  }
]

 ⛅️ wrangler 4.127.1 (update available 4.132.0)
───────────────────────────────────────────────
Resource location: remote 

🌀 Executing on remote database jarvis-scratch-rehearsal-0916g (ad4c1042-3263-43f7-b93c-9646ed36a001):
🌀 To execute on your local development database, remove the --remote flag from your wrangler command.
🚣 Executed 1 command in 0.44ms
[
  {
    "results": [],
    "success": true,
    "meta": {
      "served_by": "v3-prod",
      "served_by_region": "ENAM",
      "served_by_colo": "EWR",
      "served_by_primary": true,
      "timings": {
        "sql_duration_ms": 0.4391
      },
      "duration": 0.4391,
      "changes": 0,
      "last_row_id": 6,
      "changed_db": true,
      "size_after": 671744,
      "rows_read": 0,
      "rows_written": 1,
      "total_attempts": 1
    }
  }
]

 ⛅️ wrangler 4.127.1 (update available 4.132.0)
───────────────────────────────────────────────
Resource location: remote 

🌀 Executing on remote database jarvis-scratch-rehearsal-0916g (ad4c1042-3263-43f7-b93c-9646ed36a001):
🌀 To execute on your local development database, remove the --remote flag from your wrangler command.
🚣 Executed 1 command in 0.67ms
[
  {
    "results": [],
    "success": true,
    "meta": {
      "served_by": "v3-prod",
      "served_by_region": "ENAM",
      "served_by_colo": "EWR",
      "served_by_primary": true,
      "timings": {
        "sql_duration_ms": 0.6712
      },
      "duration": 0.6712,
      "changes": 0,
      "last_row_id": 6,
      "changed_db": false,
      "size_after": 671744,
      "rows_read": 0,
      "rows_written": 1,
      "total_attempts": 1
    }
  }
]

 ⛅️ wrangler 4.127.1 (update available 4.132.0)
───────────────────────────────────────────────
Resource location: remote 

🌀 Executing on remote database jarvis-scratch-rehearsal-0916g (ad4c1042-3263-43f7-b93c-9646ed36a001):
🌀 To execute on your local development database, remove the --remote flag from your wrangler command.
🚣 Executed 1 command in 0.38ms
[
  {
    "results": [],
    "success": true,
    "meta": {
      "served_by": "v3-prod",
      "served_by_region": "ENAM",
      "served_by_colo": "EWR",
      "served_by_primary": true,
      "timings": {
        "sql_duration_ms": 0.3841
      },
      "duration": 0.3841,
      "changes": 0,
      "last_row_id": 6,
      "changed_db": false,
      "size_after": 671744,
      "rows_read": 0,
      "rows_written": 1,
      "total_attempts": 1
    }
  }
]

 ⛅️ wrangler 4.127.1 (update available 4.132.0)
───────────────────────────────────────────────
Resource location: remote 

🌀 Executing on remote database jarvis-scratch-rehearsal-0916g (ad4c1042-3263-43f7-b93c-9646ed36a001):
🌀 To execute on your local development database, remove the --remote flag from your wrangler command.
🚣 Executed 1 command in 0.16ms
[
  {
    "results": [],
    "success": true,
    "meta": {
      "served_by": "v3-prod",
      "served_by_region": "ENAM",
      "served_by_colo": "EWR",
      "served_by_primary": true,
      "timings": {
        "sql_duration_ms": 0.1623
      },
      "duration": 0.1623,
      "changes": 1,
      "last_row_id": 7,
      "changed_db": true,
      "size_after": 671744,
      "rows_read": 1,
      "rows_written": 3,
      "total_attempts": 1
    }
  }
]
BASELINE RECEIPT OK: 0007_voice_access_boundaries.sql
Applying 0008_autonomy.sql: 10 split statements.

 ⛅️ wrangler 4.127.1 (update available 4.132.0)
───────────────────────────────────────────────
Resource location: remote 

🌀 Executing on remote database jarvis-scratch-rehearsal-0916g (ad4c1042-3263-43f7-b93c-9646ed36a001):
🌀 To execute on your local development database, remove the --remote flag from your wrangler command.
🚣 Executed 1 command in 0.49ms
[
  {
    "results": [],
    "success": true,
    "meta": {
      "served_by": "v3-prod",
      "served_by_region": "ENAM",
      "served_by_colo": "EWR",
      "served_by_primary": true,
      "timings": {
        "sql_duration_ms": 0.4915
      },
      "duration": 0.4915,
      "changes": 0,
      "last_row_id": 7,
      "changed_db": true,
      "size_after": 679936,
      "rows_read": 1,
      "rows_written": 3,
      "total_attempts": 1
    }
  }
]

 ⛅️ wrangler 4.127.1 (update available 4.132.0)
───────────────────────────────────────────────
Resource location: remote 

🌀 Executing on remote database jarvis-scratch-rehearsal-0916g (ad4c1042-3263-43f7-b93c-9646ed36a001):
🌀 To execute on your local development database, remove the --remote flag from your wrangler command.
🚣 Executed 1 command in 0.24ms
[
  {
    "results": [],
    "success": true,
    "meta": {
      "served_by": "v3-prod",
      "served_by_region": "ENAM",
      "served_by_colo": "EWR",
      "served_by_primary": true,
      "timings": {
        "sql_duration_ms": 0.2428
      },
      "duration": 0.2428,
      "changes": 13,
      "last_row_id": 13,
      "changed_db": true,
      "size_after": 679936,
      "rows_read": 13,
      "rows_written": 26,
      "total_attempts": 1
    }
  }
]

 ⛅️ wrangler 4.127.1 (update available 4.132.0)
───────────────────────────────────────────────
Resource location: remote 

🌀 Executing on remote database jarvis-scratch-rehearsal-0916g (ad4c1042-3263-43f7-b93c-9646ed36a001):
🌀 To execute on your local development database, remove the --remote flag from your wrangler command.
🚣 Executed 1 command in 0.56ms
[
  {
    "results": [],
    "success": true,
    "meta": {
      "served_by": "v3-prod",
      "served_by_region": "ENAM",
      "served_by_colo": "EWR",
      "served_by_primary": true,
      "timings": {
        "sql_duration_ms": 0.5629
      },
      "duration": 0.5629,
      "changes": 0,
      "last_row_id": 13,
      "changed_db": true,
      "size_after": 684032,
      "rows_read": 1,
      "rows_written": 2,
      "total_attempts": 1
    }
  }
]

 ⛅️ wrangler 4.127.1 (update available 4.132.0)
───────────────────────────────────────────────
Resource location: remote 

🌀 Executing on remote database jarvis-scratch-rehearsal-0916g (ad4c1042-3263-43f7-b93c-9646ed36a001):
🌀 To execute on your local development database, remove the --remote flag from your wrangler command.
🚣 Executed 1 command in 0.16ms
[
  {
    "results": [],
    "success": true,
    "meta": {
      "served_by": "v3-prod",
      "served_by_region": "ENAM",
      "served_by_colo": "EWR",
      "served_by_primary": true,
      "timings": {
        "sql_duration_ms": 0.1565
      },
      "duration": 0.1565,
      "changes": 1,
      "last_row_id": 1,
      "changed_db": true,
      "size_after": 684032,
      "rows_read": 1,
      "rows_written": 1,
      "total_attempts": 1
    }
  }
]

 ⛅️ wrangler 4.127.1 (update available 4.132.0)
───────────────────────────────────────────────
Resource location: remote 

🌀 Executing on remote database jarvis-scratch-rehearsal-0916g (ad4c1042-3263-43f7-b93c-9646ed36a001):
🌀 To execute on your local development database, remove the --remote flag from your wrangler command.
🚣 Executed 1 command in 0.23ms
[
  {
    "results": [],
    "success": true,
    "meta": {
      "served_by": "v3-prod",
      "served_by_region": "ENAM",
      "served_by_colo": "EWR",
      "served_by_primary": true,
      "timings": {
        "sql_duration_ms": 0.226
      },
      "duration": 0.226,
      "changes": 0,
      "last_row_id": 1,
      "changed_db": false,
      "size_after": 684032,
      "rows_read": 0,
      "rows_written": 1,
      "total_attempts": 1
    }
  }
]

 ⛅️ wrangler 4.127.1 (update available 4.132.0)
───────────────────────────────────────────────
Resource location: remote 

🌀 Executing on remote database jarvis-scratch-rehearsal-0916g (ad4c1042-3263-43f7-b93c-9646ed36a001):
🌀 To execute on your local development database, remove the --remote flag from your wrangler command.
🚣 Executed 1 command in 0.72ms
[
  {
    "results": [],
    "success": true,
    "meta": {
      "served_by": "v3-prod",
      "served_by_region": "ENAM",
      "served_by_colo": "EWR",
      "served_by_primary": true,
      "timings": {
        "sql_duration_ms": 0.7167
      },
      "duration": 0.7167,
      "changes": 0,
      "last_row_id": 1,
      "changed_db": true,
      "size_after": 696320,
      "rows_read": 1,
      "rows_written": 3,
      "total_attempts": 1
    }
  }
]

 ⛅️ wrangler 4.127.1 (update available 4.132.0)
───────────────────────────────────────────────
Resource location: remote 

🌀 Executing on remote database jarvis-scratch-rehearsal-0916g (ad4c1042-3263-43f7-b93c-9646ed36a001):
🌀 To execute on your local development database, remove the --remote flag from your wrangler command.
🚣 Executed 1 command in 0.36ms
[
  {
    "results": [],
    "success": true,
    "meta": {
      "served_by": "v3-prod",
      "served_by_region": "ENAM",
      "served_by_colo": "EWR",
      "served_by_primary": true,
      "timings": {
        "sql_duration_ms": 0.3589
      },
      "duration": 0.3589,
      "changes": 0,
      "last_row_id": 1,
      "changed_db": true,
      "size_after": 700416,
      "rows_read": 2,
      "rows_written": 1,
      "total_attempts": 1
    }
  }
]

 ⛅️ wrangler 4.127.1 (update available 4.132.0)
───────────────────────────────────────────────
Resource location: remote 

🌀 Executing on remote database jarvis-scratch-rehearsal-0916g (ad4c1042-3263-43f7-b93c-9646ed36a001):
🌀 To execute on your local development database, remove the --remote flag from your wrangler command.
🚣 Executed 1 command in 0.37ms
[
  {
    "results": [],
    "success": true,
    "meta": {
      "served_by": "v3-prod",
      "served_by_region": "ENAM",
      "served_by_colo": "EWR",
      "served_by_primary": true,
      "timings": {
        "sql_duration_ms": 0.3661
      },
      "duration": 0.3661,
      "changes": 0,
      "last_row_id": 1,
      "changed_db": true,
      "size_after": 704512,
      "rows_read": 2,
      "rows_written": 1,
      "total_attempts": 1
    }
  }
]

 ⛅️ wrangler 4.127.1 (update available 4.132.0)
───────────────────────────────────────────────
Resource location: remote 

🌀 Executing on remote database jarvis-scratch-rehearsal-0916g (ad4c1042-3263-43f7-b93c-9646ed36a001):
🌀 To execute on your local development database, remove the --remote flag from your wrangler command.
🚣 Executed 1 command in 0.29ms
[
  {
    "results": [],
    "success": true,
    "meta": {
      "served_by": "v3-prod",
      "served_by_region": "ENAM",
      "served_by_colo": "EWR",
      "served_by_primary": true,
      "timings": {
        "sql_duration_ms": 0.2942
      },
      "duration": 0.2942,
      "changes": 0,
      "last_row_id": 1,
      "changed_db": false,
      "size_after": 704512,
      "rows_read": 0,
      "rows_written": 1,
      "total_attempts": 1
    }
  }
]

 ⛅️ wrangler 4.127.1 (update available 4.132.0)
───────────────────────────────────────────────
Resource location: remote 

🌀 Executing on remote database jarvis-scratch-rehearsal-0916g (ad4c1042-3263-43f7-b93c-9646ed36a001):
🌀 To execute on your local development database, remove the --remote flag from your wrangler command.
🚣 Executed 1 command in 0.51ms
[
  {
    "results": [],
    "success": true,
    "meta": {
      "served_by": "v3-prod",
      "served_by_region": "ENAM",
      "served_by_colo": "EWR",
      "served_by_primary": true,
      "timings": {
        "sql_duration_ms": 0.5082
      },
      "duration": 0.5082,
      "changes": 0,
      "last_row_id": 1,
      "changed_db": false,
      "size_after": 704512,
      "rows_read": 0,
      "rows_written": 1,
      "total_attempts": 1
    }
  }
]

 ⛅️ wrangler 4.127.1 (update available 4.132.0)
───────────────────────────────────────────────
Resource location: remote 

🌀 Executing on remote database jarvis-scratch-rehearsal-0916g (ad4c1042-3263-43f7-b93c-9646ed36a001):
🌀 To execute on your local development database, remove the --remote flag from your wrangler command.
🚣 Executed 1 command in 0.12ms
[
  {
    "results": [],
    "success": true,
    "meta": {
      "served_by": "v3-prod",
      "served_by_region": "ENAM",
      "served_by_colo": "EWR",
      "served_by_primary": true,
      "timings": {
        "sql_duration_ms": 0.1213
      },
      "duration": 0.1213,
      "changes": 1,
      "last_row_id": 8,
      "changed_db": true,
      "size_after": 704512,
      "rows_read": 1,
      "rows_written": 3,
      "total_attempts": 1
    }
  }
]
BASELINE RECEIPT OK: 0008_autonomy.sql
Applying 0009_decisions.sql: 12 split statements.

 ⛅️ wrangler 4.127.1 (update available 4.132.0)
───────────────────────────────────────────────
Resource location: remote 

🌀 Executing on remote database jarvis-scratch-rehearsal-0916g (ad4c1042-3263-43f7-b93c-9646ed36a001):
🌀 To execute on your local development database, remove the --remote flag from your wrangler command.
🚣 Executed 1 command in 0.52ms
[
  {
    "results": [],
    "success": true,
    "meta": {
      "served_by": "v3-prod",
      "served_by_region": "ENAM",
      "served_by_colo": "EWR",
      "served_by_primary": true,
      "timings": {
        "sql_duration_ms": 0.5158
      },
      "duration": 0.5158,
      "changes": 0,
      "last_row_id": 8,
      "changed_db": true,
      "size_after": 712704,
      "rows_read": 1,
      "rows_written": 3,
      "total_attempts": 1
    }
  }
]

 ⛅️ wrangler 4.127.1 (update available 4.132.0)
───────────────────────────────────────────────
Resource location: remote 

🌀 Executing on remote database jarvis-scratch-rehearsal-0916g (ad4c1042-3263-43f7-b93c-9646ed36a001):
🌀 To execute on your local development database, remove the --remote flag from your wrangler command.
🚣 Executed 1 command in 0.40ms
[
  {
    "results": [],
    "success": true,
    "meta": {
      "served_by": "v3-prod",
      "served_by_region": "ENAM",
      "served_by_colo": "EWR",
      "served_by_primary": true,
      "timings": {
        "sql_duration_ms": 0.3987
      },
      "duration": 0.3987,
      "changes": 0,
      "last_row_id": 8,
      "changed_db": true,
      "size_after": 716800,
      "rows_read": 2,
      "rows_written": 1,
      "total_attempts": 1
    }
  }
]

 ⛅️ wrangler 4.127.1 (update available 4.132.0)
───────────────────────────────────────────────
Resource location: remote 

🌀 Executing on remote database jarvis-scratch-rehearsal-0916g (ad4c1042-3263-43f7-b93c-9646ed36a001):
🌀 To execute on your local development database, remove the --remote flag from your wrangler command.
🚣 Executed 1 command in 0.43ms
[
  {
    "results": [],
    "success": true,
    "meta": {
      "served_by": "v3-prod",
      "served_by_region": "ENAM",
      "served_by_colo": "EWR",
      "served_by_primary": true,
      "timings": {
        "sql_duration_ms": 0.4282
      },
      "duration": 0.4282,
      "changes": 0,
      "last_row_id": 8,
      "changed_db": true,
      "size_after": 720896,
      "rows_read": 2,
      "rows_written": 1,
      "total_attempts": 1
    }
  }
]

 ⛅️ wrangler 4.127.1 (update available 4.132.0)
───────────────────────────────────────────────
Resource location: remote 

🌀 Executing on remote database jarvis-scratch-rehearsal-0916g (ad4c1042-3263-43f7-b93c-9646ed36a001):
🌀 To execute on your local development database, remove the --remote flag from your wrangler command.
🚣 Executed 1 command in 0.45ms
[
  {
    "results": [],
    "success": true,
    "meta": {
      "served_by": "v3-prod",
      "served_by_region": "ENAM",
      "served_by_colo": "EWR",
      "served_by_primary": true,
      "timings": {
        "sql_duration_ms": 0.4488
      },
      "duration": 0.4488,
      "changes": 0,
      "last_row_id": 8,
      "changed_db": true,
      "size_after": 733184,
      "rows_read": 1,
      "rows_written": 3,
      "total_attempts": 1
    }
  }
]

 ⛅️ wrangler 4.127.1 (update available 4.132.0)
───────────────────────────────────────────────
Resource location: remote 

🌀 Executing on remote database jarvis-scratch-rehearsal-0916g (ad4c1042-3263-43f7-b93c-9646ed36a001):
🌀 To execute on your local development database, remove the --remote flag from your wrangler command.
🚣 Executed 1 command in 0.70ms
[
  {
    "results": [],
    "success": true,
    "meta": {
      "served_by": "v3-prod",
      "served_by_region": "ENAM",
      "served_by_colo": "EWR",
      "served_by_primary": true,
      "timings": {
        "sql_duration_ms": 0.6972
      },
      "duration": 0.6972,
      "changes": 0,
      "last_row_id": 8,
      "changed_db": true,
      "size_after": 737280,
      "rows_read": 2,
      "rows_written": 1,
      "total_attempts": 1
    }
  }
]

 ⛅️ wrangler 4.127.1 (update available 4.132.0)
───────────────────────────────────────────────
Resource location: remote 

🌀 Executing on remote database jarvis-scratch-rehearsal-0916g (ad4c1042-3263-43f7-b93c-9646ed36a001):
🌀 To execute on your local development database, remove the --remote flag from your wrangler command.
🚣 Executed 1 command in 0.46ms
[
  {
    "results": [],
    "success": true,
    "meta": {
      "served_by": "v3-prod",
      "served_by_region": "ENAM",
      "served_by_colo": "EWR",
      "served_by_primary": true,
      "timings": {
        "sql_duration_ms": 0.4613
      },
      "duration": 0.4613,
      "changes": 0,
      "last_row_id": 8,
      "changed_db": true,
      "size_after": 745472,
      "rows_read": 1,
      "rows_written": 3,
      "total_attempts": 1
    }
  }
]

 ⛅️ wrangler 4.127.1 (update available 4.132.0)
───────────────────────────────────────────────
Resource location: remote 

🌀 Executing on remote database jarvis-scratch-rehearsal-0916g (ad4c1042-3263-43f7-b93c-9646ed36a001):
🌀 To execute on your local development database, remove the --remote flag from your wrangler command.
🚣 Executed 1 command in 0.40ms
[
  {
    "results": [],
    "success": true,
    "meta": {
      "served_by": "v3-prod",
      "served_by_region": "ENAM",
      "served_by_colo": "EWR",
      "served_by_primary": true,
      "timings": {
        "sql_duration_ms": 0.4045
      },
      "duration": 0.4045,
      "changes": 0,
      "last_row_id": 8,
      "changed_db": true,
      "size_after": 749568,
      "rows_read": 2,
      "rows_written": 1,
      "total_attempts": 1
    }
  }
]

 ⛅️ wrangler 4.127.1 (update available 4.132.0)
───────────────────────────────────────────────
Resource location: remote 

🌀 Executing on remote database jarvis-scratch-rehearsal-0916g (ad4c1042-3263-43f7-b93c-9646ed36a001):
🌀 To execute on your local development database, remove the --remote flag from your wrangler command.
🚣 Executed 1 command in 0.32ms
[
  {
    "results": [],
    "success": true,
    "meta": {
      "served_by": "v3-prod",
      "served_by_region": "ENAM",
      "served_by_colo": "EWR",
      "served_by_primary": true,
      "timings": {
        "sql_duration_ms": 0.3188
      },
      "duration": 0.3188,
      "changes": 0,
      "last_row_id": 8,
      "changed_db": false,
      "size_after": 749568,
      "rows_read": 0,
      "rows_written": 1,
      "total_attempts": 1
    }
  }
]

 ⛅️ wrangler 4.127.1 (update available 4.132.0)
───────────────────────────────────────────────
Resource location: remote 

🌀 Executing on remote database jarvis-scratch-rehearsal-0916g (ad4c1042-3263-43f7-b93c-9646ed36a001):
🌀 To execute on your local development database, remove the --remote flag from your wrangler command.
🚣 Executed 1 command in 0.31ms
[
  {
    "results": [],
    "success": true,
    "meta": {
      "served_by": "v3-prod",
      "served_by_region": "ENAM",
      "served_by_colo": "EWR",
      "served_by_primary": true,
      "timings": {
        "sql_duration_ms": 0.3147
      },
      "duration": 0.3147,
      "changes": 0,
      "last_row_id": 8,
      "changed_db": false,
      "size_after": 749568,
      "rows_read": 0,
      "rows_written": 1,
      "total_attempts": 1
    }
  }
]

 ⛅️ wrangler 4.127.1 (update available 4.132.0)
───────────────────────────────────────────────
Resource location: remote 

🌀 Executing on remote database jarvis-scratch-rehearsal-0916g (ad4c1042-3263-43f7-b93c-9646ed36a001):
🌀 To execute on your local development database, remove the --remote flag from your wrangler command.
🚣 Executed 1 command in 0.56ms
[
  {
    "results": [],
    "success": true,
    "meta": {
      "served_by": "v3-prod",
      "served_by_region": "ENAM",
      "served_by_colo": "EWR",
      "served_by_primary": true,
      "timings": {
        "sql_duration_ms": 0.5576
      },
      "duration": 0.5576,
      "changes": 0,
      "last_row_id": 8,
      "changed_db": false,
      "size_after": 749568,
      "rows_read": 0,
      "rows_written": 1,
      "total_attempts": 1
    }
  }
]

 ⛅️ wrangler 4.127.1 (update available 4.132.0)
───────────────────────────────────────────────
Resource location: remote 

🌀 Executing on remote database jarvis-scratch-rehearsal-0916g (ad4c1042-3263-43f7-b93c-9646ed36a001):
🌀 To execute on your local development database, remove the --remote flag from your wrangler command.
🚣 Executed 1 command in 0.37ms
[
  {
    "results": [],
    "success": true,
    "meta": {
      "served_by": "v3-prod",
      "served_by_region": "ENAM",
      "served_by_colo": "EWR",
      "served_by_primary": true,
      "timings": {
        "sql_duration_ms": 0.3694
      },
      "duration": 0.3694,
      "changes": 0,
      "last_row_id": 8,
      "changed_db": false,
      "size_after": 749568,
      "rows_read": 0,
      "rows_written": 1,
      "total_attempts": 1
    }
  }
]

 ⛅️ wrangler 4.127.1 (update available 4.132.0)
───────────────────────────────────────────────
Resource location: remote 

🌀 Executing on remote database jarvis-scratch-rehearsal-0916g (ad4c1042-3263-43f7-b93c-9646ed36a001):
🌀 To execute on your local development database, remove the --remote flag from your wrangler command.
🚣 Executed 1 command in 0.33ms
[
  {
    "results": [],
    "success": true,
    "meta": {
      "served_by": "v3-prod",
      "served_by_region": "ENAM",
      "served_by_colo": "EWR",
      "served_by_primary": true,
      "timings": {
        "sql_duration_ms": 0.3255
      },
      "duration": 0.3255,
      "changes": 0,
      "last_row_id": 8,
      "changed_db": false,
      "size_after": 749568,
      "rows_read": 0,
      "rows_written": 1,
      "total_attempts": 1
    }
  }
]

 ⛅️ wrangler 4.127.1 (update available 4.132.0)
───────────────────────────────────────────────
Resource location: remote 

🌀 Executing on remote database jarvis-scratch-rehearsal-0916g (ad4c1042-3263-43f7-b93c-9646ed36a001):
🌀 To execute on your local development database, remove the --remote flag from your wrangler command.
🚣 Executed 1 command in 0.23ms
[
  {
    "results": [],
    "success": true,
    "meta": {
      "served_by": "v3-prod",
      "served_by_region": "ENAM",
      "served_by_colo": "EWR",
      "served_by_primary": true,
      "timings": {
        "sql_duration_ms": 0.2345
      },
      "duration": 0.2345,
      "changes": 1,
      "last_row_id": 9,
      "changed_db": true,
      "size_after": 749568,
      "rows_read": 1,
      "rows_written": 3,
      "total_attempts": 1
    }
  }
]
BASELINE RECEIPT OK: 0009_decisions.sql
Applying 0010_projects.sql: 7 split statements.

 ⛅️ wrangler 4.127.1 (update available 4.132.0)
───────────────────────────────────────────────
Resource location: remote 

🌀 Executing on remote database jarvis-scratch-rehearsal-0916g (ad4c1042-3263-43f7-b93c-9646ed36a001):
🌀 To execute on your local development database, remove the --remote flag from your wrangler command.
🚣 Executed 1 command in 0.60ms
[
  {
    "results": [],
    "success": true,
    "meta": {
      "served_by": "v3-prod",
      "served_by_region": "ENAM",
      "served_by_colo": "EWR",
      "served_by_primary": true,
      "timings": {
        "sql_duration_ms": 0.6005
      },
      "duration": 0.6005,
      "changes": 0,
      "last_row_id": 9,
      "changed_db": true,
      "size_after": 761856,
      "rows_read": 1,
      "rows_written": 4,
      "total_attempts": 1
    }
  }
]

 ⛅️ wrangler 4.127.1 (update available 4.132.0)
───────────────────────────────────────────────
Resource location: remote 

🌀 Executing on remote database jarvis-scratch-rehearsal-0916g (ad4c1042-3263-43f7-b93c-9646ed36a001):
🌀 To execute on your local development database, remove the --remote flag from your wrangler command.
🚣 Executed 1 command in 0.47ms
[
  {
    "results": [],
    "success": true,
    "meta": {
      "served_by": "v3-prod",
      "served_by_region": "ENAM",
      "served_by_colo": "EWR",
      "served_by_primary": true,
      "timings": {
        "sql_duration_ms": 0.4736
      },
      "duration": 0.4736,
      "changes": 0,
      "last_row_id": 9,
      "changed_db": true,
      "size_after": 774144,
      "rows_read": 1,
      "rows_written": 3,
      "total_attempts": 1
    }
  }
]

 ⛅️ wrangler 4.127.1 (update available 4.132.0)
───────────────────────────────────────────────
Resource location: remote 

🌀 Executing on remote database jarvis-scratch-rehearsal-0916g (ad4c1042-3263-43f7-b93c-9646ed36a001):
🌀 To execute on your local development database, remove the --remote flag from your wrangler command.
🚣 Executed 1 command in 0.41ms
[
  {
    "results": [],
    "success": true,
    "meta": {
      "served_by": "v3-prod",
      "served_by_region": "ENAM",
      "served_by_colo": "EWR",
      "served_by_primary": true,
      "timings": {
        "sql_duration_ms": 0.4133
      },
      "duration": 0.4133,
      "changes": 0,
      "last_row_id": 9,
      "changed_db": true,
      "size_after": 778240,
      "rows_read": 2,
      "rows_written": 1,
      "total_attempts": 1
    }
  }
]

 ⛅️ wrangler 4.127.1 (update available 4.132.0)
───────────────────────────────────────────────
Resource location: remote 

🌀 Executing on remote database jarvis-scratch-rehearsal-0916g (ad4c1042-3263-43f7-b93c-9646ed36a001):
🌀 To execute on your local development database, remove the --remote flag from your wrangler command.
🚣 Executed 1 command in 0.29ms
[
  {
    "results": [],
    "success": true,
    "meta": {
      "served_by": "v3-prod",
      "served_by_region": "ENAM",
      "served_by_colo": "EWR",
      "served_by_primary": true,
      "timings": {
        "sql_duration_ms": 0.2926
      },
      "duration": 0.2926,
      "changes": 0,
      "last_row_id": 9,
      "changed_db": false,
      "size_after": 778240,
      "rows_read": 0,
      "rows_written": 1,
      "total_attempts": 1
    }
  }
]

 ⛅️ wrangler 4.127.1 (update available 4.132.0)
───────────────────────────────────────────────
Resource location: remote 

🌀 Executing on remote database jarvis-scratch-rehearsal-0916g (ad4c1042-3263-43f7-b93c-9646ed36a001):
🌀 To execute on your local development database, remove the --remote flag from your wrangler command.
🚣 Executed 1 command in 0.39ms
[
  {
    "results": [],
    "success": true,
    "meta": {
      "served_by": "v3-prod",
      "served_by_region": "ENAM",
      "served_by_colo": "EWR",
      "served_by_primary": true,
      "timings": {
        "sql_duration_ms": 0.3926
      },
      "duration": 0.3926,
      "changes": 0,
      "last_row_id": 9,
      "changed_db": true,
      "size_after": 786432,
      "rows_read": 1,
      "rows_written": 3,
      "total_attempts": 1
    }
  }
]

 ⛅️ wrangler 4.127.1 (update available 4.132.0)
───────────────────────────────────────────────
Resource location: remote 

🌀 Executing on remote database jarvis-scratch-rehearsal-0916g (ad4c1042-3263-43f7-b93c-9646ed36a001):
🌀 To execute on your local development database, remove the --remote flag from your wrangler command.
🚣 Executed 1 command in 0.38ms
[
  {
    "results": [],
    "success": true,
    "meta": {
      "served_by": "v3-prod",
      "served_by_region": "ENAM",
      "served_by_colo": "EWR",
      "served_by_primary": true,
      "timings": {
        "sql_duration_ms": 0.3791
      },
      "duration": 0.3791,
      "changes": 0,
      "last_row_id": 9,
      "changed_db": true,
      "size_after": 790528,
      "rows_read": 2,
      "rows_written": 1,
      "total_attempts": 1
    }
  }
]

 ⛅️ wrangler 4.127.1 (update available 4.132.0)
───────────────────────────────────────────────
Resource location: remote 

🌀 Executing on remote database jarvis-scratch-rehearsal-0916g (ad4c1042-3263-43f7-b93c-9646ed36a001):
🌀 To execute on your local development database, remove the --remote flag from your wrangler command.
🚣 Executed 1 command in 0.26ms
[
  {
    "results": [],
    "success": true,
    "meta": {
      "served_by": "v3-prod",
      "served_by_region": "ENAM",
      "served_by_colo": "EWR",
      "served_by_primary": true,
      "timings": {
        "sql_duration_ms": 0.2582
      },
      "duration": 0.2582,
      "changes": 0,
      "last_row_id": 9,
      "changed_db": false,
      "size_after": 790528,
      "rows_read": 0,
      "rows_written": 1,
      "total_attempts": 1
    }
  }
]

 ⛅️ wrangler 4.127.1 (update available 4.132.0)
───────────────────────────────────────────────
Resource location: remote 

🌀 Executing on remote database jarvis-scratch-rehearsal-0916g (ad4c1042-3263-43f7-b93c-9646ed36a001):
🌀 To execute on your local development database, remove the --remote flag from your wrangler command.
🚣 Executed 1 command in 0.13ms
[
  {
    "results": [],
    "success": true,
    "meta": {
      "served_by": "v3-prod",
      "served_by_region": "ENAM",
      "served_by_colo": "EWR",
      "served_by_primary": true,
      "timings": {
        "sql_duration_ms": 0.1285
      },
      "duration": 0.1285,
      "changes": 1,
      "last_row_id": 10,
      "changed_db": true,
      "size_after": 790528,
      "rows_read": 1,
      "rows_written": 3,
      "total_attempts": 1
    }
  }
]
BASELINE RECEIPT OK: 0010_projects.sql
Applying 0011_deadlines.sql: 9 split statements.

 ⛅️ wrangler 4.127.1 (update available 4.132.0)
───────────────────────────────────────────────
Resource location: remote 

🌀 Executing on remote database jarvis-scratch-rehearsal-0916g (ad4c1042-3263-43f7-b93c-9646ed36a001):
🌀 To execute on your local development database, remove the --remote flag from your wrangler command.
🚣 Executed 1 command in 0.48ms
[
  {
    "results": [],
    "success": true,
    "meta": {
      "served_by": "v3-prod",
      "served_by_region": "ENAM",
      "served_by_colo": "EWR",
      "served_by_primary": true,
      "timings": {
        "sql_duration_ms": 0.4785
      },
      "duration": 0.4785,
      "changes": 0,
      "last_row_id": 10,
      "changed_db": true,
      "size_after": 798720,
      "rows_read": 1,
      "rows_written": 3,
      "total_attempts": 1
    }
  }
]

 ⛅️ wrangler 4.127.1 (update available 4.132.0)
───────────────────────────────────────────────
Resource location: remote 

🌀 Executing on remote database jarvis-scratch-rehearsal-0916g (ad4c1042-3263-43f7-b93c-9646ed36a001):
🌀 To execute on your local development database, remove the --remote flag from your wrangler command.
🚣 Executed 1 command in 0.51ms
[
  {
    "results": [],
    "success": true,
    "meta": {
      "served_by": "v3-prod",
      "served_by_region": "ENAM",
      "served_by_colo": "EWR",
      "served_by_primary": true,
      "timings": {
        "sql_duration_ms": 0.51
      },
      "duration": 0.51,
      "changes": 0,
      "last_row_id": 10,
      "changed_db": true,
      "size_after": 815104,
      "rows_read": 1,
      "rows_written": 4,
      "total_attempts": 1
    }
  }
]

 ⛅️ wrangler 4.127.1 (update available 4.132.0)
───────────────────────────────────────────────
Resource location: remote 

🌀 Executing on remote database jarvis-scratch-rehearsal-0916g (ad4c1042-3263-43f7-b93c-9646ed36a001):
🌀 To execute on your local development database, remove the --remote flag from your wrangler command.
🚣 Executed 1 command in 0.44ms
[
  {
    "results": [],
    "success": true,
    "meta": {
      "served_by": "v3-prod",
      "served_by_region": "ENAM",
      "served_by_colo": "EWR",
      "served_by_primary": true,
      "timings": {
        "sql_duration_ms": 0.436
      },
      "duration": 0.436,
      "changes": 0,
      "last_row_id": 10,
      "changed_db": true,
      "size_after": 819200,
      "rows_read": 2,
      "rows_written": 1,
      "total_attempts": 1
    }
  }
]

 ⛅️ wrangler 4.127.1 (update available 4.132.0)
───────────────────────────────────────────────
Resource location: remote 

🌀 Executing on remote database jarvis-scratch-rehearsal-0916g (ad4c1042-3263-43f7-b93c-9646ed36a001):
🌀 To execute on your local development database, remove the --remote flag from your wrangler command.
🚣 Executed 1 command in 0.54ms
[
  {
    "results": [],
    "success": true,
    "meta": {
      "served_by": "v3-prod",
      "served_by_region": "ENAM",
      "served_by_colo": "EWR",
      "served_by_primary": true,
      "timings": {
        "sql_duration_ms": 0.5369
      },
      "duration": 0.5369,
      "changes": 0,
      "last_row_id": 10,
      "changed_db": true,
      "size_after": 827392,
      "rows_read": 1,
      "rows_written": 3,
      "total_attempts": 1
    }
  }
]

 ⛅️ wrangler 4.127.1 (update available 4.132.0)
───────────────────────────────────────────────
Resource location: remote 

🌀 Executing on remote database jarvis-scratch-rehearsal-0916g (ad4c1042-3263-43f7-b93c-9646ed36a001):
🌀 To execute on your local development database, remove the --remote flag from your wrangler command.
🚣 Executed 1 command in 0.38ms
[
  {
    "results": [],
    "success": true,
    "meta": {
      "served_by": "v3-prod",
      "served_by_region": "ENAM",
      "served_by_colo": "EWR",
      "served_by_primary": true,
      "timings": {
        "sql_duration_ms": 0.3841
      },
      "duration": 0.3841,
      "changes": 0,
      "last_row_id": 10,
      "changed_db": true,
      "size_after": 831488,
      "rows_read": 2,
      "rows_written": 1,
      "total_attempts": 1
    }
  }
]

 ⛅️ wrangler 4.127.1 (update available 4.132.0)
───────────────────────────────────────────────
Resource location: remote 

🌀 Executing on remote database jarvis-scratch-rehearsal-0916g (ad4c1042-3263-43f7-b93c-9646ed36a001):
🌀 To execute on your local development database, remove the --remote flag from your wrangler command.
🚣 Executed 1 command in 0.36ms
[
  {
    "results": [],
    "success": true,
    "meta": {
      "served_by": "v3-prod",
      "served_by_region": "ENAM",
      "served_by_colo": "EWR",
      "served_by_primary": true,
      "timings": {
        "sql_duration_ms": 0.3553
      },
      "duration": 0.3553,
      "changes": 0,
      "last_row_id": 10,
      "changed_db": false,
      "size_after": 831488,
      "rows_read": 0,
      "rows_written": 1,
      "total_attempts": 1
    }
  }
]

 ⛅️ wrangler 4.127.1 (update available 4.132.0)
───────────────────────────────────────────────
Resource location: remote 

🌀 Executing on remote database jarvis-scratch-rehearsal-0916g (ad4c1042-3263-43f7-b93c-9646ed36a001):
🌀 To execute on your local development database, remove the --remote flag from your wrangler command.
🚣 Executed 1 command in 0.36ms
[
  {
    "results": [],
    "success": true,
    "meta": {
      "served_by": "v3-prod",
      "served_by_region": "ENAM",
      "served_by_colo": "EWR",
      "served_by_primary": true,
      "timings": {
        "sql_duration_ms": 0.3625
      },
      "duration": 0.3625,
      "changes": 0,
      "last_row_id": 10,
      "changed_db": false,
      "size_after": 831488,
      "rows_read": 0,
      "rows_written": 1,
      "total_attempts": 1
    }
  }
]

 ⛅️ wrangler 4.127.1 (update available 4.132.0)
───────────────────────────────────────────────
Resource location: remote 

🌀 Executing on remote database jarvis-scratch-rehearsal-0916g (ad4c1042-3263-43f7-b93c-9646ed36a001):
🌀 To execute on your local development database, remove the --remote flag from your wrangler command.
🚣 Executed 1 command in 0.41ms
[
  {
    "results": [],
    "success": true,
    "meta": {
      "served_by": "v3-prod",
      "served_by_region": "ENAM",
      "served_by_colo": "EWR",
      "served_by_primary": true,
      "timings": {
        "sql_duration_ms": 0.4117
      },
      "duration": 0.4117,
      "changes": 0,
      "last_row_id": 10,
      "changed_db": true,
      "size_after": 839680,
      "rows_read": 1,
      "rows_written": 3,
      "total_attempts": 1
    }
  }
]

 ⛅️ wrangler 4.127.1 (update available 4.132.0)
───────────────────────────────────────────────
Resource location: remote 

🌀 Executing on remote database jarvis-scratch-rehearsal-0916g (ad4c1042-3263-43f7-b93c-9646ed36a001):
🌀 To execute on your local development database, remove the --remote flag from your wrangler command.
🚣 Executed 1 command in 0.65ms
[
  {
    "results": [],
    "success": true,
    "meta": {
      "served_by": "v3-prod",
      "served_by_region": "ENAM",
      "served_by_colo": "EWR",
      "served_by_primary": true,
      "timings": {
        "sql_duration_ms": 0.6498
      },
      "duration": 0.6498,
      "changes": 0,
      "last_row_id": 10,
      "changed_db": true,
      "size_after": 843776,
      "rows_read": 2,
      "rows_written": 1,
      "total_attempts": 1
    }
  }
]

 ⛅️ wrangler 4.127.1 (update available 4.132.0)
───────────────────────────────────────────────
Resource location: remote 

🌀 Executing on remote database jarvis-scratch-rehearsal-0916g (ad4c1042-3263-43f7-b93c-9646ed36a001):
🌀 To execute on your local development database, remove the --remote flag from your wrangler command.
🚣 Executed 1 command in 0.17ms
[
  {
    "results": [],
    "success": true,
    "meta": {
      "served_by": "v3-prod",
      "served_by_region": "ENAM",
      "served_by_colo": "EWR",
      "served_by_primary": true,
      "timings": {
        "sql_duration_ms": 0.169
      },
      "duration": 0.169,
      "changes": 1,
      "last_row_id": 11,
      "changed_db": true,
      "size_after": 843776,
      "rows_read": 1,
      "rows_written": 3,
      "total_attempts": 1
    }
  }
]
BASELINE RECEIPT OK: 0011_deadlines.sql
Applying 0012_liveness.sql: 3 split statements.

 ⛅️ wrangler 4.127.1 (update available 4.132.0)
───────────────────────────────────────────────
Resource location: remote 

🌀 Executing on remote database jarvis-scratch-rehearsal-0916g (ad4c1042-3263-43f7-b93c-9646ed36a001):
🌀 To execute on your local development database, remove the --remote flag from your wrangler command.
🚣 Executed 1 command in 0.66ms
[
  {
    "results": [],
    "success": true,
    "meta": {
      "served_by": "v3-prod",
      "served_by_region": "ENAM",
      "served_by_colo": "EWR",
      "served_by_primary": true,
      "timings": {
        "sql_duration_ms": 0.6555
      },
      "duration": 0.6555,
      "changes": 0,
      "last_row_id": 11,
      "changed_db": true,
      "size_after": 851968,
      "rows_read": 1,
      "rows_written": 3,
      "total_attempts": 1
    }
  }
]

 ⛅️ wrangler 4.127.1 (update available 4.132.0)
───────────────────────────────────────────────
Resource location: remote 

🌀 Executing on remote database jarvis-scratch-rehearsal-0916g (ad4c1042-3263-43f7-b93c-9646ed36a001):
🌀 To execute on your local development database, remove the --remote flag from your wrangler command.
🚣 Executed 1 command in 0.46ms
[
  {
    "results": [],
    "success": true,
    "meta": {
      "served_by": "v3-prod",
      "served_by_region": "ENAM",
      "served_by_colo": "EWR",
      "served_by_primary": true,
      "timings": {
        "sql_duration_ms": 0.4641
      },
      "duration": 0.4641,
      "changes": 0,
      "last_row_id": 11,
      "changed_db": true,
      "size_after": 864256,
      "rows_read": 1,
      "rows_written": 3,
      "total_attempts": 1
    }
  }
]

 ⛅️ wrangler 4.127.1 (update available 4.132.0)
───────────────────────────────────────────────
Resource location: remote 

🌀 Executing on remote database jarvis-scratch-rehearsal-0916g (ad4c1042-3263-43f7-b93c-9646ed36a001):
🌀 To execute on your local development database, remove the --remote flag from your wrangler command.
🚣 Executed 1 command in 0.52ms
[
  {
    "results": [],
    "success": true,
    "meta": {
      "served_by": "v3-prod",
      "served_by_region": "ENAM",
      "served_by_colo": "EWR",
      "served_by_primary": true,
      "timings": {
        "sql_duration_ms": 0.5245
      },
      "duration": 0.5245,
      "changes": 0,
      "last_row_id": 11,
      "changed_db": true,
      "size_after": 868352,
      "rows_read": 2,
      "rows_written": 1,
      "total_attempts": 1
    }
  }
]

 ⛅️ wrangler 4.127.1 (update available 4.132.0)
───────────────────────────────────────────────
Resource location: remote 

🌀 Executing on remote database jarvis-scratch-rehearsal-0916g (ad4c1042-3263-43f7-b93c-9646ed36a001):
🌀 To execute on your local development database, remove the --remote flag from your wrangler command.
🚣 Executed 1 command in 0.17ms
[
  {
    "results": [],
    "success": true,
    "meta": {
      "served_by": "v3-prod",
      "served_by_region": "ENAM",
      "served_by_colo": "EWR",
      "served_by_primary": true,
      "timings": {
        "sql_duration_ms": 0.1699
      },
      "duration": 0.1699,
      "changes": 1,
      "last_row_id": 12,
      "changed_db": true,
      "size_after": 868352,
      "rows_read": 1,
      "rows_written": 3,
      "total_attempts": 1
    }
  }
]
BASELINE RECEIPT OK: 0012_liveness.sql
Applying 0013_scheduled_runs.sql: 2 split statements.

 ⛅️ wrangler 4.127.1 (update available 4.132.0)
───────────────────────────────────────────────
Resource location: remote 

🌀 Executing on remote database jarvis-scratch-rehearsal-0916g (ad4c1042-3263-43f7-b93c-9646ed36a001):
🌀 To execute on your local development database, remove the --remote flag from your wrangler command.
🚣 Executed 1 command in 0.46ms
[
  {
    "results": [],
    "success": true,
    "meta": {
      "served_by": "v3-prod",
      "served_by_region": "ENAM",
      "served_by_colo": "EWR",
      "served_by_primary": true,
      "timings": {
        "sql_duration_ms": 0.4588
      },
      "duration": 0.4588,
      "changes": 0,
      "last_row_id": 12,
      "changed_db": true,
      "size_after": 876544,
      "rows_read": 1,
      "rows_written": 3,
      "total_attempts": 1
    }
  }
]

 ⛅️ wrangler 4.127.1 (update available 4.132.0)
───────────────────────────────────────────────
Resource location: remote 

🌀 Executing on remote database jarvis-scratch-rehearsal-0916g (ad4c1042-3263-43f7-b93c-9646ed36a001):
🌀 To execute on your local development database, remove the --remote flag from your wrangler command.
🚣 Executed 1 command in 0.47ms
[
  {
    "results": [],
    "success": true,
    "meta": {
      "served_by": "v3-prod",
      "served_by_region": "ENAM",
      "served_by_colo": "EWR",
      "served_by_primary": true,
      "timings": {
        "sql_duration_ms": 0.4681
      },
      "duration": 0.4681,
      "changes": 0,
      "last_row_id": 12,
      "changed_db": true,
      "size_after": 880640,
      "rows_read": 2,
      "rows_written": 1,
      "total_attempts": 1
    }
  }
]

 ⛅️ wrangler 4.127.1 (update available 4.132.0)
───────────────────────────────────────────────
Resource location: remote 

🌀 Executing on remote database jarvis-scratch-rehearsal-0916g (ad4c1042-3263-43f7-b93c-9646ed36a001):
🌀 To execute on your local development database, remove the --remote flag from your wrangler command.
🚣 Executed 1 command in 0.15ms
[
  {
    "results": [],
    "success": true,
    "meta": {
      "served_by": "v3-prod",
      "served_by_region": "ENAM",
      "served_by_colo": "EWR",
      "served_by_primary": true,
      "timings": {
        "sql_duration_ms": 0.1503
      },
      "duration": 0.1503,
      "changes": 1,
      "last_row_id": 13,
      "changed_db": true,
      "size_after": 880640,
      "rows_read": 1,
      "rows_written": 3,
      "total_attempts": 1
    }
  }
]
BASELINE RECEIPT OK: 0013_scheduled_runs.sql
Applying 0014_memory_projection.sql: 29 split statements.

 ⛅️ wrangler 4.127.1 (update available 4.132.0)
───────────────────────────────────────────────
Resource location: remote 

🌀 Executing on remote database jarvis-scratch-rehearsal-0916g (ad4c1042-3263-43f7-b93c-9646ed36a001):
🌀 To execute on your local development database, remove the --remote flag from your wrangler command.
🚣 Executed 1 command in 0.27ms
[
  {
    "results": [],
    "success": true,
    "meta": {
      "served_by": "v3-prod",
      "served_by_region": "ENAM",
      "served_by_colo": "EWR",
      "served_by_primary": true,
      "timings": {
        "sql_duration_ms": 0.2706
      },
      "duration": 0.2706,
      "changes": 0,
      "last_row_id": 13,
      "changed_db": false,
      "size_after": 880640,
      "rows_read": 0,
      "rows_written": 0,
      "total_attempts": 1
    }
  }
]

 ⛅️ wrangler 4.127.1 (update available 4.132.0)
───────────────────────────────────────────────
Resource location: remote 

🌀 Executing on remote database jarvis-scratch-rehearsal-0916g (ad4c1042-3263-43f7-b93c-9646ed36a001):
🌀 To execute on your local development database, remove the --remote flag from your wrangler command.
🚣 Executed 1 command in 1.31ms
[
  {
    "results": [],
    "success": true,
    "meta": {
      "served_by": "v3-prod",
      "served_by_region": "ENAM",
      "served_by_colo": "EWR",
      "served_by_primary": true,
      "timings": {
        "sql_duration_ms": 1.3073
      },
      "duration": 1.3073,
      "changes": 0,
      "last_row_id": 13,
      "changed_db": true,
      "size_after": 884736,
      "rows_read": 1,
      "rows_written": 2,
      "total_attempts": 1
    }
  }
]

 ⛅️ wrangler 4.127.1 (update available 4.132.0)
───────────────────────────────────────────────
Resource location: remote 

🌀 Executing on remote database jarvis-scratch-rehearsal-0916g (ad4c1042-3263-43f7-b93c-9646ed36a001):
🌀 To execute on your local development database, remove the --remote flag from your wrangler command.
🚣 Executed 1 command in 0.59ms
[
  {
    "results": [],
    "success": true,
    "meta": {
      "served_by": "v3-prod",
      "served_by_region": "ENAM",
      "served_by_colo": "EWR",
      "served_by_primary": true,
      "timings": {
        "sql_duration_ms": 0.5918
      },
      "duration": 0.5918,
      "changes": 0,
      "last_row_id": 13,
      "changed_db": false,
      "size_after": 884736,
      "rows_read": 0,
      "rows_written": 1,
      "total_attempts": 1
    }
  }
]

 ⛅️ wrangler 4.127.1 (update available 4.132.0)
───────────────────────────────────────────────
Resource location: remote 

🌀 Executing on remote database jarvis-scratch-rehearsal-0916g (ad4c1042-3263-43f7-b93c-9646ed36a001):
🌀 To execute on your local development database, remove the --remote flag from your wrangler command.
🚣 Executed 1 command in 0.69ms
[
  {
    "results": [],
    "success": true,
    "meta": {
      "served_by": "v3-prod",
      "served_by_region": "ENAM",
      "served_by_colo": "EWR",
      "served_by_primary": true,
      "timings": {
        "sql_duration_ms": 0.6947
      },
      "duration": 0.6947,
      "changes": 0,
      "last_row_id": 13,
      "changed_db": true,
      "size_after": 888832,
      "rows_read": 0,
      "rows_written": 1,
      "total_attempts": 1
    }
  }
]

 ⛅️ wrangler 4.127.1 (update available 4.132.0)
───────────────────────────────────────────────
Resource location: remote 

🌀 Executing on remote database jarvis-scratch-rehearsal-0916g (ad4c1042-3263-43f7-b93c-9646ed36a001):
🌀 To execute on your local development database, remove the --remote flag from your wrangler command.
🚣 Executed 1 command in 0.34ms
[
  {
    "results": [],
    "success": true,
    "meta": {
      "served_by": "v3-prod",
      "served_by_region": "ENAM",
      "served_by_colo": "EWR",
      "served_by_primary": true,
      "timings": {
        "sql_duration_ms": 0.3405
      },
      "duration": 0.3405,
      "changes": 0,
      "last_row_id": 13,
      "changed_db": false,
      "size_after": 888832,
      "rows_read": 0,
      "rows_written": 1,
      "total_attempts": 1
    }
  }
]

 ⛅️ wrangler 4.127.1 (update available 4.132.0)
───────────────────────────────────────────────
Resource location: remote 

🌀 Executing on remote database jarvis-scratch-rehearsal-0916g (ad4c1042-3263-43f7-b93c-9646ed36a001):
🌀 To execute on your local development database, remove the --remote flag from your wrangler command.
🚣 Executed 1 command in 0.34ms
[
  {
    "results": [],
    "success": true,
    "meta": {
      "served_by": "v3-prod",
      "served_by_region": "ENAM",
      "served_by_colo": "EWR",
      "served_by_primary": true,
      "timings": {
        "sql_duration_ms": 0.3372
      },
      "duration": 0.3372,
      "changes": 0,
      "last_row_id": 13,
      "changed_db": false,
      "size_after": 888832,
      "rows_read": 0,
      "rows_written": 1,
      "total_attempts": 1
    }
  }
]

 ⛅️ wrangler 4.127.1 (update available 4.132.0)
───────────────────────────────────────────────
Resource location: remote 

🌀 Executing on remote database jarvis-scratch-rehearsal-0916g (ad4c1042-3263-43f7-b93c-9646ed36a001):
🌀 To execute on your local development database, remove the --remote flag from your wrangler command.
🚣 Executed 1 command in 0.74ms
[
  {
    "results": [],
    "success": true,
    "meta": {
      "served_by": "v3-prod",
      "served_by_region": "ENAM",
      "served_by_colo": "EWR",
      "served_by_primary": true,
      "timings": {
        "sql_duration_ms": 0.7448
      },
      "duration": 0.7448,
      "changes": 0,
      "last_row_id": 13,
      "changed_db": true,
      "size_after": 892928,
      "rows_read": 1,
      "rows_written": 2,
      "total_attempts": 1
    }
  }
]

 ⛅️ wrangler 4.127.1 (update available 4.132.0)
───────────────────────────────────────────────
Resource location: remote 

🌀 Executing on remote database jarvis-scratch-rehearsal-0916g (ad4c1042-3263-43f7-b93c-9646ed36a001):
🌀 To execute on your local development database, remove the --remote flag from your wrangler command.
🚣 Executed 1 command in 0.37ms
[
  {
    "results": [],
    "success": true,
    "meta": {
      "served_by": "v3-prod",
      "served_by_region": "ENAM",
      "served_by_colo": "EWR",
      "served_by_primary": true,
      "timings": {
        "sql_duration_ms": 0.371
      },
      "duration": 0.371,
      "changes": 0,
      "last_row_id": 13,
      "changed_db": false,
      "size_after": 892928,
      "rows_read": 0,
      "rows_written": 1,
      "total_attempts": 1
    }
  }
]

 ⛅️ wrangler 4.127.1 (update available 4.132.0)
───────────────────────────────────────────────
Resource location: remote 

🌀 Executing on remote database jarvis-scratch-rehearsal-0916g (ad4c1042-3263-43f7-b93c-9646ed36a001):
🌀 To execute on your local development database, remove the --remote flag from your wrangler command.
🚣 Executed 1 command in 0.73ms
[
  {
    "results": [],
    "success": true,
    "meta": {
      "served_by": "v3-prod",
      "served_by_region": "ENAM",
      "served_by_colo": "EWR",
      "served_by_primary": true,
      "timings": {
        "sql_duration_ms": 0.731
      },
      "duration": 0.731,
      "changes": 0,
      "last_row_id": 13,
      "changed_db": true,
      "size_after": 901120,
      "rows_read": 1,
      "rows_written": 2,
      "total_attempts": 1
    }
  }
]

 ⛅️ wrangler 4.127.1 (update available 4.132.0)
───────────────────────────────────────────────
Resource location: remote 

🌀 Executing on remote database jarvis-scratch-rehearsal-0916g (ad4c1042-3263-43f7-b93c-9646ed36a001):
🌀 To execute on your local development database, remove the --remote flag from your wrangler command.
🚣 Executed 1 command in 0.38ms
[
  {
    "results": [],
    "success": true,
    "meta": {
      "served_by": "v3-prod",
      "served_by_region": "ENAM",
      "served_by_colo": "EWR",
      "served_by_primary": true,
      "timings": {
        "sql_duration_ms": 0.3807
      },
      "duration": 0.3807,
      "changes": 0,
      "last_row_id": 13,
      "changed_db": false,
      "size_after": 901120,
      "rows_read": 0,
      "rows_written": 1,
      "total_attempts": 1
    }
  }
]

 ⛅️ wrangler 4.127.1 (update available 4.132.0)
───────────────────────────────────────────────
Resource location: remote 

🌀 Executing on remote database jarvis-scratch-rehearsal-0916g (ad4c1042-3263-43f7-b93c-9646ed36a001):
🌀 To execute on your local development database, remove the --remote flag from your wrangler command.
🚣 Executed 1 command in 0.81ms
[
  {
    "results": [],
    "success": true,
    "meta": {
      "served_by": "v3-prod",
      "served_by_region": "ENAM",
      "served_by_colo": "EWR",
      "served_by_primary": true,
      "timings": {
        "sql_duration_ms": 0.8104
      },
      "duration": 0.8104,
      "changes": 0,
      "last_row_id": 13,
      "changed_db": true,
      "size_after": 905216,
      "rows_read": 1,
      "rows_written": 2,
      "total_attempts": 1
    }
  }
]

 ⛅️ wrangler 4.127.1 (update available 4.132.0)
───────────────────────────────────────────────
Resource location: remote 

🌀 Executing on remote database jarvis-scratch-rehearsal-0916g (ad4c1042-3263-43f7-b93c-9646ed36a001):
🌀 To execute on your local development database, remove the --remote flag from your wrangler command.
🚣 Executed 1 command in 0.42ms
[
  {
    "results": [],
    "success": true,
    "meta": {
      "served_by": "v3-prod",
      "served_by_region": "ENAM",
      "served_by_colo": "EWR",
      "served_by_primary": true,
      "timings": {
        "sql_duration_ms": 0.4171
      },
      "duration": 0.4171,
      "changes": 0,
      "last_row_id": 13,
      "changed_db": true,
      "size_after": 909312,
      "rows_read": 0,
      "rows_written": 1,
      "total_attempts": 1
    }
  }
]

 ⛅️ wrangler 4.127.1 (update available 4.132.0)
───────────────────────────────────────────────
Resource location: remote 

🌀 Executing on remote database jarvis-scratch-rehearsal-0916g (ad4c1042-3263-43f7-b93c-9646ed36a001):
🌀 To execute on your local development database, remove the --remote flag from your wrangler command.
🚣 Executed 1 command in 0.86ms
[
  {
    "results": [],
    "success": true,
    "meta": {
      "served_by": "v3-prod",
      "served_by_region": "ENAM",
      "served_by_colo": "EWR",
      "served_by_primary": true,
      "timings": {
        "sql_duration_ms": 0.8624
      },
      "duration": 0.8624,
      "changes": 0,
      "last_row_id": 13,
      "changed_db": true,
      "size_after": 921600,
      "rows_read": 1,
      "rows_written": 4,
      "total_attempts": 1
    }
  }
]

 ⛅️ wrangler 4.127.1 (update available 4.132.0)
───────────────────────────────────────────────
Resource location: remote 

🌀 Executing on remote database jarvis-scratch-rehearsal-0916g (ad4c1042-3263-43f7-b93c-9646ed36a001):
🌀 To execute on your local development database, remove the --remote flag from your wrangler command.
🚣 Executed 1 command in 0.99ms
[
  {
    "results": [],
    "success": true,
    "meta": {
      "served_by": "v3-prod",
      "served_by_region": "ENAM",
      "served_by_colo": "EWR",
      "served_by_primary": true,
      "timings": {
        "sql_duration_ms": 0.9902
      },
      "duration": 0.9902,
      "changes": 3,
      "last_row_id": 10,
      "changed_db": true,
      "size_after": 942080,
      "rows_read": 1,
      "rows_written": 2,
      "total_attempts": 1
    }
  }
]

 ⛅️ wrangler 4.127.1 (update available 4.132.0)
───────────────────────────────────────────────
Resource location: remote 

🌀 Executing on remote database jarvis-scratch-rehearsal-0916g (ad4c1042-3263-43f7-b93c-9646ed36a001):
🌀 To execute on your local development database, remove the --remote flag from your wrangler command.
🚣 Executed 1 command in 0.23ms
[
  {
    "results": [],
    "success": true,
    "meta": {
      "served_by": "v3-prod",
      "served_by_region": "ENAM",
      "served_by_colo": "EWR",
      "served_by_primary": true,
      "timings": {
        "sql_duration_ms": 0.2296
      },
      "duration": 0.2296,
      "changes": 0,
      "last_row_id": 10,
      "changed_db": false,
      "size_after": 942080,
      "rows_read": 0,
      "rows_written": 1,
      "total_attempts": 1
    }
  }
]

 ⛅️ wrangler 4.127.1 (update available 4.132.0)
───────────────────────────────────────────────
Resource location: remote 

🌀 Executing on remote database jarvis-scratch-rehearsal-0916g (ad4c1042-3263-43f7-b93c-9646ed36a001):
🌀 To execute on your local development database, remove the --remote flag from your wrangler command.
🚣 Executed 1 command in 0.29ms
[
  {
    "results": [],
    "success": true,
    "meta": {
      "served_by": "v3-prod",
      "served_by_region": "ENAM",
      "served_by_colo": "EWR",
      "served_by_primary": true,
      "timings": {
        "sql_duration_ms": 0.2899
      },
      "duration": 0.2899,
      "changes": 0,
      "last_row_id": 10,
      "changed_db": false,
      "size_after": 942080,
      "rows_read": 0,
      "rows_written": 1,
      "total_attempts": 1
    }
  }
]

 ⛅️ wrangler 4.127.1 (update available 4.132.0)
───────────────────────────────────────────────
Resource location: remote 

🌀 Executing on remote database jarvis-scratch-rehearsal-0916g (ad4c1042-3263-43f7-b93c-9646ed36a001):
🌀 To execute on your local development database, remove the --remote flag from your wrangler command.
🚣 Executed 1 command in 0.67ms
[
  {
    "results": [],
    "success": true,
    "meta": {
      "served_by": "v3-prod",
      "served_by_region": "ENAM",
      "served_by_colo": "EWR",
      "served_by_primary": true,
      "timings": {
        "sql_duration_ms": 0.6676
      },
      "duration": 0.6676,
      "changes": 0,
      "last_row_id": 10,
      "changed_db": false,
      "size_after": 942080,
      "rows_read": 0,
      "rows_written": 1,
      "total_attempts": 1
    }
  }
]

 ⛅️ wrangler 4.127.1 (update available 4.132.0)
───────────────────────────────────────────────
Resource location: remote 

🌀 Executing on remote database jarvis-scratch-rehearsal-0916g (ad4c1042-3263-43f7-b93c-9646ed36a001):
🌀 To execute on your local development database, remove the --remote flag from your wrangler command.
🚣 Executed 1 command in 0.34ms
[
  {
    "results": [],
    "success": true,
    "meta": {
      "served_by": "v3-prod",
      "served_by_region": "ENAM",
      "served_by_colo": "EWR",
      "served_by_primary": true,
      "timings": {
        "sql_duration_ms": 0.3428
      },
      "duration": 0.3428,
      "changes": 0,
      "last_row_id": 10,
      "changed_db": false,
      "size_after": 942080,
      "rows_read": 0,
      "rows_written": 1,
      "total_attempts": 1
    }
  }
]

 ⛅️ wrangler 4.127.1 (update available 4.132.0)
───────────────────────────────────────────────
Resource location: remote 

🌀 Executing on remote database jarvis-scratch-rehearsal-0916g (ad4c1042-3263-43f7-b93c-9646ed36a001):
🌀 To execute on your local development database, remove the --remote flag from your wrangler command.
🚣 Executed 1 command in 0.42ms
[
  {
    "results": [],
    "success": true,
    "meta": {
      "served_by": "v3-prod",
      "served_by_region": "ENAM",
      "served_by_colo": "EWR",
      "served_by_primary": true,
      "timings": {
        "sql_duration_ms": 0.4166
      },
      "duration": 0.4166,
      "changes": 0,
      "last_row_id": 10,
      "changed_db": false,
      "size_after": 942080,
      "rows_read": 0,
      "rows_written": 1,
      "total_attempts": 1
    }
  }
]

 ⛅️ wrangler 4.127.1 (update available 4.132.0)
───────────────────────────────────────────────
Resource location: remote 

🌀 Executing on remote database jarvis-scratch-rehearsal-0916g (ad4c1042-3263-43f7-b93c-9646ed36a001):
🌀 To execute on your local development database, remove the --remote flag from your wrangler command.
🚣 Executed 1 command in 0.52ms
[
  {
    "results": [],
    "success": true,
    "meta": {
      "served_by": "v3-prod",
      "served_by_region": "ENAM",
      "served_by_colo": "EWR",
      "served_by_primary": true,
      "timings": {
        "sql_duration_ms": 0.5228
      },
      "duration": 0.5228,
      "changes": 0,
      "last_row_id": 10,
      "changed_db": false,
      "size_after": 942080,
      "rows_read": 0,
      "rows_written": 1,
      "total_attempts": 1
    }
  }
]

 ⛅️ wrangler 4.127.1 (update available 4.132.0)
───────────────────────────────────────────────
Resource location: remote 

🌀 Executing on remote database jarvis-scratch-rehearsal-0916g (ad4c1042-3263-43f7-b93c-9646ed36a001):
🌀 To execute on your local development database, remove the --remote flag from your wrangler command.
🚣 Executed 1 command in 0.89ms
[
  {
    "results": [],
    "success": true,
    "meta": {
      "served_by": "v3-prod",
      "served_by_region": "ENAM",
      "served_by_colo": "EWR",
      "served_by_primary": true,
      "timings": {
        "sql_duration_ms": 0.8881
      },
      "duration": 0.8881,
      "changes": 0,
      "last_row_id": 10,
      "changed_db": true,
      "size_after": 946176,
      "rows_read": 0,
      "rows_written": 1,
      "total_attempts": 1
    }
  }
]

 ⛅️ wrangler 4.127.1 (update available 4.132.0)
───────────────────────────────────────────────
Resource location: remote 

🌀 Executing on remote database jarvis-scratch-rehearsal-0916g (ad4c1042-3263-43f7-b93c-9646ed36a001):
🌀 To execute on your local development database, remove the --remote flag from your wrangler command.
🚣 Executed 1 command in 0.34ms
[
  {
    "results": [],
    "success": true,
    "meta": {
      "served_by": "v3-prod",
      "served_by_region": "ENAM",
      "served_by_colo": "EWR",
      "served_by_primary": true,
      "timings": {
        "sql_duration_ms": 0.3424
      },
      "duration": 0.3424,
      "changes": 0,
      "last_row_id": 10,
      "changed_db": false,
      "size_after": 946176,
      "rows_read": 0,
      "rows_written": 1,
      "total_attempts": 1
    }
  }
]

 ⛅️ wrangler 4.127.1 (update available 4.132.0)
───────────────────────────────────────────────
Resource location: remote 

🌀 Executing on remote database jarvis-scratch-rehearsal-0916g (ad4c1042-3263-43f7-b93c-9646ed36a001):
🌀 To execute on your local development database, remove the --remote flag from your wrangler command.
🚣 Executed 1 command in 0.41ms
[
  {
    "results": [],
    "success": true,
    "meta": {
      "served_by": "v3-prod",
      "served_by_region": "ENAM",
      "served_by_colo": "EWR",
      "served_by_primary": true,
      "timings": {
        "sql_duration_ms": 0.4116
      },
      "duration": 0.4116,
      "changes": 0,
      "last_row_id": 10,
      "changed_db": false,
      "size_after": 946176,
      "rows_read": 0,
      "rows_written": 1,
      "total_attempts": 1
    }
  }
]

 ⛅️ wrangler 4.127.1 (update available 4.132.0)
───────────────────────────────────────────────
Resource location: remote 

🌀 Executing on remote database jarvis-scratch-rehearsal-0916g (ad4c1042-3263-43f7-b93c-9646ed36a001):
🌀 To execute on your local development database, remove the --remote flag from your wrangler command.
🚣 Executed 1 command in 0.42ms
[
  {
    "results": [],
    "success": true,
    "meta": {
      "served_by": "v3-prod",
      "served_by_region": "ENAM",
      "served_by_colo": "EWR",
      "served_by_primary": true,
      "timings": {
        "sql_duration_ms": 0.4174
      },
      "duration": 0.4174,
      "changes": 0,
      "last_row_id": 10,
      "changed_db": false,
      "size_after": 946176,
      "rows_read": 0,
      "rows_written": 1,
      "total_attempts": 1
    }
  }
]

 ⛅️ wrangler 4.127.1 (update available 4.132.0)
───────────────────────────────────────────────
Resource location: remote 

🌀 Executing on remote database jarvis-scratch-rehearsal-0916g (ad4c1042-3263-43f7-b93c-9646ed36a001):
🌀 To execute on your local development database, remove the --remote flag from your wrangler command.
🚣 Executed 1 command in 0.44ms
[
  {
    "results": [],
    "success": true,
    "meta": {
      "served_by": "v3-prod",
      "served_by_region": "ENAM",
      "served_by_colo": "EWR",
      "served_by_primary": true,
      "timings": {
        "sql_duration_ms": 0.4416
      },
      "duration": 0.4416,
      "changes": 0,
      "last_row_id": 10,
      "changed_db": false,
      "size_after": 946176,
      "rows_read": 0,
      "rows_written": 1,
      "total_attempts": 1
    }
  }
]

 ⛅️ wrangler 4.127.1 (update available 4.132.0)
───────────────────────────────────────────────
Resource location: remote 

🌀 Executing on remote database jarvis-scratch-rehearsal-0916g (ad4c1042-3263-43f7-b93c-9646ed36a001):
🌀 To execute on your local development database, remove the --remote flag from your wrangler command.
🚣 Executed 1 command in 0.37ms
[
  {
    "results": [],
    "success": true,
    "meta": {
      "served_by": "v3-prod",
      "served_by_region": "ENAM",
      "served_by_colo": "EWR",
      "served_by_primary": true,
      "timings": {
        "sql_duration_ms": 0.3665
      },
      "duration": 0.3665,
      "changes": 0,
      "last_row_id": 10,
      "changed_db": true,
      "size_after": 950272,
      "rows_read": 1,
      "rows_written": 2,
      "total_attempts": 1
    }
  }
]

 ⛅️ wrangler 4.127.1 (update available 4.132.0)
───────────────────────────────────────────────
Resource location: remote 

🌀 Executing on remote database jarvis-scratch-rehearsal-0916g (ad4c1042-3263-43f7-b93c-9646ed36a001):
🌀 To execute on your local development database, remove the --remote flag from your wrangler command.
🚣 Executed 1 command in 0.65ms
[
  {
    "results": [],
    "success": true,
    "meta": {
      "served_by": "v3-prod",
      "served_by_region": "ENAM",
      "served_by_colo": "EWR",
      "served_by_primary": true,
      "timings": {
        "sql_duration_ms": 0.6456
      },
      "duration": 0.6456,
      "changes": 0,
      "last_row_id": 10,
      "changed_db": true,
      "size_after": 954368,
      "rows_read": 0,
      "rows_written": 1,
      "total_attempts": 1
    }
  }
]

 ⛅️ wrangler 4.127.1 (update available 4.132.0)
───────────────────────────────────────────────
Resource location: remote 

🌀 Executing on remote database jarvis-scratch-rehearsal-0916g (ad4c1042-3263-43f7-b93c-9646ed36a001):
🌀 To execute on your local development database, remove the --remote flag from your wrangler command.
🚣 Executed 1 command in 0.37ms
[
  {
    "results": [],
    "success": true,
    "meta": {
      "served_by": "v3-prod",
      "served_by_region": "ENAM",
      "served_by_colo": "EWR",
      "served_by_primary": true,
      "timings": {
        "sql_duration_ms": 0.3655
      },
      "duration": 0.3655,
      "changes": 0,
      "last_row_id": 10,
      "changed_db": false,
      "size_after": 954368,
      "rows_read": 0,
      "rows_written": 1,
      "total_attempts": 1
    }
  }
]

 ⛅️ wrangler 4.127.1 (update available 4.132.0)
───────────────────────────────────────────────
Resource location: remote 

🌀 Executing on remote database jarvis-scratch-rehearsal-0916g (ad4c1042-3263-43f7-b93c-9646ed36a001):
🌀 To execute on your local development database, remove the --remote flag from your wrangler command.
🚣 Executed 1 command in 0.35ms
[
  {
    "results": [],
    "success": true,
    "meta": {
      "served_by": "v3-prod",
      "served_by_region": "ENAM",
      "served_by_colo": "EWR",
      "served_by_primary": true,
      "timings": {
        "sql_duration_ms": 0.3543
      },
      "duration": 0.3543,
      "changes": 0,
      "last_row_id": 10,
      "changed_db": false,
      "size_after": 954368,
      "rows_read": 0,
      "rows_written": 1,
      "total_attempts": 1
    }
  }
]

 ⛅️ wrangler 4.127.1 (update available 4.132.0)
───────────────────────────────────────────────
Resource location: remote 

🌀 Executing on remote database jarvis-scratch-rehearsal-0916g (ad4c1042-3263-43f7-b93c-9646ed36a001):
🌀 To execute on your local development database, remove the --remote flag from your wrangler command.
🚣 Executed 1 command in 0.19ms
[
  {
    "results": [],
    "success": true,
    "meta": {
      "served_by": "v3-prod",
      "served_by_region": "ENAM",
      "served_by_colo": "EWR",
      "served_by_primary": true,
      "timings": {
        "sql_duration_ms": 0.1915
      },
      "duration": 0.1915,
      "changes": 1,
      "last_row_id": 14,
      "changed_db": true,
      "size_after": 954368,
      "rows_read": 1,
      "rows_written": 3,
      "total_attempts": 1
    }
  }
]
BASELINE RECEIPT OK: 0014_memory_projection.sql
Applying 0015_voice_runtime.sql: 11 split statements.

 ⛅️ wrangler 4.127.1 (update available 4.132.0)
───────────────────────────────────────────────
Resource location: remote 

🌀 Executing on remote database jarvis-scratch-rehearsal-0916g (ad4c1042-3263-43f7-b93c-9646ed36a001):
🌀 To execute on your local development database, remove the --remote flag from your wrangler command.
🚣 Executed 1 command in 0.63ms
[
  {
    "results": [],
    "success": true,
    "meta": {
      "served_by": "v3-prod",
      "served_by_region": "ENAM",
      "served_by_colo": "EWR",
      "served_by_primary": true,
      "timings": {
        "sql_duration_ms": 0.6281
      },
      "duration": 0.6281,
      "changes": 0,
      "last_row_id": 14,
      "changed_db": true,
      "size_after": 962560,
      "rows_read": 1,
      "rows_written": 3,
      "total_attempts": 1
    }
  }
]

 ⛅️ wrangler 4.127.1 (update available 4.132.0)
───────────────────────────────────────────────
Resource location: remote 

🌀 Executing on remote database jarvis-scratch-rehearsal-0916g (ad4c1042-3263-43f7-b93c-9646ed36a001):
🌀 To execute on your local development database, remove the --remote flag from your wrangler command.
🚣 Executed 1 command in 0.45ms
[
  {
    "results": [],
    "success": true,
    "meta": {
      "served_by": "v3-prod",
      "served_by_region": "ENAM",
      "served_by_colo": "EWR",
      "served_by_primary": true,
      "timings": {
        "sql_duration_ms": 0.4489
      },
      "duration": 0.4489,
      "changes": 0,
      "last_row_id": 14,
      "changed_db": true,
      "size_after": 970752,
      "rows_read": 1,
      "rows_written": 2,
      "total_attempts": 1
    }
  }
]

 ⛅️ wrangler 4.127.1 (update available 4.132.0)
───────────────────────────────────────────────
Resource location: remote 

🌀 Executing on remote database jarvis-scratch-rehearsal-0916g (ad4c1042-3263-43f7-b93c-9646ed36a001):
🌀 To execute on your local development database, remove the --remote flag from your wrangler command.
🚣 Executed 1 command in 0.20ms
[
  {
    "results": [],
    "success": true,
    "meta": {
      "served_by": "v3-prod",
      "served_by_region": "ENAM",
      "served_by_colo": "EWR",
      "served_by_primary": true,
      "timings": {
        "sql_duration_ms": 0.2007
      },
      "duration": 0.2007,
      "changes": 1,
      "last_row_id": 1,
      "changed_db": true,
      "size_after": 970752,
      "rows_read": 1,
      "rows_written": 1,
      "total_attempts": 1
    }
  }
]

 ⛅️ wrangler 4.127.1 (update available 4.132.0)
───────────────────────────────────────────────
Resource location: remote 

🌀 Executing on remote database jarvis-scratch-rehearsal-0916g (ad4c1042-3263-43f7-b93c-9646ed36a001):
🌀 To execute on your local development database, remove the --remote flag from your wrangler command.
🚣 Executed 1 command in 8.78ms
[
  {
    "results": [],
    "success": true,
    "meta": {
      "served_by": "v3-prod",
      "served_by_region": "ENAM",
      "served_by_colo": "EWR",
      "served_by_primary": true,
      "timings": {
        "sql_duration_ms": 8.7753
      },
      "duration": 8.7753,
      "changes": 0,
      "last_row_id": 1,
      "changed_db": false,
      "size_after": 970752,
      "rows_read": 306,
      "rows_written": 1,
      "total_attempts": 1
    }
  }
]

 ⛅️ wrangler 4.127.1 (update available 4.132.0)
───────────────────────────────────────────────
Resource location: remote 

🌀 Executing on remote database jarvis-scratch-rehearsal-0916g (ad4c1042-3263-43f7-b93c-9646ed36a001):
🌀 To execute on your local development database, remove the --remote flag from your wrangler command.
🚣 Executed 1 command in 0.61ms
[
  {
    "results": [],
    "success": true,
    "meta": {
      "served_by": "v3-prod",
      "served_by_region": "ENAM",
      "served_by_colo": "EWR",
      "served_by_primary": true,
      "timings": {
        "sql_duration_ms": 0.6129
      },
      "duration": 0.6129,
      "changes": 0,
      "last_row_id": 1,
      "changed_db": false,
      "size_after": 970752,
      "rows_read": 2,
      "rows_written": 0,
      "total_attempts": 1
    }
  }
]

 ⛅️ wrangler 4.127.1 (update available 4.132.0)
───────────────────────────────────────────────
Resource location: remote 

🌀 Executing on remote database jarvis-scratch-rehearsal-0916g (ad4c1042-3263-43f7-b93c-9646ed36a001):
🌀 To execute on your local development database, remove the --remote flag from your wrangler command.
🚣 Executed 1 command in 0.42ms
[
  {
    "results": [],
    "success": true,
    "meta": {
      "served_by": "v3-prod",
      "served_by_region": "ENAM",
      "served_by_colo": "EWR",
      "served_by_primary": true,
      "timings": {
        "sql_duration_ms": 0.4165
      },
      "duration": 0.4165,
      "changes": 0,
      "last_row_id": 1,
      "changed_db": false,
      "size_after": 970752,
      "rows_read": 0,
      "rows_written": 1,
      "total_attempts": 1
    }
  }
]

 ⛅️ wrangler 4.127.1 (update available 4.132.0)
───────────────────────────────────────────────
Resource location: remote 

🌀 Executing on remote database jarvis-scratch-rehearsal-0916g (ad4c1042-3263-43f7-b93c-9646ed36a001):
🌀 To execute on your local development database, remove the --remote flag from your wrangler command.
🚣 Executed 1 command in 0.46ms
[
  {
    "results": [],
    "success": true,
    "meta": {
      "served_by": "v3-prod",
      "served_by_region": "ENAM",
      "served_by_colo": "EWR",
      "served_by_primary": true,
      "timings": {
        "sql_duration_ms": 0.4566
      },
      "duration": 0.4566,
      "changes": 0,
      "last_row_id": 1,
      "changed_db": false,
      "size_after": 970752,
      "rows_read": 0,
      "rows_written": 1,
      "total_attempts": 1
    }
  }
]

 ⛅️ wrangler 4.127.1 (update available 4.132.0)
───────────────────────────────────────────────
Resource location: remote 

🌀 Executing on remote database jarvis-scratch-rehearsal-0916g (ad4c1042-3263-43f7-b93c-9646ed36a001):
🌀 To execute on your local development database, remove the --remote flag from your wrangler command.
🚣 Executed 1 command in 0.45ms
[
  {
    "results": [],
    "success": true,
    "meta": {
      "served_by": "v3-prod",
      "served_by_region": "ENAM",
      "served_by_colo": "EWR",
      "served_by_primary": true,
      "timings": {
        "sql_duration_ms": 0.4482
      },
      "duration": 0.4482,
      "changes": 0,
      "last_row_id": 1,
      "changed_db": false,
      "size_after": 970752,
      "rows_read": 0,
      "rows_written": 1,
      "total_attempts": 1
    }
  }
]

 ⛅️ wrangler 4.127.1 (update available 4.132.0)
───────────────────────────────────────────────
Resource location: remote 

🌀 Executing on remote database jarvis-scratch-rehearsal-0916g (ad4c1042-3263-43f7-b93c-9646ed36a001):
🌀 To execute on your local development database, remove the --remote flag from your wrangler command.
🚣 Executed 1 command in 0.52ms
[
  {
    "results": [],
    "success": true,
    "meta": {
      "served_by": "v3-prod",
      "served_by_region": "ENAM",
      "served_by_colo": "EWR",
      "served_by_primary": true,
      "timings": {
        "sql_duration_ms": 0.5169
      },
      "duration": 0.5169,
      "changes": 0,
      "last_row_id": 1,
      "changed_db": false,
      "size_after": 970752,
      "rows_read": 0,
      "rows_written": 1,
      "total_attempts": 1
    }
  }
]

 ⛅️ wrangler 4.127.1 (update available 4.132.0)
───────────────────────────────────────────────
Resource location: remote 

🌀 Executing on remote database jarvis-scratch-rehearsal-0916g (ad4c1042-3263-43f7-b93c-9646ed36a001):
🌀 To execute on your local development database, remove the --remote flag from your wrangler command.
🚣 Executed 1 command in 1.49ms
[
  {
    "results": [],
    "success": true,
    "meta": {
      "served_by": "v3-prod",
      "served_by_region": "ENAM",
      "served_by_colo": "EWR",
      "served_by_primary": true,
      "timings": {
        "sql_duration_ms": 1.488
      },
      "duration": 1.488,
      "changes": 0,
      "last_row_id": 1,
      "changed_db": true,
      "size_after": 974848,
      "rows_read": 0,
      "rows_written": 1,
      "total_attempts": 1
    }
  }
]

 ⛅️ wrangler 4.127.1 (update available 4.132.0)
───────────────────────────────────────────────
Resource location: remote 

🌀 Executing on remote database jarvis-scratch-rehearsal-0916g (ad4c1042-3263-43f7-b93c-9646ed36a001):
🌀 To execute on your local development database, remove the --remote flag from your wrangler command.
🚣 Executed 1 command in 1.37ms
[
  {
    "results": [],
    "success": true,
    "meta": {
      "served_by": "v3-prod",
      "served_by_region": "ENAM",
      "served_by_colo": "EWR",
      "served_by_primary": true,
      "timings": {
        "sql_duration_ms": 1.3689
      },
      "duration": 1.3689,
      "changes": 0,
      "last_row_id": 1,
      "changed_db": true,
      "size_after": 978944,
      "rows_read": 2,
      "rows_written": 1,
      "total_attempts": 1
    }
  }
]

 ⛅️ wrangler 4.127.1 (update available 4.132.0)
───────────────────────────────────────────────
Resource location: remote 

🌀 Executing on remote database jarvis-scratch-rehearsal-0916g (ad4c1042-3263-43f7-b93c-9646ed36a001):
🌀 To execute on your local development database, remove the --remote flag from your wrangler command.
🚣 Executed 1 command in 0.36ms
[
  {
    "results": [],
    "success": true,
    "meta": {
      "served_by": "v3-prod",
      "served_by_region": "ENAM",
      "served_by_colo": "EWR",
      "served_by_primary": true,
      "timings": {
        "sql_duration_ms": 0.365
      },
      "duration": 0.365,
      "changes": 1,
      "last_row_id": 15,
      "changed_db": true,
      "size_after": 978944,
      "rows_read": 1,
      "rows_written": 3,
      "total_attempts": 1
    }
  }
]
BASELINE RECEIPT OK: 0015_voice_runtime.sql
SCRATCH BASELINE OK: 15/15 receipts through 0015.

 ⛅️ wrangler 4.127.1 (update available 4.132.0)
───────────────────────────────────────────────
Resource location: remote 

🌀 Executing on remote database jarvis-scratch-rehearsal-0916g (ad4c1042-3263-43f7-b93c-9646ed36a001):
🌀 To execute on your local development database, remove the --remote flag from your wrangler command.
🚣 Executed 1 command in 0.29ms
[
  {
    "results": [
      {
        "name": "0001_foundation.sql"
      },
      {
        "name": "0002_foundation_hardening.sql"
      },
      {
        "name": "0003_calling.sql"
      },
      {
        "name": "0004_call_sessions.sql"
      },
      {
        "name": "0005_conversation.sql"
      },
      {
        "name": "0006_voice_access.sql"
      },
      {
        "name": "0007_voice_access_boundaries.sql"
      },
      {
        "name": "0008_autonomy.sql"
      },
      {
        "name": "0009_decisions.sql"
      },
      {
        "name": "0010_projects.sql"
      },
      {
        "name": "0011_deadlines.sql"
      },
      {
        "name": "0012_liveness.sql"
      },
      {
        "name": "0013_scheduled_runs.sql"
      },
      {
        "name": "0014_memory_projection.sql"
      },
      {
        "name": "0015_voice_runtime.sql"
      }
    ],
    "success": true,
    "meta": {
      "served_by": "v3-prod",
      "served_by_region": "ENAM",
      "served_by_colo": "EWR",
      "served_by_primary": true,
      "timings": {
        "sql_duration_ms": 0.2918
      },
      "duration": 0.2918,
      "changes": 0,
      "last_row_id": 15,
      "changed_db": false,
      "size_after": 978944,
      "rows_read": 45,
      "rows_written": 0,
      "total_attempts": 1
    }
  }
]
SCRATCH BASELINE RECEIPTS OK: 15/15 through 0015.
===== RUNBOOK STEP 4 =====
PROMPT: Confirmed non-production scratch D1 name
PROMPT: Absolute SCRATCH CONFIG OUTSIDE REPO path from step 2

 ⛅️ wrangler 4.127.1 (update available 4.132.0)
───────────────────────────────────────────────
Resource location: remote 

🌀 Executing on remote database jarvis-scratch-rehearsal-0916g (ad4c1042-3263-43f7-b93c-9646ed36a001):
🌀 To execute on your local development database, remove the --remote flag from your wrangler command.
🚣 Executed 4 commands in 1.39ms
[
  {
    "results": [],
    "success": true,
    "meta": {
      "served_by": "v3-prod",
      "served_by_region": "ENAM",
      "served_by_colo": "EWR",
      "served_by_primary": true,
      "timings": {
        "sql_duration_ms": 0.2598
      },
      "duration": 0.2598,
      "changes": 1,
      "last_row_id": 1,
      "changed_db": true,
      "size_after": 978944,
      "rows_read": 1,
      "rows_written": 2,
      "total_attempts": 1
    }
  },
  {
    "results": [],
    "success": true,
    "meta": {
      "served_by": "v3-prod",
      "served_by_region": "ENAM",
      "served_by_colo": "EWR",
      "served_by_primary": true,
      "timings": {
        "sql_duration_ms": 0.2069
      },
      "duration": 0.2069,
      "changes": 1,
      "last_row_id": 1,
      "changed_db": true,
      "size_after": 978944,
      "rows_read": 0,
      "rows_written": 8,
      "total_attempts": 1
    }
  },
  {
    "results": [],
    "success": true,
    "meta": {
      "served_by": "v3-prod",
      "served_by_region": "ENAM",
      "served_by_colo": "EWR",
      "served_by_primary": true,
      "timings": {
        "sql_duration_ms": 0.176
      },
      "duration": 0.176,
      "changes": 1,
      "last_row_id": 1,
      "changed_db": true,
      "size_after": 978944,
      "rows_read": 2,
      "rows_written": 4,
      "total_attempts": 1
    }
  },
  {
    "results": [],
    "success": true,
    "meta": {
      "served_by": "v3-prod",
      "served_by_region": "ENAM",
      "served_by_colo": "EWR",
      "served_by_primary": true,
      "timings": {
        "sql_duration_ms": 0.7476
      },
      "duration": 0.7476,
      "changes": 1,
      "last_row_id": 1,
      "changed_db": true,
      "size_after": 978944,
      "rows_read": 1,
      "rows_written": 5,
      "total_attempts": 1
    }
  }
]

 ⛅️ wrangler 4.127.1 (update available 4.132.0)
───────────────────────────────────────────────
Resource location: remote 

🌀 Executing on remote database jarvis-scratch-rehearsal-0916g (ad4c1042-3263-43f7-b93c-9646ed36a001):
🌀 To execute on your local development database, remove the --remote flag from your wrangler command.
🚣 Executed 1 command in 0.36ms
[
  {
    "results": [
      {
        "result": "SEED CHECK OK: principal/device/telegram identity/conversation event."
      }
    ],
    "success": true,
    "meta": {
      "served_by": "v3-prod",
      "served_by_region": "ENAM",
      "served_by_colo": "EWR",
      "served_by_primary": true,
      "timings": {
        "sql_duration_ms": 0.3634
      },
      "duration": 0.3634,
      "changes": 0,
      "last_row_id": 1,
      "changed_db": false,
      "size_after": 978944,
      "rows_read": 4,
      "rows_written": 0,
      "total_attempts": 1
    }
  }
]
===== RUNBOOK STEP 5 =====
PROMPT: Confirmed non-production scratch D1 name
PROMPT: Absolute SCRATCH CONFIG OUTSIDE REPO path from step 2
CANDIDATE RANGE: 0016_cloud_memory.sql through 0028_guest_grant_notice_drain.sql (13 files).

 ⛅️ wrangler 4.127.1 (update available 4.132.0)
───────────────────────────────────────────────
Resource location: remote 

Migrations to be applied:
┌──────────────────────────────────────────┐
│ Name                                     │
├──────────────────────────────────────────┤
│ 0016_cloud_memory.sql                    │
├──────────────────────────────────────────┤
│ 0017_owner_passphrase.sql                │
├──────────────────────────────────────────┤
│ 0018_owner_call_step_up.sql              │
├──────────────────────────────────────────┤
│ 0019_memory_ingress.sql                  │
├──────────────────────────────────────────┤
│ 0020_school_catchup.sql                  │
├──────────────────────────────────────────┤
│ 0021_voice_owner_delivery.sql            │
├──────────────────────────────────────────┤
│ 0022_university_tracker.sql              │
├──────────────────────────────────────────┤
│ 0023_study_coach.sql                     │
├──────────────────────────────────────────┤
│ 0024_university_application_workflow.sql │
├──────────────────────────────────────────┤
│ 0025_archive_literal_history.sql         │
├──────────────────────────────────────────┤
│ 0026_memory_distillation.sql             │
├──────────────────────────────────────────┤
│ 0027_school_observations.sql             │
├──────────────────────────────────────────┤
│ 0028_guest_grant_notice_drain.sql        │
└──────────────────────────────────────────┘
At Wrangler's y/n prompt, confirm the scratch database name and exact CANDIDATE RANGE; otherwise answer n and stop.

 ⛅️ wrangler 4.127.1 (update available 4.132.0)
───────────────────────────────────────────────
Resource location: remote 

Migrations to be applied:
┌──────────────────────────────────────────┐
│ name                                     │
├──────────────────────────────────────────┤
│ 0016_cloud_memory.sql                    │
├──────────────────────────────────────────┤
│ 0017_owner_passphrase.sql                │
├──────────────────────────────────────────┤
│ 0018_owner_call_step_up.sql              │
├──────────────────────────────────────────┤
│ 0019_memory_ingress.sql                  │
├──────────────────────────────────────────┤
│ 0020_school_catchup.sql                  │
├──────────────────────────────────────────┤
│ 0021_voice_owner_delivery.sql            │
├──────────────────────────────────────────┤
│ 0022_university_tracker.sql              │
├──────────────────────────────────────────┤
│ 0023_study_coach.sql                     │
├──────────────────────────────────────────┤
│ 0024_university_application_workflow.sql │
├──────────────────────────────────────────┤
│ 0025_archive_literal_history.sql         │
├──────────────────────────────────────────┤
│ 0026_memory_distillation.sql             │
├──────────────────────────────────────────┤
│ 0027_school_observations.sql             │
├──────────────────────────────────────────┤
│ 0028_guest_grant_notice_drain.sql        │
└──────────────────────────────────────────┘
? About to apply 13 migration(s)
Your database may not be available to serve requests during the migration, continue?
🤖 Using fallback value in non-interactive context: yes
🌀 Executing on remote database jarvis-scratch-rehearsal-0916g (ad4c1042-3263-43f7-b93c-9646ed36a001):
🌀 To execute on your local development database, remove the --remote flag from your wrangler command.
🚣 Executed 122 commands in 37.77ms
┌──────────────────────────────────────────┬────────┐
│ name                                     │ status │
├──────────────────────────────────────────┼────────┤
│ 0016_cloud_memory.sql                    │ ✅     │
├──────────────────────────────────────────┼────────┤
│ 0017_owner_passphrase.sql                │ 🕒️    │
├──────────────────────────────────────────┼────────┤
│ 0018_owner_call_step_up.sql              │ 🕒️    │
├──────────────────────────────────────────┼────────┤
│ 0019_memory_ingress.sql                  │ 🕒️    │
├──────────────────────────────────────────┼────────┤
│ 0020_school_catchup.sql                  │ 🕒️    │
├──────────────────────────────────────────┼────────┤
│ 0021_voice_owner_delivery.sql            │ 🕒️    │
├──────────────────────────────────────────┼────────┤
│ 0022_university_tracker.sql              │ 🕒️    │
├──────────────────────────────────────────┼────────┤
│ 0023_study_coach.sql                     │ 🕒️    │
├──────────────────────────────────────────┼────────┤
│ 0024_university_application_workflow.sql │ 🕒️    │
├──────────────────────────────────────────┼────────┤
│ 0025_archive_literal_history.sql         │ 🕒️    │
├──────────────────────────────────────────┼────────┤
│ 0026_memory_distillation.sql             │ 🕒️    │
├──────────────────────────────────────────┼────────┤
│ 0027_school_observations.sql             │ 🕒️    │
├──────────────────────────────────────────┼────────┤
│ 0028_guest_grant_notice_drain.sql        │ 🕒️    │
└──────────────────────────────────────────┴────────┘
🌀 Executing on remote database jarvis-scratch-rehearsal-0916g (ad4c1042-3263-43f7-b93c-9646ed36a001):
🌀 To execute on your local development database, remove the --remote flag from your wrangler command.
🚣 Executed 19 commands in 6.52ms
┌──────────────────────────────────────────┬────────┐
│ name                                     │ status │
├──────────────────────────────────────────┼────────┤
│ 0016_cloud_memory.sql                    │ ✅     │
├──────────────────────────────────────────┼────────┤
│ 0017_owner_passphrase.sql                │ ✅     │
├──────────────────────────────────────────┼────────┤
│ 0018_owner_call_step_up.sql              │ 🕒️    │
├──────────────────────────────────────────┼────────┤
│ 0019_memory_ingress.sql                  │ 🕒️    │
├──────────────────────────────────────────┼────────┤
│ 0020_school_catchup.sql                  │ 🕒️    │
├──────────────────────────────────────────┼────────┤
│ 0021_voice_owner_delivery.sql            │ 🕒️    │
├──────────────────────────────────────────┼────────┤
│ 0022_university_tracker.sql              │ 🕒️    │
├──────────────────────────────────────────┼────────┤
│ 0023_study_coach.sql                     │ 🕒️    │
├──────────────────────────────────────────┼────────┤
│ 0024_university_application_workflow.sql │ 🕒️    │
├──────────────────────────────────────────┼────────┤
│ 0025_archive_literal_history.sql         │ 🕒️    │
├──────────────────────────────────────────┼────────┤
│ 0026_memory_distillation.sql             │ 🕒️    │
├──────────────────────────────────────────┼────────┤
│ 0027_school_observations.sql             │ 🕒️    │
├──────────────────────────────────────────┼────────┤
│ 0028_guest_grant_notice_drain.sql        │ 🕒️    │
└──────────────────────────────────────────┴────────┘
🌀 Executing on remote database jarvis-scratch-rehearsal-0916g (ad4c1042-3263-43f7-b93c-9646ed36a001):
🌀 To execute on your local development database, remove the --remote flag from your wrangler command.
🚣 Executed 43 commands in 13.13ms
┌──────────────────────────────────────────┬────────┐
│ name                                     │ status │
├──────────────────────────────────────────┼────────┤
│ 0016_cloud_memory.sql                    │ ✅     │
├──────────────────────────────────────────┼────────┤
│ 0017_owner_passphrase.sql                │ ✅     │
├──────────────────────────────────────────┼────────┤
│ 0018_owner_call_step_up.sql              │ ✅     │
├──────────────────────────────────────────┼────────┤
│ 0019_memory_ingress.sql                  │ 🕒️    │
├──────────────────────────────────────────┼────────┤
│ 0020_school_catchup.sql                  │ 🕒️    │
├──────────────────────────────────────────┼────────┤
│ 0021_voice_owner_delivery.sql            │ 🕒️    │
├──────────────────────────────────────────┼────────┤
│ 0022_university_tracker.sql              │ 🕒️    │
├──────────────────────────────────────────┼────────┤
│ 0023_study_coach.sql                     │ 🕒️    │
├──────────────────────────────────────────┼────────┤
│ 0024_university_application_workflow.sql │ 🕒️    │
├──────────────────────────────────────────┼────────┤
│ 0025_archive_literal_history.sql         │ 🕒️    │
├──────────────────────────────────────────┼────────┤
│ 0026_memory_distillation.sql             │ 🕒️    │
├──────────────────────────────────────────┼────────┤
│ 0027_school_observations.sql             │ 🕒️    │
├──────────────────────────────────────────┼────────┤
│ 0028_guest_grant_notice_drain.sql        │ 🕒️    │
└──────────────────────────────────────────┴────────┘
🌀 Executing on remote database jarvis-scratch-rehearsal-0916g (ad4c1042-3263-43f7-b93c-9646ed36a001):
🌀 To execute on your local development database, remove the --remote flag from your wrangler command.
🚣 Executed 3 commands in 1.11ms
┌──────────────────────────────────────────┬────────┐
│ name                                     │ status │
├──────────────────────────────────────────┼────────┤
│ 0016_cloud_memory.sql                    │ ✅     │
├──────────────────────────────────────────┼────────┤
│ 0017_owner_passphrase.sql                │ ✅     │
├──────────────────────────────────────────┼────────┤
│ 0018_owner_call_step_up.sql              │ ✅     │
├──────────────────────────────────────────┼────────┤
│ 0019_memory_ingress.sql                  │ ✅     │
├──────────────────────────────────────────┼────────┤
│ 0020_school_catchup.sql                  │ 🕒️    │
├──────────────────────────────────────────┼────────┤
│ 0021_voice_owner_delivery.sql            │ 🕒️    │
├──────────────────────────────────────────┼────────┤
│ 0022_university_tracker.sql              │ 🕒️    │
├──────────────────────────────────────────┼────────┤
│ 0023_study_coach.sql                     │ 🕒️    │
├──────────────────────────────────────────┼────────┤
│ 0024_university_application_workflow.sql │ 🕒️    │
├──────────────────────────────────────────┼────────┤
│ 0025_archive_literal_history.sql         │ 🕒️    │
├──────────────────────────────────────────┼────────┤
│ 0026_memory_distillation.sql             │ 🕒️    │
├──────────────────────────────────────────┼────────┤
│ 0027_school_observations.sql             │ 🕒️    │
├──────────────────────────────────────────┼────────┤
│ 0028_guest_grant_notice_drain.sql        │ 🕒️    │
└──────────────────────────────────────────┴────────┘
🌀 Executing on remote database jarvis-scratch-rehearsal-0916g (ad4c1042-3263-43f7-b93c-9646ed36a001):
🌀 To execute on your local development database, remove the --remote flag from your wrangler command.
🚣 Executed 32 commands in 10.31ms
┌──────────────────────────────────────────┬────────┐
│ name                                     │ status │
├──────────────────────────────────────────┼────────┤
│ 0016_cloud_memory.sql                    │ ✅     │
├──────────────────────────────────────────┼────────┤
│ 0017_owner_passphrase.sql                │ ✅     │
├──────────────────────────────────────────┼────────┤
│ 0018_owner_call_step_up.sql              │ ✅     │
├──────────────────────────────────────────┼────────┤
│ 0019_memory_ingress.sql                  │ ✅     │
├──────────────────────────────────────────┼────────┤
│ 0020_school_catchup.sql                  │ ✅     │
├──────────────────────────────────────────┼────────┤
│ 0021_voice_owner_delivery.sql            │ 🕒️    │
├──────────────────────────────────────────┼────────┤
│ 0022_university_tracker.sql              │ 🕒️    │
├──────────────────────────────────────────┼────────┤
│ 0023_study_coach.sql                     │ 🕒️    │
├──────────────────────────────────────────┼────────┤
│ 0024_university_application_workflow.sql │ 🕒️    │
├──────────────────────────────────────────┼────────┤
│ 0025_archive_literal_history.sql         │ 🕒️    │
├──────────────────────────────────────────┼────────┤
│ 0026_memory_distillation.sql             │ 🕒️    │
├──────────────────────────────────────────┼────────┤
│ 0027_school_observations.sql             │ 🕒️    │
├──────────────────────────────────────────┼────────┤
│ 0028_guest_grant_notice_drain.sql        │ 🕒️    │
└──────────────────────────────────────────┴────────┘
🌀 Executing on remote database jarvis-scratch-rehearsal-0916g (ad4c1042-3263-43f7-b93c-9646ed36a001):
🌀 To execute on your local development database, remove the --remote flag from your wrangler command.
🚣 Executed 15 commands in 6.12ms
┌──────────────────────────────────────────┬────────┐
│ name                                     │ status │
├──────────────────────────────────────────┼────────┤
│ 0016_cloud_memory.sql                    │ ✅     │
├──────────────────────────────────────────┼────────┤
│ 0017_owner_passphrase.sql                │ ✅     │
├──────────────────────────────────────────┼────────┤
│ 0018_owner_call_step_up.sql              │ ✅     │
├──────────────────────────────────────────┼────────┤
│ 0019_memory_ingress.sql                  │ ✅     │
├──────────────────────────────────────────┼────────┤
│ 0020_school_catchup.sql                  │ ✅     │
├──────────────────────────────────────────┼────────┤
│ 0021_voice_owner_delivery.sql            │ ✅     │
├──────────────────────────────────────────┼────────┤
│ 0022_university_tracker.sql              │ 🕒️    │
├──────────────────────────────────────────┼────────┤
│ 0023_study_coach.sql                     │ 🕒️    │
├──────────────────────────────────────────┼────────┤
│ 0024_university_application_workflow.sql │ 🕒️    │
├──────────────────────────────────────────┼────────┤
│ 0025_archive_literal_history.sql         │ 🕒️    │
├──────────────────────────────────────────┼────────┤
│ 0026_memory_distillation.sql             │ 🕒️    │
├──────────────────────────────────────────┼────────┤
│ 0027_school_observations.sql             │ 🕒️    │
├──────────────────────────────────────────┼────────┤
│ 0028_guest_grant_notice_drain.sql        │ 🕒️    │
└──────────────────────────────────────────┴────────┘
🌀 Executing on remote database jarvis-scratch-rehearsal-0916g (ad4c1042-3263-43f7-b93c-9646ed36a001):
🌀 To execute on your local development database, remove the --remote flag from your wrangler command.
🚣 Executed 28 commands in 8.55ms
┌──────────────────────────────────────────┬────────┐
│ name                                     │ status │
├──────────────────────────────────────────┼────────┤
│ 0016_cloud_memory.sql                    │ ✅     │
├──────────────────────────────────────────┼────────┤
│ 0017_owner_passphrase.sql                │ ✅     │
├──────────────────────────────────────────┼────────┤
│ 0018_owner_call_step_up.sql              │ ✅     │
├──────────────────────────────────────────┼────────┤
│ 0019_memory_ingress.sql                  │ ✅     │
├──────────────────────────────────────────┼────────┤
│ 0020_school_catchup.sql                  │ ✅     │
├──────────────────────────────────────────┼────────┤
│ 0021_voice_owner_delivery.sql            │ ✅     │
├──────────────────────────────────────────┼────────┤
│ 0022_university_tracker.sql              │ ✅     │
├──────────────────────────────────────────┼────────┤
│ 0023_study_coach.sql                     │ 🕒️    │
├──────────────────────────────────────────┼────────┤
│ 0024_university_application_workflow.sql │ 🕒️    │
├──────────────────────────────────────────┼────────┤
│ 0025_archive_literal_history.sql         │ 🕒️    │
├──────────────────────────────────────────┼────────┤
│ 0026_memory_distillation.sql             │ 🕒️    │
├──────────────────────────────────────────┼────────┤
│ 0027_school_observations.sql             │ 🕒️    │
├──────────────────────────────────────────┼────────┤
│ 0028_guest_grant_notice_drain.sql        │ 🕒️    │
└──────────────────────────────────────────┴────────┘
🌀 Executing on remote database jarvis-scratch-rehearsal-0916g (ad4c1042-3263-43f7-b93c-9646ed36a001):
🌀 To execute on your local development database, remove the --remote flag from your wrangler command.
🚣 Executed 23 commands in 6.20ms
┌──────────────────────────────────────────┬────────┐
│ name                                     │ status │
├──────────────────────────────────────────┼────────┤
│ 0016_cloud_memory.sql                    │ ✅     │
├──────────────────────────────────────────┼────────┤
│ 0017_owner_passphrase.sql                │ ✅     │
├──────────────────────────────────────────┼────────┤
│ 0018_owner_call_step_up.sql              │ ✅     │
├──────────────────────────────────────────┼────────┤
│ 0019_memory_ingress.sql                  │ ✅     │
├──────────────────────────────────────────┼────────┤
│ 0020_school_catchup.sql                  │ ✅     │
├──────────────────────────────────────────┼────────┤
│ 0021_voice_owner_delivery.sql            │ ✅     │
├──────────────────────────────────────────┼────────┤
│ 0022_university_tracker.sql              │ ✅     │
├──────────────────────────────────────────┼────────┤
│ 0023_study_coach.sql                     │ ✅     │
├──────────────────────────────────────────┼────────┤
│ 0024_university_application_workflow.sql │ 🕒️    │
├──────────────────────────────────────────┼────────┤
│ 0025_archive_literal_history.sql         │ 🕒️    │
├──────────────────────────────────────────┼────────┤
│ 0026_memory_distillation.sql             │ 🕒️    │
├──────────────────────────────────────────┼────────┤
│ 0027_school_observations.sql             │ 🕒️    │
├──────────────────────────────────────────┼────────┤
│ 0028_guest_grant_notice_drain.sql        │ 🕒️    │
└──────────────────────────────────────────┴────────┘
🌀 Executing on remote database jarvis-scratch-rehearsal-0916g (ad4c1042-3263-43f7-b93c-9646ed36a001):
🌀 To execute on your local development database, remove the --remote flag from your wrangler command.
🚣 Executed 12 commands in 4.95ms
┌──────────────────────────────────────────┬────────┐
│ name                                     │ status │
├──────────────────────────────────────────┼────────┤
│ 0016_cloud_memory.sql                    │ ✅     │
├──────────────────────────────────────────┼────────┤
│ 0017_owner_passphrase.sql                │ ✅     │
├──────────────────────────────────────────┼────────┤
│ 0018_owner_call_step_up.sql              │ ✅     │
├──────────────────────────────────────────┼────────┤
│ 0019_memory_ingress.sql                  │ ✅     │
├──────────────────────────────────────────┼────────┤
│ 0020_school_catchup.sql                  │ ✅     │
├──────────────────────────────────────────┼────────┤
│ 0021_voice_owner_delivery.sql            │ ✅     │
├──────────────────────────────────────────┼────────┤
│ 0022_university_tracker.sql              │ ✅     │
├──────────────────────────────────────────┼────────┤
│ 0023_study_coach.sql                     │ ✅     │
├──────────────────────────────────────────┼────────┤
│ 0024_university_application_workflow.sql │ ✅     │
├──────────────────────────────────────────┼────────┤
│ 0025_archive_literal_history.sql         │ 🕒️    │
├──────────────────────────────────────────┼────────┤
│ 0026_memory_distillation.sql             │ 🕒️    │
├──────────────────────────────────────────┼────────┤
│ 0027_school_observations.sql             │ 🕒️    │
├──────────────────────────────────────────┼────────┤
│ 0028_guest_grant_notice_drain.sql        │ 🕒️    │
└──────────────────────────────────────────┴────────┘
🌀 Executing on remote database jarvis-scratch-rehearsal-0916g (ad4c1042-3263-43f7-b93c-9646ed36a001):
🌀 To execute on your local development database, remove the --remote flag from your wrangler command.
🚣 Executed 13 commands in 3.97ms
┌──────────────────────────────────────────┬────────┐
│ name                                     │ status │
├──────────────────────────────────────────┼────────┤
│ 0016_cloud_memory.sql                    │ ✅     │
├──────────────────────────────────────────┼────────┤
│ 0017_owner_passphrase.sql                │ ✅     │
├──────────────────────────────────────────┼────────┤
│ 0018_owner_call_step_up.sql              │ ✅     │
├──────────────────────────────────────────┼────────┤
│ 0019_memory_ingress.sql                  │ ✅     │
├──────────────────────────────────────────┼────────┤
│ 0020_school_catchup.sql                  │ ✅     │
├──────────────────────────────────────────┼────────┤
│ 0021_voice_owner_delivery.sql            │ ✅     │
├──────────────────────────────────────────┼────────┤
│ 0022_university_tracker.sql              │ ✅     │
├──────────────────────────────────────────┼────────┤
│ 0023_study_coach.sql                     │ ✅     │
├──────────────────────────────────────────┼────────┤
│ 0024_university_application_workflow.sql │ ✅     │
├──────────────────────────────────────────┼────────┤
│ 0025_archive_literal_history.sql         │ ✅     │
├──────────────────────────────────────────┼────────┤
│ 0026_memory_distillation.sql             │ 🕒️    │
├──────────────────────────────────────────┼────────┤
│ 0027_school_observations.sql             │ 🕒️    │
├──────────────────────────────────────────┼────────┤
│ 0028_guest_grant_notice_drain.sql        │ 🕒️    │
└──────────────────────────────────────────┴────────┘
🌀 Executing on remote database jarvis-scratch-rehearsal-0916g (ad4c1042-3263-43f7-b93c-9646ed36a001):
🌀 To execute on your local development database, remove the --remote flag from your wrangler command.
🚣 Executed 16 commands in 29.58ms
┌──────────────────────────────────────────┬────────┐
│ name                                     │ status │
├──────────────────────────────────────────┼────────┤
│ 0016_cloud_memory.sql                    │ ✅     │
├──────────────────────────────────────────┼────────┤
│ 0017_owner_passphrase.sql                │ ✅     │
├──────────────────────────────────────────┼────────┤
│ 0018_owner_call_step_up.sql              │ ✅     │
├──────────────────────────────────────────┼────────┤
│ 0019_memory_ingress.sql                  │ ✅     │
├──────────────────────────────────────────┼────────┤
│ 0020_school_catchup.sql                  │ ✅     │
├──────────────────────────────────────────┼────────┤
│ 0021_voice_owner_delivery.sql            │ ✅     │
├──────────────────────────────────────────┼────────┤
│ 0022_university_tracker.sql              │ ✅     │
├──────────────────────────────────────────┼────────┤
│ 0023_study_coach.sql                     │ ✅     │
├──────────────────────────────────────────┼────────┤
│ 0024_university_application_workflow.sql │ ✅     │
├──────────────────────────────────────────┼────────┤
│ 0025_archive_literal_history.sql         │ ✅     │
├──────────────────────────────────────────┼────────┤
│ 0026_memory_distillation.sql             │ ✅     │
├──────────────────────────────────────────┼────────┤
│ 0027_school_observations.sql             │ 🕒️    │
├──────────────────────────────────────────┼────────┤
│ 0028_guest_grant_notice_drain.sql        │ 🕒️    │
└──────────────────────────────────────────┴────────┘
🌀 Executing on remote database jarvis-scratch-rehearsal-0916g (ad4c1042-3263-43f7-b93c-9646ed36a001):
🌀 To execute on your local development database, remove the --remote flag from your wrangler command.
🚣 Executed 20 commands in 11.65ms
┌──────────────────────────────────────────┬────────┐
│ name                                     │ status │
├──────────────────────────────────────────┼────────┤
│ 0016_cloud_memory.sql                    │ ✅     │
├──────────────────────────────────────────┼────────┤
│ 0017_owner_passphrase.sql                │ ✅     │
├──────────────────────────────────────────┼────────┤
│ 0018_owner_call_step_up.sql              │ ✅     │
├──────────────────────────────────────────┼────────┤
│ 0019_memory_ingress.sql                  │ ✅     │
├──────────────────────────────────────────┼────────┤
│ 0020_school_catchup.sql                  │ ✅     │
├──────────────────────────────────────────┼────────┤
│ 0021_voice_owner_delivery.sql            │ ✅     │
├──────────────────────────────────────────┼────────┤
│ 0022_university_tracker.sql              │ ✅     │
├──────────────────────────────────────────┼────────┤
│ 0023_study_coach.sql                     │ ✅     │
├──────────────────────────────────────────┼────────┤
│ 0024_university_application_workflow.sql │ ✅     │
├──────────────────────────────────────────┼────────┤
│ 0025_archive_literal_history.sql         │ ✅     │
├──────────────────────────────────────────┼────────┤
│ 0026_memory_distillation.sql             │ ✅     │
├──────────────────────────────────────────┼────────┤
│ 0027_school_observations.sql             │ ✅     │
├──────────────────────────────────────────┼────────┤
│ 0028_guest_grant_notice_drain.sql        │ 🕒️    │
└──────────────────────────────────────────┴────────┘
🌀 Executing on remote database jarvis-scratch-rehearsal-0916g (ad4c1042-3263-43f7-b93c-9646ed36a001):
🌀 To execute on your local development database, remove the --remote flag from your wrangler command.
🚣 Executed 6 commands in 2.01ms
┌──────────────────────────────────────────┬────────┐
│ name                                     │ status │
├──────────────────────────────────────────┼────────┤
│ 0016_cloud_memory.sql                    │ ✅     │
├──────────────────────────────────────────┼────────┤
│ 0017_owner_passphrase.sql                │ ✅     │
├──────────────────────────────────────────┼────────┤
│ 0018_owner_call_step_up.sql              │ ✅     │
├──────────────────────────────────────────┼────────┤
│ 0019_memory_ingress.sql                  │ ✅     │
├──────────────────────────────────────────┼────────┤
│ 0020_school_catchup.sql                  │ ✅     │
├──────────────────────────────────────────┼────────┤
│ 0021_voice_owner_delivery.sql            │ ✅     │
├──────────────────────────────────────────┼────────┤
│ 0022_university_tracker.sql              │ ✅     │
├──────────────────────────────────────────┼────────┤
│ 0023_study_coach.sql                     │ ✅     │
├──────────────────────────────────────────┼────────┤
│ 0024_university_application_workflow.sql │ ✅     │
├──────────────────────────────────────────┼────────┤
│ 0025_archive_literal_history.sql         │ ✅     │
├──────────────────────────────────────────┼────────┤
│ 0026_memory_distillation.sql             │ ✅     │
├──────────────────────────────────────────┼────────┤
│ 0027_school_observations.sql             │ ✅     │
├──────────────────────────────────────────┼────────┤
│ 0028_guest_grant_notice_drain.sql        │ ✅     │
└──────────────────────────────────────────┴────────┘

 ⛅️ wrangler 4.127.1 (update available 4.132.0)
───────────────────────────────────────────────
Resource location: remote 

🌀 Executing on remote database jarvis-scratch-rehearsal-0916g (ad4c1042-3263-43f7-b93c-9646ed36a001):
🌀 To execute on your local development database, remove the --remote flag from your wrangler command.
🚣 Executed 1 command in 0.46ms
[
  {
    "results": [
      {
        "name": "0016_cloud_memory.sql"
      },
      {
        "name": "0017_owner_passphrase.sql"
      },
      {
        "name": "0018_owner_call_step_up.sql"
      },
      {
        "name": "0019_memory_ingress.sql"
      },
      {
        "name": "0020_school_catchup.sql"
      },
      {
        "name": "0021_voice_owner_delivery.sql"
      },
      {
        "name": "0022_university_tracker.sql"
      },
      {
        "name": "0023_study_coach.sql"
      },
      {
        "name": "0024_university_application_workflow.sql"
      },
      {
        "name": "0025_archive_literal_history.sql"
      },
      {
        "name": "0026_memory_distillation.sql"
      },
      {
        "name": "0027_school_observations.sql"
      },
      {
        "name": "0028_guest_grant_notice_drain.sql"
      }
    ],
    "success": true,
    "meta": {
      "served_by": "v3-prod",
      "served_by_region": "ENAM",
      "served_by_colo": "EWR",
      "served_by_primary": true,
      "timings": {
        "sql_duration_ms": 0.4607
      },
      "duration": 0.4607,
      "changes": 0,
      "last_row_id": 28,
      "changed_db": false,
      "size_after": 2015232,
      "rows_read": 26,
      "rows_written": 0,
      "total_attempts": 1
    }
  }
]
SCRATCH MIGRATIONS OK: 13/13 candidate receipts present in filename order.
===== RUNBOOK STEP 6 =====
PROMPT: Confirmed non-production scratch D1 name
PROMPT: Absolute SCRATCH CONFIG OUTSIDE REPO path from step 2

 ⛅️ wrangler 4.127.1 (update available 4.132.0)
───────────────────────────────────────────────
Resource location: remote 

🌀 Executing on remote database jarvis-scratch-rehearsal-0916g (ad4c1042-3263-43f7-b93c-9646ed36a001):
🌀 To execute on your local development database, remove the --remote flag from your wrangler command.
🚣 Executed 1 command in 0.80ms
[
  {
    "results": [
      {
        "name": "archive_manifests_no_delete"
      },
      {
        "name": "archive_manifests_no_update"
      },
      {
        "name": "archive_manifests_require_next_range"
      },
      {
        "name": "archive_purge_receipts_no_delete"
      },
      {
        "name": "archive_purge_receipts_no_update"
      },
      {
        "name": "archive_purge_receipts_require_delivered"
      },
      {
        "name": "archive_segment_events_no_delete"
      },
      {
        "name": "archive_segment_events_no_update"
      },
      {
        "name": "archive_segment_events_require_manifest_range"
      },
      {
        "name": "archive_segments_no_delete"
      },
      {
        "name": "archive_segments_no_update"
      },
      {
        "name": "archive_state_advance_guard"
      },
      {
        "name": "archive_state_circuit_latched"
      },
      {
        "name": "archive_state_no_delete"
      },
      {
        "name": "archive_state_no_second_row"
      },
      {
        "name": "authentication_attempt_reservations_append_only"
      },
      {
        "name": "authentication_attempt_reservations_reject_delete"
      },
      {
        "name": "autonomy_evaluations_reject_delete"
      },
      {
        "name": "autonomy_evaluations_reject_update"
      },
      {
        "name": "autonomy_mode_reject_delete"
      },
      {
        "name": "call_session_authorities_delete_forbidden"
      },
      {
        "name": "call_session_authorities_guest_owner_required"
      },
      {
        "name": "call_session_authorities_immutable"
      },
      {
        "name": "call_session_authorities_provider_lifetime"
      },
      {
        "name": "call_session_authorities_require_current_lineage"
      },
      {
        "name": "call_sessions_immutable_lineage"
      },
      {
        "name": "call_sessions_phase_transition"
      },
      {
        "name": "call_sessions_provider_binding_eligible"
      },
      {
        "name": "call_sessions_provider_binding_once"
      },
      {
        "name": "call_sessions_provider_connected_at_immutable"
      },
      {
        "name": "call_sessions_provider_connected_at_required"
      },
      {
        "name": "call_sessions_reject_delete"
      },
      {
        "name": "call_sessions_require_inbound_lineage"
      },
      {
        "name": "call_sessions_require_initial_state"
      },
      {
        "name": "call_sessions_require_matching_outbound_attempt"
      },
      {
        "name": "call_sessions_updated_at_monotone"
      },
      {
        "name": "call_sessions_voice_access_guest_owner_bind_required"
      },
      {
        "name": "call_sessions_voice_access_guest_owner_required"
      },
      {
        "name": "call_sessions_voice_access_immutable"
      },
      {
        "name": "call_sessions_voice_access_required"
      },
      {
        "name": "channel_identities_call_session_subject_immutable"
      },
      {
        "name": "channel_identities_conversation_lineage_immutable"
      },
      {
        "name": "conversation_deliveries_claim_target_guard"
      },
      {
        "name": "conversation_deliveries_immutable_guard"
      },
      {
        "name": "conversation_deliveries_reject_delete"
      },
      {
        "name": "conversation_deliveries_stage_guard"
      },
      {
        "name": "conversation_deliveries_target_guard"
      },
      {
        "name": "conversation_deliveries_terminal_guard"
      },
      {
        "name": "conversation_deliveries_transition_guard"
      },
      {
        "name": "conversation_turns_immutable_guard"
      },
      {
        "name": "conversation_turns_insert_guard"
      },
      {
        "name": "conversation_turns_reject_delete"
      },
      {
        "name": "conversation_turns_terminal_guard"
      },
      {
        "name": "conversation_turns_transition_guard"
      },
      {
        "name": "deadline_revisions_reject_delete"
      },
      {
        "name": "deadline_revisions_reject_update"
      },
      {
        "name": "decision_items_forward_only"
      },
      {
        "name": "decision_items_freeze_question"
      },
      {
        "name": "decision_items_reject_delete"
      },
      {
        "name": "decision_responses_reject_delete"
      },
      {
        "name": "decision_responses_reject_update"
      },
      {
        "name": "events_conversation_transition_guard"
      },
      {
        "name": "events_memory_owner_command_ingress_guard"
      },
      {
        "name": "events_reject_archived_event_id"
      },
      {
        "name": "guest_call_pin_attempts_delete_forbidden"
      },
      {
        "name": "guest_call_pin_attempts_immutable"
      },
      {
        "name": "guest_call_pin_attempts_insert_guard"
      },
      {
        "name": "guest_grant_notice_drain_state_delete_forbidden"
      },
      {
        "name": "guest_grant_notice_drain_state_insert_guard"
      },
      {
        "name": "guest_grant_notice_drain_state_transition_guard"
      },
      {
        "name": "guest_grant_notices_delete_forbidden"
      },
      {
        "name": "guest_grant_notices_insert_guard"
      },
      {
        "name": "guest_grant_notices_transition_guard"
      },
      {
        "name": "identity_challenges_activate_pending_identity"
      },
      {
        "name": "identity_challenges_call_session_id_no_reuse"
      },
      {
        "name": "identity_challenges_call_session_lineage_immutable"
      },
      {
        "name": "identity_challenges_reclaim_and_cap"
      },
      {
        "name": "identity_challenges_task4_canonical_timestamps_insert"
      },
      {
        "name": "identity_challenges_task4_canonical_timestamps_update"
      },
      {
        "name": "identity_challenges_task4_id_immutable"
      },
      {
        "name": "memory_cost_ledger_immutable_delete"
      },
      {
        "name": "memory_cost_ledger_immutable_update"
      },
      {
        "name": "memory_cost_ledger_insert_guard"
      },
      {
        "name": "memory_cursors_delete_guard"
      },
      {
        "name": "memory_cursors_insert_guard"
      },
      {
        "name": "memory_cursors_monotonic_update"
      },
      {
        "name": "memory_distillation_cursor_insert_guard"
      },
      {
        "name": "memory_distillation_cursor_update_guard"
      },
      {
        "name": "memory_distillation_event_receipts_delete_forbidden"
      },
      {
        "name": "memory_distillation_event_receipts_immutable_update"
      },
      {
        "name": "memory_distillation_event_receipts_insert_guard"
      },
      {
        "name": "memory_distillation_item_receipts_delete_forbidden"
      },
      {
        "name": "memory_distillation_item_receipts_immutable_update"
      },
      {
        "name": "memory_distillation_item_receipts_insert_guard"
      },
      {
        "name": "memory_distillation_runs_reconcile_guard"
      },
      {
        "name": "memory_episode_sources_immutable_delete"
      },
      {
        "name": "memory_episode_sources_immutable_update"
      },
      {
        "name": "memory_episode_sources_insert_guard"
      },
      {
        "name": "memory_episodes_fts_insert"
      },
      {
        "name": "memory_episodes_immutable_delete"
      },
      {
        "name": "memory_episodes_immutable_update"
      },
      {
        "name": "memory_episodes_insert_guard"
      },
      {
        "name": "memory_event_suppression_lifts_immutable_delete"
      },
      {
        "name": "memory_event_suppression_lifts_immutable_update"
      },
      {
        "name": "memory_event_suppression_lifts_insert_guard"
      },
      {
        "name": "memory_event_suppressions_immutable_delete"
      },
      {
        "name": "memory_event_suppressions_immutable_update"
      },
      {
        "name": "memory_event_suppressions_insert_guard"
      },
      {
        "name": "memory_fact_projection_abandoned_cleanup"
      },
      {
        "name": "memory_fact_projection_abandoned_insert_guard"
      },
      {
        "name": "memory_fact_projection_abandoned_no_delete"
      },
      {
        "name": "memory_fact_projection_abandoned_no_update"
      },
      {
        "name": "memory_fact_projection_commit_publish"
      },
      {
        "name": "memory_fact_projection_commits_immutable_delete"
      },
      {
        "name": "memory_fact_projection_commits_immutable_update"
      },
      {
        "name": "memory_fact_projection_facts_delete_guard"
      },
      {
        "name": "memory_fact_projection_facts_fts_delete"
      },
      {
        "name": "memory_fact_projection_facts_fts_insert"
      },
      {
        "name": "memory_fact_projection_facts_immutable"
      },
      {
        "name": "memory_fact_projection_facts_insert_guard"
      },
      {
        "name": "memory_fact_projection_heads_delete_guard"
      },
      {
        "name": "memory_fact_projection_heads_insert_guard"
      },
      {
        "name": "memory_fact_projection_heads_update_guard"
      },
      {
        "name": "memory_fact_projection_pages_delete_guard"
      },
      {
        "name": "memory_fact_projection_pages_immutable"
      },
      {
        "name": "memory_fact_projection_pages_insert_guard"
      },
      {
        "name": "memory_fact_projection_versions_delete_guard"
      },
      {
        "name": "memory_fact_projection_versions_insert_guard"
      },
      {
        "name": "memory_fact_projection_versions_transition"
      },
      {
        "name": "memory_history_chunks_fts_delete"
      },
      {
        "name": "memory_history_chunks_fts_insert"
      },
      {
        "name": "memory_history_chunks_immutable_update"
      },
      {
        "name": "memory_history_chunks_insert_guard"
      },
      {
        "name": "memory_history_coverage_immutable_delete"
      },
      {
        "name": "memory_history_coverage_immutable_update"
      },
      {
        "name": "memory_history_coverage_insert_guard"
      },
      {
        "name": "memory_item_links_immutable_delete"
      },
      {
        "name": "memory_item_links_immutable_update"
      },
      {
        "name": "memory_item_links_insert_guard"
      },
      {
        "name": "memory_item_placement_events_apply_state"
      },
      {
        "name": "memory_item_placement_events_immutable_delete"
      },
      {
        "name": "memory_item_placement_events_immutable_update"
      },
      {
        "name": "memory_item_placement_events_insert_guard"
      },
      {
        "name": "memory_item_placement_state_delete_guard"
      },
      {
        "name": "memory_item_placement_state_insert_guard"
      },
      {
        "name": "memory_item_placement_state_update_guard"
      },
      {
        "name": "memory_item_sources_immutable_delete"
      },
      {
        "name": "memory_item_sources_immutable_update"
      },
      {
        "name": "memory_item_sources_insert_guard"
      },
      {
        "name": "memory_item_state_delete_guard"
      },
      {
        "name": "memory_item_state_insert_guard"
      },
      {
        "name": "memory_item_state_update_guard"
      },
      {
        "name": "memory_item_transitions_apply_state"
      },
      {
        "name": "memory_item_transitions_immutable_delete"
      },
      {
        "name": "memory_item_transitions_immutable_update"
      },
      {
        "name": "memory_item_transitions_insert_guard"
      },
      {
        "name": "memory_item_versions_fts_insert"
      },
      {
        "name": "memory_item_versions_immutable_delete"
      },
      {
        "name": "memory_item_versions_immutable_update"
      },
      {
        "name": "memory_item_versions_insert_guard"
      },
      {
        "name": "memory_items_immutable_delete"
      },
      {
        "name": "memory_items_immutable_update"
      },
      {
        "name": "memory_items_insert_guard"
      },
      {
        "name": "memory_literal_search_hits_delete_forbidden"
      },
      {
        "name": "memory_literal_search_hits_immutable_update"
      },
      {
        "name": "memory_literal_search_hits_insert_guard"
      },
      {
        "name": "memory_literal_search_jobs_delete_forbidden"
      },
      {
        "name": "memory_literal_search_jobs_insert_guard"
      },
      {
        "name": "memory_literal_search_jobs_update_guard"
      },
      {
        "name": "memory_model_prices_immutable_delete"
      },
      {
        "name": "memory_model_prices_immutable_update"
      },
      {
        "name": "memory_model_prices_insert_guard"
      },
      {
        "name": "memory_reprocess_jobs_delete_guard"
      },
      {
        "name": "memory_reprocess_jobs_insert_guard"
      },
      {
        "name": "memory_reprocess_jobs_update_guard"
      },
      {
        "name": "memory_runs_delete_guard"
      },
      {
        "name": "memory_runs_insert_guard"
      },
      {
        "name": "memory_runs_update_guard"
      },
      {
        "name": "memory_topic_aliases_immutable_delete"
      },
      {
        "name": "memory_topic_aliases_immutable_update"
      },
      {
        "name": "memory_topic_aliases_insert_guard"
      },
      {
        "name": "memory_topic_events_apply"
      },
      {
        "name": "memory_topic_events_immutable_delete"
      },
      {
        "name": "memory_topic_events_immutable_update"
      },
      {
        "name": "memory_topic_events_insert_guard"
      },
      {
        "name": "memory_topic_events_recent_insert_guard"
      },
      {
        "name": "memory_topics_delete_guard"
      },
      {
        "name": "memory_topics_insert_guard"
      },
      {
        "name": "memory_topics_update_guard"
      },
      {
        "name": "memory_vectors_delete_guard"
      },
      {
        "name": "memory_vectors_insert_guard"
      },
      {
        "name": "memory_vectors_update_guard"
      },
      {
        "name": "outbound_attempts_admission"
      },
      {
        "name": "outbound_attempts_start_ready"
      },
      {
        "name": "outbound_attempts_terminal_evidence"
      },
      {
        "name": "outbound_call_attempts_immutable_lineage"
      },
      {
        "name": "outbound_call_attempts_reject_delete"
      },
      {
        "name": "outbound_call_attempts_state_machine"
      },
      {
        "name": "outbound_event_retains_terminal_evidence"
      },
      {
        "name": "outbound_status_retains_terminal_evidence"
      },
      {
        "name": "owner_call_step_up_alerts_insert_guard"
      },
      {
        "name": "owner_call_step_up_alerts_key_guard"
      },
      {
        "name": "owner_call_step_up_attempts_delete_forbidden"
      },
      {
        "name": "owner_call_step_up_attempts_insert_guard"
      },
      {
        "name": "owner_call_step_up_attempts_publish_exhaustion"
      },
      {
        "name": "owner_call_step_up_attempts_publish_match"
      },
      {
        "name": "owner_call_step_up_attempts_transition_guard"
      },
      {
        "name": "owner_call_step_up_bindings_delete_forbidden"
      },
      {
        "name": "owner_call_step_up_bindings_immutable"
      },
      {
        "name": "owner_call_step_up_bindings_insert_guard"
      },
      {
        "name": "owner_call_step_up_disabled_rejections_delete_forbidden"
      },
      {
        "name": "owner_call_step_up_disabled_rejections_immutable"
      },
      {
        "name": "owner_call_step_up_disabled_rejections_insert_guard"
      },
      {
        "name": "owner_call_step_up_disabled_rejections_terminalize"
      },
      {
        "name": "owner_call_step_up_rejection_deliveries_delete_forbidden"
      },
      {
        "name": "owner_call_step_up_rejection_deliveries_immutable"
      },
      {
        "name": "owner_call_step_up_rejection_deliveries_insert_guard"
      },
      {
        "name": "owner_call_step_up_rejections_delete_forbidden"
      },
      {
        "name": "owner_call_step_up_rejections_immutable"
      },
      {
        "name": "owner_call_step_up_rejections_insert_guard"
      },
      {
        "name": "owner_call_step_up_rejections_terminalize"
      },
      {
        "name": "owner_call_step_up_repeat_checks_delete_forbidden"
      },
      {
        "name": "owner_call_step_up_repeat_checks_insert_guard"
      },
      {
        "name": "owner_call_step_up_repeat_checks_transition_guard"
      },
      {
        "name": "owner_call_step_up_reprompts_delete_forbidden"
      },
      {
        "name": "owner_call_step_up_reprompts_immutable"
      },
      {
        "name": "owner_call_step_up_reprompts_insert_guard"
      },
      {
        "name": "owner_call_step_up_reprompts_publish_exhaustion"
      },
      {
        "name": "owner_call_step_up_successes_delete_forbidden"
      },
      {
        "name": "owner_call_step_up_successes_immutable"
      },
      {
        "name": "owner_call_step_up_successes_insert_guard"
      },
      {
        "name": "owner_call_step_up_successes_publish_authority"
      },
      {
        "name": "owner_call_step_up_windows_delete_forbidden"
      },
      {
        "name": "owner_call_step_up_windows_immutable"
      },
      {
        "name": "owner_call_step_up_windows_insert_guard"
      },
      {
        "name": "owner_passphrase_disable_commit_guard"
      },
      {
        "name": "owner_passphrase_disable_commit_publish"
      },
      {
        "name": "owner_passphrase_disable_commits_delete_forbidden"
      },
      {
        "name": "owner_passphrase_disable_commits_immutable"
      },
      {
        "name": "owner_passphrase_heads_delete_forbidden"
      },
      {
        "name": "owner_passphrase_heads_insert_guard"
      },
      {
        "name": "owner_passphrase_heads_update_guard"
      },
      {
        "name": "owner_passphrase_rotation_commit_guard"
      },
      {
        "name": "owner_passphrase_rotation_commit_publish"
      },
      {
        "name": "owner_passphrase_rotation_commits_delete_forbidden"
      },
      {
        "name": "owner_passphrase_rotation_commits_immutable"
      },
      {
        "name": "owner_passphrase_verifiers_delete_forbidden"
      },
      {
        "name": "owner_passphrase_verifiers_insert_guard"
      },
      {
        "name": "owner_passphrase_verifiers_transition_guard"
      },
      {
        "name": "project_documents_reject_delete"
      },
      {
        "name": "project_observations_reject_delete"
      },
      {
        "name": "provider_events_relay_require_bound_session"
      },
      {
        "name": "provider_events_status_reconcile_attempt"
      },
      {
        "name": "provider_events_status_require_compatible_attempt"
      },
      {
        "name": "request_nonces_reclaim_and_cap"
      },
      {
        "name": "school_assignment_observation_revisions_delete_guard"
      },
      {
        "name": "school_assignment_observation_revisions_insert_guard"
      },
      {
        "name": "school_assignment_observation_revisions_update_guard"
      },
      {
        "name": "school_assignment_observations_delete_guard"
      },
      {
        "name": "school_assignment_observations_insert_guard"
      },
      {
        "name": "school_assignment_observations_update_guard"
      },
      {
        "name": "school_catchup_actions_core_immutable"
      },
      {
        "name": "school_catchup_actions_insert_guard"
      },
      {
        "name": "school_catchup_actions_planned_cap_insert"
      },
      {
        "name": "school_catchup_actions_reject_delete"
      },
      {
        "name": "school_catchup_actions_require_plan_turn"
      },
      {
        "name": "school_catchup_actions_status_transition"
      },
      {
        "name": "school_catchup_turn_receipts_insert_guard"
      },
      {
        "name": "school_catchup_turn_receipts_reject_delete"
      },
      {
        "name": "school_catchup_turn_receipts_reject_update"
      },
      {
        "name": "school_catchup_turn_receipts_require_turn"
      },
      {
        "name": "school_course_cards_active_cap_insert"
      },
      {
        "name": "school_course_cards_active_cap_update"
      },
      {
        "name": "school_course_cards_course_key_unique_update"
      },
      {
        "name": "school_course_cards_insert_guard"
      },
      {
        "name": "school_course_cards_primary_key_immutable"
      },
      {
        "name": "school_course_cards_reject_delete"
      },
      {
        "name": "school_course_cards_require_owner_turn_insert"
      },
      {
        "name": "school_course_cards_require_owner_turn_update"
      },
      {
        "name": "school_course_facts_active_cap_insert"
      },
      {
        "name": "school_course_facts_core_immutable"
      },
      {
        "name": "school_course_facts_insert_guard"
      },
      {
        "name": "school_course_facts_reject_delete"
      },
      {
        "name": "school_course_facts_require_owner_turn"
      },
      {
        "name": "school_course_facts_status_transition"
      },
      {
        "name": "school_missing_work_transitions_delete_guard"
      },
      {
        "name": "school_missing_work_transitions_insert_guard"
      },
      {
        "name": "school_missing_work_transitions_update_guard"
      },
      {
        "name": "school_observation_sync_delete_guard"
      },
      {
        "name": "school_observation_sync_insert_guard"
      },
      {
        "name": "school_observation_sync_update_guard"
      },
      {
        "name": "school_practice_items_core_immutable"
      },
      {
        "name": "school_practice_items_insert_guard"
      },
      {
        "name": "school_practice_items_open_cap"
      },
      {
        "name": "school_practice_items_reject_delete"
      },
      {
        "name": "school_practice_items_source_guard"
      },
      {
        "name": "school_practice_items_status_transition"
      },
      {
        "name": "school_study_evidence_active_cap"
      },
      {
        "name": "school_study_evidence_core_immutable"
      },
      {
        "name": "school_study_evidence_insert_guard"
      },
      {
        "name": "school_study_evidence_reject_delete"
      },
      {
        "name": "school_study_evidence_source_guard"
      },
      {
        "name": "school_study_evidence_status_transition"
      },
      {
        "name": "school_study_preferences_core_immutable"
      },
      {
        "name": "school_study_preferences_insert_guard"
      },
      {
        "name": "school_study_preferences_reject_delete"
      },
      {
        "name": "school_study_preferences_require_owner_turn_insert"
      },
      {
        "name": "school_study_preferences_require_owner_turn_update"
      },
      {
        "name": "sync_ack_receipts_apply_snapshot"
      },
      {
        "name": "sync_snapshots_reclaim_and_cap"
      },
      {
        "name": "university_application_items_cap_insert"
      },
      {
        "name": "university_application_items_cap_reactivate"
      },
      {
        "name": "university_application_items_core_immutable"
      },
      {
        "name": "university_application_items_insert_guard"
      },
      {
        "name": "university_application_items_reject_delete"
      },
      {
        "name": "university_application_items_require_owner_turn_insert"
      },
      {
        "name": "university_application_items_require_owner_turn_update"
      },
      {
        "name": "university_application_items_state_consistent_update"
      },
      {
        "name": "university_application_items_status_correction_guard"
      },
      {
        "name": "university_program_items_active_cap_insert"
      },
      {
        "name": "university_program_items_core_immutable"
      },
      {
        "name": "university_program_items_insert_guard"
      },
      {
        "name": "university_program_items_reject_delete"
      },
      {
        "name": "university_program_items_require_owner_turn"
      },
      {
        "name": "university_program_items_status_transition"
      },
      {
        "name": "university_programs_active_cap_insert"
      },
      {
        "name": "university_programs_active_cap_update"
      },
      {
        "name": "university_programs_insert_guard"
      },
      {
        "name": "university_programs_reject_delete"
      },
      {
        "name": "university_programs_require_owner_turn_insert"
      },
      {
        "name": "university_programs_require_owner_turn_update"
      },
      {
        "name": "university_programs_update_guard"
      },
      {
        "name": "university_tracker_turn_receipts_insert_guard"
      },
      {
        "name": "university_tracker_turn_receipts_reject_delete"
      },
      {
        "name": "university_tracker_turn_receipts_reject_update"
      },
      {
        "name": "university_tracker_turn_receipts_require_turn"
      },
      {
        "name": "voice_access_grant_events_delete_forbidden"
      },
      {
        "name": "voice_access_grant_events_immutable"
      },
      {
        "name": "voice_access_grants_delete_forbidden"
      },
      {
        "name": "voice_access_grants_immutable_lineage"
      },
      {
        "name": "voice_access_grants_require_guest_identity"
      },
      {
        "name": "voice_access_grants_status_invalid"
      },
      {
        "name": "voice_access_grants_version_invalid"
      },
      {
        "name": "voice_owner_identity_delete_forbidden"
      },
      {
        "name": "voice_owner_identity_immutable"
      },
      {
        "name": "voice_owner_identity_requires_voice_human"
      }
    ],
    "success": true,
    "meta": {
      "served_by": "v3-prod",
      "served_by_region": "ENAM",
      "served_by_colo": "EWR",
      "served_by_primary": true,
      "timings": {
        "sql_duration_ms": 0.797
      },
      "duration": 0.797,
      "changes": 0,
      "last_row_id": 28,
      "changed_db": false,
      "size_after": 2015232,
      "rows_read": 1057,
      "rows_written": 0,
      "total_attempts": 1
    }
  }
]
TRIGGER CHECK OK: 231/231 named triggers present.
===== RUNBOOK STEP 7 =====
PROMPT: Confirmed non-production scratch D1 name
PROMPT: Absolute SCRATCH CONFIG OUTSIDE REPO path from step 2

 ⛅️ wrangler 4.127.1 (update available 4.132.0)
───────────────────────────────────────────────
Resource location: remote 

🌀 Executing on remote database jarvis-scratch-rehearsal-0916g (ad4c1042-3263-43f7-b93c-9646ed36a001):
🌀 To execute on your local development database, remove the --remote flag from your wrangler command.
🚣 Executed 5 commands in 1.23ms
[
  {
    "results": [],
    "success": true,
    "meta": {
      "served_by": "v3-prod",
      "served_by_region": "ENAM",
      "served_by_colo": "EWR",
      "served_by_primary": true,
      "timings": {
        "sql_duration_ms": 0.1219
      },
      "duration": 0.1219,
      "changes": 0,
      "last_row_id": 28,
      "changed_db": false,
      "size_after": 2015232,
      "rows_read": 0,
      "rows_written": 0,
      "total_attempts": 1
    }
  },
  {
    "results": [],
    "success": true,
    "meta": {
      "served_by": "v3-prod",
      "served_by_region": "ENAM",
      "served_by_colo": "EWR",
      "served_by_primary": true,
      "timings": {
        "sql_duration_ms": 0.0421
      },
      "duration": 0.0421,
      "changes": 0,
      "last_row_id": 28,
      "changed_db": false,
      "size_after": 2015232,
      "rows_read": 0,
      "rows_written": 0,
      "total_attempts": 1
    }
  },
  {
    "results": [],
    "success": true,
    "meta": {
      "served_by": "v3-prod",
      "served_by_region": "ENAM",
      "served_by_colo": "EWR",
      "served_by_primary": true,
      "timings": {
        "sql_duration_ms": 0.5887
      },
      "duration": 0.5887,
      "changes": 0,
      "last_row_id": 28,
      "changed_db": true,
      "size_after": 2023424,
      "rows_read": 1,
      "rows_written": 3,
      "total_attempts": 1
    }
  },
  {
    "results": [],
    "success": true,
    "meta": {
      "served_by": "v3-prod",
      "served_by_region": "ENAM",
      "served_by_colo": "EWR",
      "served_by_primary": true,
      "timings": {
        "sql_duration_ms": 0.3146
      },
      "duration": 0.3146,
      "changes": 0,
      "last_row_id": 28,
      "changed_db": false,
      "size_after": 2023424,
      "rows_read": 0,
      "rows_written": 1,
      "total_attempts": 1
    }
  },
  {
    "results": [],
    "success": true,
    "meta": {
      "served_by": "v3-prod",
      "served_by_region": "ENAM",
      "served_by_colo": "EWR",
      "served_by_primary": true,
      "timings": {
        "sql_duration_ms": 0.1618
      },
      "duration": 0.1618,
      "changes": 1,
      "last_row_id": 28,
      "changed_db": true,
      "size_after": 2023424,
      "rows_read": 0,
      "rows_written": 2,
      "total_attempts": 1
    }
  }
]
UNIQUE GUARD OK: OR REPLACE primary key -> scratch_unique_guard_rejected
UNIQUE GUARD OK: OR IGNORE primary key -> scratch_unique_guard_rejected
UNIQUE GUARD OK: OR REPLACE alternate key -> scratch_unique_guard_rejected
UNIQUE GUARD OK: OR IGNORE alternate key -> scratch_unique_guard_rejected

 ⛅️ wrangler 4.127.1 (update available 4.132.0)
───────────────────────────────────────────────
Resource location: remote 

🌀 Executing on remote database jarvis-scratch-rehearsal-0916g (ad4c1042-3263-43f7-b93c-9646ed36a001):
🌀 To execute on your local development database, remove the --remote flag from your wrangler command.
🚣 Executed 1 command in 0.35ms
[
  {
    "results": [
      {
        "result": "UNIQUE ROW OK: first/one preserved."
      }
    ],
    "success": true,
    "meta": {
      "served_by": "v3-prod",
      "served_by_region": "ENAM",
      "served_by_colo": "EWR",
      "served_by_primary": true,
      "timings": {
        "sql_duration_ms": 0.3452
      },
      "duration": 0.3452,
      "changes": 0,
      "last_row_id": 28,
      "changed_db": false,
      "size_after": 2023424,
      "rows_read": 1,
      "rows_written": 0,
      "total_attempts": 1
    }
  }
]
===== RUNBOOK STEP 8 =====
PROMPT: Confirmed non-production scratch D1 name
PROMPT: Absolute SCRATCH CONFIG OUTSIDE REPO path from step 2

 ⛅️ wrangler 4.127.1 (update available 4.132.0)
───────────────────────────────────────────────
Resource location: remote 

🌀 Executing on remote database jarvis-scratch-rehearsal-0916g (ad4c1042-3263-43f7-b93c-9646ed36a001):
🌀 To execute on your local development database, remove the --remote flag from your wrangler command.

X [ERROR] A request to the Cloudflare API (/accounts/<account>/d1/database/ad4c1042-3263-43f7-b93c-9646ed36a001/query) failed.

  incomplete input: SQLITE_ERROR [code: 7500]
  
  If you think this is a bug, please open an issue at: https://github.com/cloudflare/workers-sdk/issues/new/choose


🪵  Logs were written to "C:\Users\Sid\AppData\Roaming\xdg.config\.wrangler\logs\wrangler-2026-09-16_17-52-17_627.log"
CASE RAISE CHECK OK: incomplete input: SQLITE_ERROR [code: 7500]
===== RUNBOOK STEP 9 =====
PROMPT: Confirmed non-production scratch D1 name to delete
PROMPT: Absolute SCRATCH CONFIG OUTSIDE REPO path from step 2
DELETE TARGET: jarvis-scratch-rehearsal-0916g is disposable scratch, not production.
PROMPT: Read DELETE TARGET aloud, then re-enter the exact scratch name

 ⛅️ wrangler 4.127.1 (update available 4.132.0)
───────────────────────────────────────────────
Resource location: remote 

🌀 Executing on remote database jarvis-scratch-rehearsal-0916g (ad4c1042-3263-43f7-b93c-9646ed36a001):
🌀 To execute on your local development database, remove the --remote flag from your wrangler command.
🚣 Executed 3 commands in 0.94ms
[
  {
    "results": [],
    "success": true,
    "meta": {
      "served_by": "v3-prod",
      "served_by_region": "ENAM",
      "served_by_colo": "EWR",
      "served_by_primary": true,
      "timings": {
        "sql_duration_ms": 0.1981
      },
      "duration": 0.1981,
      "changes": 0,
      "last_row_id": 28,
      "changed_db": false,
      "size_after": 2023424,
      "rows_read": 0,
      "rows_written": 0,
      "total_attempts": 1
    }
  },
  {
    "results": [],
    "success": true,
    "meta": {
      "served_by": "v3-prod",
      "served_by_region": "ENAM",
      "served_by_colo": "EWR",
      "served_by_primary": true,
      "timings": {
        "sql_duration_ms": 0.3971
      },
      "duration": 0.3971,
      "changes": 0,
      "last_row_id": 28,
      "changed_db": false,
      "size_after": 2023424,
      "rows_read": 714,
      "rows_written": 0,
      "total_attempts": 1
    }
  },
  {
    "results": [],
    "success": true,
    "meta": {
      "served_by": "v3-prod",
      "served_by_region": "ENAM",
      "served_by_colo": "EWR",
      "served_by_primary": true,
      "timings": {
        "sql_duration_ms": 0.3429
      },
      "duration": 0.3429,
      "changes": 0,
      "last_row_id": 28,
      "changed_db": true,
      "size_after": 2015232,
      "rows_read": 715,
      "rows_written": 0,
      "total_attempts": 1
    }
  }
]

 ⛅️ wrangler 4.127.1 (update available 4.132.0)
───────────────────────────────────────────────
Resource location: remote 

About to delete remote database DB 'jarvis-scratch-rehearsal-0916g' (ad4c1042-3263-43f7-b93c-9646ed36a001).
This action is irreversible and will permanently delete all data in the database.

Deleting...
Deleted 'jarvis-scratch-rehearsal-0916g' successfully.
SCRATCH DELETE OK: jarvis-scratch-rehearsal-0916g
SCRATCH CONFIG DELETE OK: C:\Users\Sid\AppData\Local\Temp\jarvis-jarvis-scratch-rehearsal-0916g-d1c04b724090480b978f9857177dee1f.toml
EXIT 0
