$ vitest --config vitest.workspace.ts run

 RUN  v4.1.11 C:/Users/Sid/jarvis-pin-r1

▲ [WARNING] Processing apps\cloud-gateway\wrangler.toml configuration:

  
    - "env.test" environment configuration
      - "vectorize" exists at the top level, but not on "env.test".
        This is not what you probably want, since "vectorize" is not inherited by environments.
        Please add "vectorize" to "env.test".
      - "ai" exists at the top level, but not on "env.test".
        This is not what you probably want, since "ai" is not inherited by environments.
        Please add "ai" to "env.test".


▲ [WARNING] Processing apps\cloud-gateway\wrangler.toml configuration:

  
    - "env.test" environment configuration
      - "vectorize" exists at the top level, but not on "env.test".
        This is not what you probably want, since "vectorize" is not inherited by environments.
        Please add "vectorize" to "env.test".
      - "ai" exists at the top level, but not on "env.test".
        This is not what you probably want, since "ai" is not inherited by environments.
        Please add "ai" to "env.test".


▲ [WARNING] Processing apps\cloud-gateway\wrangler.toml configuration:

  
    - "env.test" environment configuration
      - "vectorize" exists at the top level, but not on "env.test".
        This is not what you probably want, since "vectorize" is not inherited by environments.
        Please add "vectorize" to "env.test".
      - "ai" exists at the top level, but not on "env.test".
        This is not what you probably want, since "ai" is not inherited by environments.
        Please add "ai" to "env.test".


▲ [WARNING] Processing apps\cloud-gateway\wrangler.toml configuration:

  
    - "env.test" environment configuration
      - "vectorize" exists at the top level, but not on "env.test".
        This is not what you probably want, since "vectorize" is not inherited by environments.
        Please add "vectorize" to "env.test".
      - "ai" exists at the top level, but not on "env.test".
        This is not what you probably want, since "ai" is not inherited by environments.
        Please add "ai" to "env.test".


▲ [WARNING] Processing apps\cloud-gateway\wrangler.toml configuration:

  
    - "env.test" environment configuration
      - "vectorize" exists at the top level, but not on "env.test".
        This is not what you probably want, since "vectorize" is not inherited by environments.
        Please add "vectorize" to "env.test".
      - "ai" exists at the top level, but not on "env.test".
        This is not what you probably want, since "ai" is not inherited by environments.
        Please add "ai" to "env.test".


▲ [WARNING] Processing apps\cloud-gateway\wrangler.toml configuration:

  
    - "env.test" environment configuration
      - "vectorize" exists at the top level, but not on "env.test".
        This is not what you probably want, since "vectorize" is not inherited by environments.
        Please add "vectorize" to "env.test".
      - "ai" exists at the top level, but not on "env.test".
        This is not what you probably want, since "ai" is not inherited by environments.
        Please add "ai" to "env.test".


▲ [WARNING] Processing apps\cloud-gateway\wrangler.toml configuration:

  
    - "env.test" environment configuration
      - "vectorize" exists at the top level, but not on "env.test".
        This is not what you probably want, since "vectorize" is not inherited by environments.
        Please add "vectorize" to "env.test".
      - "ai" exists at the top level, but not on "env.test".
        This is not what you probably want, since "ai" is not inherited by environments.
        Please add "ai" to "env.test".


▲ [WARNING] Processing apps\cloud-gateway\wrangler.toml configuration:

  
    - "env.test" environment configuration
      - "vectorize" exists at the top level, but not on "env.test".
        This is not what you probably want, since "vectorize" is not inherited by environments.
        Please add "vectorize" to "env.test".
      - "ai" exists at the top level, but not on "env.test".
        This is not what you probably want, since "ai" is not inherited by environments.
        Please add "ai" to "env.test".


▲ [WARNING] Processing apps\cloud-gateway\wrangler.toml configuration:

  
    - "env.test" environment configuration
      - "vectorize" exists at the top level, but not on "env.test".
        This is not what you probably want, since "vectorize" is not inherited by environments.
        Please add "vectorize" to "env.test".
      - "ai" exists at the top level, but not on "env.test".
        This is not what you probably want, since "ai" is not inherited by environments.
        Please add "ai" to "env.test".


▲ [WARNING] Processing apps\cloud-gateway\wrangler.toml configuration:

  
    - "env.test" environment configuration
      - "vectorize" exists at the top level, but not on "env.test".
        This is not what you probably want, since "vectorize" is not inherited by environments.
        Please add "vectorize" to "env.test".
      - "ai" exists at the top level, but not on "env.test".
        This is not what you probably want, since "ai" is not inherited by environments.
        Please add "ai" to "env.test".


▲ [WARNING] Processing apps\cloud-gateway\wrangler.toml configuration:

  
    - "env.test" environment configuration
      - "vectorize" exists at the top level, but not on "env.test".
        This is not what you probably want, since "vectorize" is not inherited by environments.
        Please add "vectorize" to "env.test".
      - "ai" exists at the top level, but not on "env.test".
        This is not what you probably want, since "ai" is not inherited by environments.
        Please add "ai" to "env.test".


▲ [WARNING] Processing apps\cloud-gateway\wrangler.toml configuration:

  
    - "env.test" environment configuration
      - "vectorize" exists at the top level, but not on "env.test".
        This is not what you probably want, since "vectorize" is not inherited by environments.
        Please add "vectorize" to "env.test".
      - "ai" exists at the top level, but not on "env.test".
        This is not what you probably want, since "ai" is not inherited by environments.
        Please add "ai" to "env.test".


▲ [WARNING] Processing apps\cloud-gateway\wrangler.toml configuration:

  
    - "env.test" environment configuration
      - "vectorize" exists at the top level, but not on "env.test".
        This is not what you probably want, since "vectorize" is not inherited by environments.
        Please add "vectorize" to "env.test".
      - "ai" exists at the top level, but not on "env.test".
        This is not what you probably want, since "ai" is not inherited by environments.
        Please add "ai" to "env.test".


▲ [WARNING] Processing apps\cloud-gateway\wrangler.toml configuration:

  
    - "env.test" environment configuration
      - "vectorize" exists at the top level, but not on "env.test".
        This is not what you probably want, since "vectorize" is not inherited by environments.
        Please add "vectorize" to "env.test".
      - "ai" exists at the top level, but not on "env.test".
        This is not what you probably want, since "ai" is not inherited by environments.
        Please add "ai" to "env.test".


▲ [WARNING] Processing apps\cloud-gateway\wrangler.toml configuration:

  
    - "env.test" environment configuration
      - "vectorize" exists at the top level, but not on "env.test".
        This is not what you probably want, since "vectorize" is not inherited by environments.
        Please add "vectorize" to "env.test".
      - "ai" exists at the top level, but not on "env.test".
        This is not what you probably want, since "ai" is not inherited by environments.
        Please add "ai" to "env.test".


▲ [WARNING] Processing apps\cloud-gateway\wrangler.toml configuration:

  
    - "env.test" environment configuration
      - "vectorize" exists at the top level, but not on "env.test".
        This is not what you probably want, since "vectorize" is not inherited by environments.
        Please add "vectorize" to "env.test".
      - "ai" exists at the top level, but not on "env.test".
        This is not what you probably want, since "ai" is not inherited by environments.
        Please add "ai" to "env.test".


▲ [WARNING] Processing apps\cloud-gateway\wrangler.toml configuration:

  
    - "env.test" environment configuration
      - "vectorize" exists at the top level, but not on "env.test".
        This is not what you probably want, since "vectorize" is not inherited by environments.
        Please add "vectorize" to "env.test".
      - "ai" exists at the top level, but not on "env.test".
        This is not what you probably want, since "ai" is not inherited by environments.
        Please add "ai" to "env.test".


▲ [WARNING] Processing apps\cloud-gateway\wrangler.toml configuration:

  
    - "env.test" environment configuration
      - "vectorize" exists at the top level, but not on "env.test".
        This is not what you probably want, since "vectorize" is not inherited by environments.
        Please add "vectorize" to "env.test".
      - "ai" exists at the top level, but not on "env.test".
        This is not what you probably want, since "ai" is not inherited by environments.
        Please add "ai" to "env.test".


▲ [WARNING] Processing apps\cloud-gateway\wrangler.toml configuration:

  
    - "env.test" environment configuration
      - "vectorize" exists at the top level, but not on "env.test".
        This is not what you probably want, since "vectorize" is not inherited by environments.
        Please add "vectorize" to "env.test".
      - "ai" exists at the top level, but not on "env.test".
        This is not what you probably want, since "ai" is not inherited by environments.
        Please add "ai" to "env.test".


Using secrets defined in process.env
Using secrets defined in process.env
Using secrets defined in process.env
Using secrets defined in process.env
Using secrets defined in process.env
Using secrets defined in process.env
Using secrets defined in process.env
Using secrets defined in process.env
Using secrets defined in process.env
Using secrets defined in process.env
Using secrets defined in process.env
Using secrets defined in process.env
Using secrets defined in process.env
Using secrets defined in process.env
Using secrets defined in process.env
Using secrets defined in process.env
Using secrets defined in process.env
Using secrets defined in process.env
Using secrets defined in process.env
 ❯ |default| apps/cloud-gateway/test/persistence/voice-access-repository.test.ts (9 tests | 1 failed) 19409ms
     × mints immutable owner authority and rejects stale guest authority 1902ms
▲ [WARNING] Processing apps\cloud-gateway\wrangler.toml configuration:

  
    - "env.test" environment configuration
      - "vectorize" exists at the top level, but not on "env.test".
        This is not what you probably want, since "vectorize" is not inherited by environments.
        Please add "vectorize" to "env.test".
      - "ai" exists at the top level, but not on "env.test".
        This is not what you probably want, since "ai" is not inherited by environments.
        Please add "ai" to "env.test".


Using secrets defined in process.env
 ❯ |default| apps/cloud-gateway/test/channels/owner-telegram-agent.test.ts (87 tests | 1 failed) 19419ms
     × stores Sid's misspelled remember request as stated evidence with the exact excerpt 211ms
▲ [WARNING] Processing apps\cloud-gateway\wrangler.toml configuration:

  
    - "env.test" environment configuration
      - "vectorize" exists at the top level, but not on "env.test".
        This is not what you probably want, since "vectorize" is not inherited by environments.
        Please add "vectorize" to "env.test".
      - "ai" exists at the top level, but not on "env.test".
        This is not what you probably want, since "ai" is not inherited by environments.
        Please add "ai" to "env.test".


Using secrets defined in process.env
▲ [WARNING] Processing apps\cloud-gateway\wrangler.toml configuration:

  
    - "env.test" environment configuration
      - "vectorize" exists at the top level, but not on "env.test".
        This is not what you probably want, since "vectorize" is not inherited by environments.
        Please add "vectorize" to "env.test".
      - "ai" exists at the top level, but not on "env.test".
        This is not what you probably want, since "ai" is not inherited by environments.
        Please add "ai" to "env.test".


Using secrets defined in process.env
▲ [WARNING] Processing apps\cloud-gateway\wrangler.toml configuration:

  
    - "env.test" environment configuration
      - "vectorize" exists at the top level, but not on "env.test".
        This is not what you probably want, since "vectorize" is not inherited by environments.
        Please add "vectorize" to "env.test".
      - "ai" exists at the top level, but not on "env.test".
        This is not what you probably want, since "ai" is not inherited by environments.
        Please add "ai" to "env.test".


Using secrets defined in process.env
 ❯ |default| apps/cloud-gateway/test/persistence/owner-call-step-up-migration.test.ts (11 tests | 8 failed) 26048ms
     × keeps bind, begin, and expiry retries idempotent with guarded inserts 2257ms
     × pins the 60-second window guard and window immutability 3135ms
     × pins attempt reservation, one-way resolution, and deletion guards 2124ms
     × pins success provenance plus immutable success receipts 1905ms
     × pins reprompt order, exhaustion, immutability, and deletion 1955ms
     × pins rejection provenance, terminalization, immutability, and deletion 2158ms
     × pins repeat-check timing, one-way resolution, and deletion 2147ms
     × rejects INSERT OR REPLACE across every 0018 table and pins mutable alert keys 2953ms
▲ [WARNING] Processing apps\cloud-gateway\wrangler.toml configuration:

  
    - "env.test" environment configuration
      - "vectorize" exists at the top level, but not on "env.test".
        This is not what you probably want, since "vectorize" is not inherited by environments.
        Please add "vectorize" to "env.test".
      - "ai" exists at the top level, but not on "env.test".
        This is not what you probably want, since "ai" is not inherited by environments.
        Please add "ai" to "env.test".


Using secrets defined in process.env
▲ [WARNING] Processing apps\cloud-gateway\wrangler.toml configuration:

  
    - "env.test" environment configuration
      - "vectorize" exists at the top level, but not on "env.test".
        This is not what you probably want, since "vectorize" is not inherited by environments.
        Please add "vectorize" to "env.test".
      - "ai" exists at the top level, but not on "env.test".
        This is not what you probably want, since "ai" is not inherited by environments.
        Please add "ai" to "env.test".


Using secrets defined in process.env
▲ [WARNING] Processing apps\cloud-gateway\wrangler.toml configuration:

  
    - "env.test" environment configuration
      - "vectorize" exists at the top level, but not on "env.test".
        This is not what you probably want, since "vectorize" is not inherited by environments.
        Please add "vectorize" to "env.test".
      - "ai" exists at the top level, but not on "env.test".
        This is not what you probably want, since "ai" is not inherited by environments.
        Please add "ai" to "env.test".


Using secrets defined in process.env
 ❯ |default| apps/cloud-gateway/test/memory/telegram-memory.test.ts (60 tests | 1 failed) 32088ms
     × retrieves archived-source memories and archived history within 500 ms at 25 ms per D1 round trip 1781ms
▲ [WARNING] Processing apps\cloud-gateway\wrangler.toml configuration:

  
    - "env.test" environment configuration
      - "vectorize" exists at the top level, but not on "env.test".
        This is not what you probably want, since "vectorize" is not inherited by environments.
        Please add "vectorize" to "env.test".
      - "ai" exists at the top level, but not on "env.test".
        This is not what you probably want, since "ai" is not inherited by environments.
        Please add "ai" to "env.test".


Using secrets defined in process.env
uncaught exception; source = Uncaught (in promise); stack = CallSessionTerminationError: call_session_termination_uninitialized
    at terminationFailure (C:/Users/Sid/jarvis-pin-r1/apps/cloud-gateway/src/voice/call-session-do.ts:512:10)
    at CallSession.#terminateOnce (C:/Users/Sid/jarvis-pin-r1/apps/cloud-gateway/src/voice/call-session-do.ts:1985:40)
    at CallSession.terminate (C:/Users/Sid/jarvis-pin-r1/apps/cloud-gateway/src/voice/call-session-do.ts:1975:18)
▲ [WARNING] Processing apps\cloud-gateway\wrangler.toml configuration:

  
    - "env.test" environment configuration
      - "vectorize" exists at the top level, but not on "env.test".
        This is not what you probably want, since "vectorize" is not inherited by environments.
        Please add "vectorize" to "env.test".
      - "ai" exists at the top level, but not on "env.test".
        This is not what you probably want, since "ai" is not inherited by environments.
        Please add "ai" to "env.test".


Using secrets defined in process.env
▲ [WARNING] Processing apps\cloud-gateway\wrangler.toml configuration:

  
    - "env.test" environment configuration
      - "vectorize" exists at the top level, but not on "env.test".
        This is not what you probably want, since "vectorize" is not inherited by environments.
        Please add "vectorize" to "env.test".
      - "ai" exists at the top level, but not on "env.test".
        This is not what you probably want, since "ai" is not inherited by environments.
        Please add "ai" to "env.test".


Using secrets defined in process.env
▲ [WARNING] Processing apps\cloud-gateway\wrangler.toml configuration:

  
    - "env.test" environment configuration
      - "vectorize" exists at the top level, but not on "env.test".
        This is not what you probably want, since "vectorize" is not inherited by environments.
        Please add "vectorize" to "env.test".
      - "ai" exists at the top level, but not on "env.test".
        This is not what you probably want, since "ai" is not inherited by environments.
        Please add "ai" to "env.test".


Using secrets defined in process.env
▲ [WARNING] Processing apps\cloud-gateway\wrangler.toml configuration:

  
    - "env.test" environment configuration
      - "vectorize" exists at the top level, but not on "env.test".
        This is not what you probably want, since "vectorize" is not inherited by environments.
        Please add "vectorize" to "env.test".
      - "ai" exists at the top level, but not on "env.test".
        This is not what you probably want, since "ai" is not inherited by environments.
        Please add "ai" to "env.test".


Using secrets defined in process.env
▲ [WARNING] Processing apps\cloud-gateway\wrangler.toml configuration:

  
    - "env.test" environment configuration
      - "vectorize" exists at the top level, but not on "env.test".
        This is not what you probably want, since "vectorize" is not inherited by environments.
        Please add "vectorize" to "env.test".
      - "ai" exists at the top level, but not on "env.test".
        This is not what you probably want, since "ai" is not inherited by environments.
        Please add "ai" to "env.test".


Using secrets defined in process.env
▲ [WARNING] Processing apps\cloud-gateway\wrangler.toml configuration:

  
    - "env.test" environment configuration
      - "vectorize" exists at the top level, but not on "env.test".
        This is not what you probably want, since "vectorize" is not inherited by environments.
        Please add "vectorize" to "env.test".
      - "ai" exists at the top level, but not on "env.test".
        This is not what you probably want, since "ai" is not inherited by environments.
        Please add "ai" to "env.test".


Using secrets defined in process.env
▲ [WARNING] Processing apps\cloud-gateway\wrangler.toml configuration:

  
    - "env.test" environment configuration
      - "vectorize" exists at the top level, but not on "env.test".
        This is not what you probably want, since "vectorize" is not inherited by environments.
        Please add "vectorize" to "env.test".
      - "ai" exists at the top level, but not on "env.test".
        This is not what you probably want, since "ai" is not inherited by environments.
        Please add "ai" to "env.test".


Using secrets defined in process.env
▲ [WARNING] Processing apps\cloud-gateway\wrangler.toml configuration:

  
    - "env.test" environment configuration
      - "vectorize" exists at the top level, but not on "env.test".
        This is not what you probably want, since "vectorize" is not inherited by environments.
        Please add "vectorize" to "env.test".
      - "ai" exists at the top level, but not on "env.test".
        This is not what you probably want, since "ai" is not inherited by environments.
        Please add "ai" to "env.test".


Using secrets defined in process.env
▲ [WARNING] Processing apps\cloud-gateway\wrangler.toml configuration:

  
    - "env.test" environment configuration
      - "vectorize" exists at the top level, but not on "env.test".
        This is not what you probably want, since "vectorize" is not inherited by environments.
        Please add "vectorize" to "env.test".
      - "ai" exists at the top level, but not on "env.test".
        This is not what you probably want, since "ai" is not inherited by environments.
        Please add "ai" to "env.test".


Using secrets defined in process.env
▲ [WARNING] Processing apps\cloud-gateway\wrangler.toml configuration:

  
    - "env.test" environment configuration
      - "vectorize" exists at the top level, but not on "env.test".
        This is not what you probably want, since "vectorize" is not inherited by environments.
        Please add "vectorize" to "env.test".
      - "ai" exists at the top level, but not on "env.test".
        This is not what you probably want, since "ai" is not inherited by environments.
        Please add "ai" to "env.test".


Using secrets defined in process.env
▲ [WARNING] Processing apps\cloud-gateway\wrangler.toml configuration:

  
    - "env.test" environment configuration
      - "vectorize" exists at the top level, but not on "env.test".
        This is not what you probably want, since "vectorize" is not inherited by environments.
        Please add "vectorize" to "env.test".
      - "ai" exists at the top level, but not on "env.test".
        This is not what you probably want, since "ai" is not inherited by environments.
        Please add "ai" to "env.test".


Using secrets defined in process.env
▲ [WARNING] Processing apps\cloud-gateway\wrangler.toml configuration:

  
    - "env.test" environment configuration
      - "vectorize" exists at the top level, but not on "env.test".
        This is not what you probably want, since "vectorize" is not inherited by environments.
        Please add "vectorize" to "env.test".
      - "ai" exists at the top level, but not on "env.test".
        This is not what you probably want, since "ai" is not inherited by environments.
        Please add "ai" to "env.test".


Using secrets defined in process.env
▲ [WARNING] Processing apps\cloud-gateway\wrangler.toml configuration:

  
    - "env.test" environment configuration
      - "vectorize" exists at the top level, but not on "env.test".
        This is not what you probably want, since "vectorize" is not inherited by environments.
        Please add "vectorize" to "env.test".
      - "ai" exists at the top level, but not on "env.test".
        This is not what you probably want, since "ai" is not inherited by environments.
        Please add "ai" to "env.test".


Using secrets defined in process.env
▲ [WARNING] Processing apps\cloud-gateway\wrangler.toml configuration:

  
    - "env.test" environment configuration
      - "vectorize" exists at the top level, but not on "env.test".
        This is not what you probably want, since "vectorize" is not inherited by environments.
        Please add "vectorize" to "env.test".
      - "ai" exists at the top level, but not on "env.test".
        This is not what you probably want, since "ai" is not inherited by environments.
        Please add "ai" to "env.test".


Using secrets defined in process.env
▲ [WARNING] Processing apps\cloud-gateway\wrangler.toml configuration:

  
    - "env.test" environment configuration
      - "vectorize" exists at the top level, but not on "env.test".
        This is not what you probably want, since "vectorize" is not inherited by environments.
        Please add "vectorize" to "env.test".
      - "ai" exists at the top level, but not on "env.test".
        This is not what you probably want, since "ai" is not inherited by environments.
        Please add "ai" to "env.test".


Using secrets defined in process.env
▲ [WARNING] Processing apps\cloud-gateway\wrangler.toml configuration:

  
    - "env.test" environment configuration
      - "vectorize" exists at the top level, but not on "env.test".
        This is not what you probably want, since "vectorize" is not inherited by environments.
        Please add "vectorize" to "env.test".
      - "ai" exists at the top level, but not on "env.test".
        This is not what you probably want, since "ai" is not inherited by environments.
        Please add "ai" to "env.test".


Using secrets defined in process.env
▲ [WARNING] Processing apps\cloud-gateway\wrangler.toml configuration:

  
    - "env.test" environment configuration
      - "vectorize" exists at the top level, but not on "env.test".
        This is not what you probably want, since "vectorize" is not inherited by environments.
        Please add "vectorize" to "env.test".
      - "ai" exists at the top level, but not on "env.test".
        This is not what you probably want, since "ai" is not inherited by environments.
        Please add "ai" to "env.test".


Using secrets defined in process.env
▲ [WARNING] Processing apps\cloud-gateway\wrangler.toml configuration:

  
    - "env.test" environment configuration
      - "vectorize" exists at the top level, but not on "env.test".
        This is not what you probably want, since "vectorize" is not inherited by environments.
        Please add "vectorize" to "env.test".
      - "ai" exists at the top level, but not on "env.test".
        This is not what you probably want, since "ai" is not inherited by environments.
        Please add "ai" to "env.test".


Using secrets defined in process.env
▲ [WARNING] Processing apps\cloud-gateway\wrangler.toml configuration:

  
    - "env.test" environment configuration
      - "vectorize" exists at the top level, but not on "env.test".
        This is not what you probably want, since "vectorize" is not inherited by environments.
        Please add "vectorize" to "env.test".
      - "ai" exists at the top level, but not on "env.test".
        This is not what you probably want, since "ai" is not inherited by environments.
        Please add "ai" to "env.test".


Using secrets defined in process.env
▲ [WARNING] Processing apps\cloud-gateway\wrangler.toml configuration:

  
    - "env.test" environment configuration
      - "vectorize" exists at the top level, but not on "env.test".
        This is not what you probably want, since "vectorize" is not inherited by environments.
        Please add "vectorize" to "env.test".
      - "ai" exists at the top level, but not on "env.test".
        This is not what you probably want, since "ai" is not inherited by environments.
        Please add "ai" to "env.test".


Using secrets defined in process.env
▲ [WARNING] Processing apps\cloud-gateway\wrangler.toml configuration:

  
    - "env.test" environment configuration
      - "vectorize" exists at the top level, but not on "env.test".
        This is not what you probably want, since "vectorize" is not inherited by environments.
        Please add "vectorize" to "env.test".
      - "ai" exists at the top level, but not on "env.test".
        This is not what you probably want, since "ai" is not inherited by environments.
        Please add "ai" to "env.test".


Using secrets defined in process.env
▲ [WARNING] Processing apps\cloud-gateway\wrangler.toml configuration:

  
    - "env.test" environment configuration
      - "vectorize" exists at the top level, but not on "env.test".
        This is not what you probably want, since "vectorize" is not inherited by environments.
        Please add "vectorize" to "env.test".
      - "ai" exists at the top level, but not on "env.test".
        This is not what you probably want, since "ai" is not inherited by environments.
        Please add "ai" to "env.test".


Using secrets defined in process.env
▲ [WARNING] Processing apps\cloud-gateway\wrangler.toml configuration:

  
    - "env.test" environment configuration
      - "vectorize" exists at the top level, but not on "env.test".
        This is not what you probably want, since "vectorize" is not inherited by environments.
        Please add "vectorize" to "env.test".
      - "ai" exists at the top level, but not on "env.test".
        This is not what you probably want, since "ai" is not inherited by environments.
        Please add "ai" to "env.test".


Using secrets defined in process.env
▲ [WARNING] Processing apps\cloud-gateway\wrangler.toml configuration:

  
    - "env.test" environment configuration
      - "vectorize" exists at the top level, but not on "env.test".
        This is not what you probably want, since "vectorize" is not inherited by environments.
        Please add "vectorize" to "env.test".
      - "ai" exists at the top level, but not on "env.test".
        This is not what you probably want, since "ai" is not inherited by environments.
        Please add "ai" to "env.test".


Using secrets defined in process.env
▲ [WARNING] Processing apps\cloud-gateway\wrangler.toml configuration:

  
    - "env.test" environment configuration
      - "vectorize" exists at the top level, but not on "env.test".
        This is not what you probably want, since "vectorize" is not inherited by environments.
        Please add "vectorize" to "env.test".
      - "ai" exists at the top level, but not on "env.test".
        This is not what you probably want, since "ai" is not inherited by environments.
        Please add "ai" to "env.test".


Using secrets defined in process.env
▲ [WARNING] Processing apps\cloud-gateway\wrangler.toml configuration:

  
    - "env.test" environment configuration
      - "vectorize" exists at the top level, but not on "env.test".
        This is not what you probably want, since "vectorize" is not inherited by environments.
        Please add "vectorize" to "env.test".
      - "ai" exists at the top level, but not on "env.test".
        This is not what you probably want, since "ai" is not inherited by environments.
        Please add "ai" to "env.test".


Using secrets defined in process.env
▲ [WARNING] Processing apps\cloud-gateway\wrangler.toml configuration:

  
    - "env.test" environment configuration
      - "vectorize" exists at the top level, but not on "env.test".
        This is not what you probably want, since "vectorize" is not inherited by environments.
        Please add "vectorize" to "env.test".
      - "ai" exists at the top level, but not on "env.test".
        This is not what you probably want, since "ai" is not inherited by environments.
        Please add "ai" to "env.test".


Using secrets defined in process.env
▲ [WARNING] Processing apps\cloud-gateway\wrangler.toml configuration:

  
    - "env.test" environment configuration
      - "vectorize" exists at the top level, but not on "env.test".
        This is not what you probably want, since "vectorize" is not inherited by environments.
        Please add "vectorize" to "env.test".
      - "ai" exists at the top level, but not on "env.test".
        This is not what you probably want, since "ai" is not inherited by environments.
        Please add "ai" to "env.test".


Using secrets defined in process.env
▲ [WARNING] Processing apps\cloud-gateway\wrangler.toml configuration:

  
    - "env.test" environment configuration
      - "vectorize" exists at the top level, but not on "env.test".
        This is not what you probably want, since "vectorize" is not inherited by environments.
        Please add "vectorize" to "env.test".
      - "ai" exists at the top level, but not on "env.test".
        This is not what you probably want, since "ai" is not inherited by environments.
        Please add "ai" to "env.test".


Using secrets defined in process.env
▲ [WARNING] Processing apps\cloud-gateway\wrangler.toml configuration:

  
    - "env.test" environment configuration
      - "vectorize" exists at the top level, but not on "env.test".
        This is not what you probably want, since "vectorize" is not inherited by environments.
        Please add "vectorize" to "env.test".
      - "ai" exists at the top level, but not on "env.test".
        This is not what you probably want, since "ai" is not inherited by environments.
        Please add "ai" to "env.test".


Using secrets defined in process.env
▲ [WARNING] Processing apps\cloud-gateway\wrangler.toml configuration:

  
    - "env.test" environment configuration
      - "vectorize" exists at the top level, but not on "env.test".
        This is not what you probably want, since "vectorize" is not inherited by environments.
        Please add "vectorize" to "env.test".
      - "ai" exists at the top level, but not on "env.test".
        This is not what you probably want, since "ai" is not inherited by environments.
        Please add "ai" to "env.test".


Using secrets defined in process.env
▲ [WARNING] Processing apps\cloud-gateway\wrangler.toml configuration:

  
    - "env.test" environment configuration
      - "vectorize" exists at the top level, but not on "env.test".
        This is not what you probably want, since "vectorize" is not inherited by environments.
        Please add "vectorize" to "env.test".
      - "ai" exists at the top level, but not on "env.test".
        This is not what you probably want, since "ai" is not inherited by environments.
        Please add "ai" to "env.test".


Using secrets defined in process.env
▲ [WARNING] Processing apps\cloud-gateway\wrangler.toml configuration:

  
    - "env.test" environment configuration
      - "vectorize" exists at the top level, but not on "env.test".
        This is not what you probably want, since "vectorize" is not inherited by environments.
        Please add "vectorize" to "env.test".
      - "ai" exists at the top level, but not on "env.test".
        This is not what you probably want, since "ai" is not inherited by environments.
        Please add "ai" to "env.test".


Using secrets defined in process.env
▲ [WARNING] Processing apps\cloud-gateway\wrangler.toml configuration:

  
    - "env.test" environment configuration
      - "vectorize" exists at the top level, but not on "env.test".
        This is not what you probably want, since "vectorize" is not inherited by environments.
        Please add "vectorize" to "env.test".
      - "ai" exists at the top level, but not on "env.test".
        This is not what you probably want, since "ai" is not inherited by environments.
        Please add "ai" to "env.test".


Using secrets defined in process.env
▲ [WARNING] Processing apps\cloud-gateway\wrangler.toml configuration:

  
    - "env.test" environment configuration
      - "vectorize" exists at the top level, but not on "env.test".
        This is not what you probably want, since "vectorize" is not inherited by environments.
        Please add "vectorize" to "env.test".
      - "ai" exists at the top level, but not on "env.test".
        This is not what you probably want, since "ai" is not inherited by environments.
        Please add "ai" to "env.test".


Using secrets defined in process.env
▲ [WARNING] Processing apps\cloud-gateway\wrangler.toml configuration:

  
    - "env.test" environment configuration
      - "vectorize" exists at the top level, but not on "env.test".
        This is not what you probably want, since "vectorize" is not inherited by environments.
        Please add "vectorize" to "env.test".
      - "ai" exists at the top level, but not on "env.test".
        This is not what you probably want, since "ai" is not inherited by environments.
        Please add "ai" to "env.test".


Using secrets defined in process.env
▲ [WARNING] Processing apps\cloud-gateway\wrangler.toml configuration:

  
    - "env.test" environment configuration
      - "vectorize" exists at the top level, but not on "env.test".
        This is not what you probably want, since "vectorize" is not inherited by environments.
        Please add "vectorize" to "env.test".
      - "ai" exists at the top level, but not on "env.test".
        This is not what you probably want, since "ai" is not inherited by environments.
        Please add "ai" to "env.test".


Using secrets defined in process.env
▲ [WARNING] Processing apps\cloud-gateway\wrangler.toml configuration:

  
    - "env.test" environment configuration
      - "vectorize" exists at the top level, but not on "env.test".
        This is not what you probably want, since "vectorize" is not inherited by environments.
        Please add "vectorize" to "env.test".
      - "ai" exists at the top level, but not on "env.test".
        This is not what you probably want, since "ai" is not inherited by environments.
        Please add "ai" to "env.test".


Using secrets defined in process.env
▲ [WARNING] Processing apps\cloud-gateway\wrangler.toml configuration:

  
    - "env.test" environment configuration
      - "vectorize" exists at the top level, but not on "env.test".
        This is not what you probably want, since "vectorize" is not inherited by environments.
        Please add "vectorize" to "env.test".
      - "ai" exists at the top level, but not on "env.test".
        This is not what you probably want, since "ai" is not inherited by environments.
        Please add "ai" to "env.test".


Using secrets defined in process.env
▲ [WARNING] Processing apps\cloud-gateway\wrangler.toml configuration:

  
    - "env.test" environment configuration
      - "vectorize" exists at the top level, but not on "env.test".
        This is not what you probably want, since "vectorize" is not inherited by environments.
        Please add "vectorize" to "env.test".
      - "ai" exists at the top level, but not on "env.test".
        This is not what you probably want, since "ai" is not inherited by environments.
        Please add "ai" to "env.test".


Using secrets defined in process.env
▲ [WARNING] Processing apps\cloud-gateway\wrangler.toml configuration:

  
    - "env.test" environment configuration
      - "vectorize" exists at the top level, but not on "env.test".
        This is not what you probably want, since "vectorize" is not inherited by environments.
        Please add "vectorize" to "env.test".
      - "ai" exists at the top level, but not on "env.test".
        This is not what you probably want, since "ai" is not inherited by environments.
        Please add "ai" to "env.test".


Using secrets defined in process.env
▲ [WARNING] Processing apps\cloud-gateway\wrangler.toml configuration:

  
    - "env.test" environment configuration
      - "vectorize" exists at the top level, but not on "env.test".
        This is not what you probably want, since "vectorize" is not inherited by environments.
        Please add "vectorize" to "env.test".
      - "ai" exists at the top level, but not on "env.test".
        This is not what you probably want, since "ai" is not inherited by environments.
        Please add "ai" to "env.test".


Using secrets defined in process.env
▲ [WARNING] Processing apps\cloud-gateway\wrangler.toml configuration:

  
    - "env.test" environment configuration
      - "vectorize" exists at the top level, but not on "env.test".
        This is not what you probably want, since "vectorize" is not inherited by environments.
        Please add "vectorize" to "env.test".
      - "ai" exists at the top level, but not on "env.test".
        This is not what you probably want, since "ai" is not inherited by environments.
        Please add "ai" to "env.test".


Using secrets defined in process.env
▲ [WARNING] Processing apps\cloud-gateway\wrangler.toml configuration:

  
    - "env.test" environment configuration
      - "vectorize" exists at the top level, but not on "env.test".
        This is not what you probably want, since "vectorize" is not inherited by environments.
        Please add "vectorize" to "env.test".
      - "ai" exists at the top level, but not on "env.test".
        This is not what you probably want, since "ai" is not inherited by environments.
        Please add "ai" to "env.test".


Using secrets defined in process.env
▲ [WARNING] Processing apps\cloud-gateway\wrangler.toml configuration:

  
    - "env.test" environment configuration
      - "vectorize" exists at the top level, but not on "env.test".
        This is not what you probably want, since "vectorize" is not inherited by environments.
        Please add "vectorize" to "env.test".
      - "ai" exists at the top level, but not on "env.test".
        This is not what you probably want, since "ai" is not inherited by environments.
        Please add "ai" to "env.test".


Using secrets defined in process.env
▲ [WARNING] Processing apps\cloud-gateway\wrangler.toml configuration:

  
    - "env.test" environment configuration
      - "vectorize" exists at the top level, but not on "env.test".
        This is not what you probably want, since "vectorize" is not inherited by environments.
        Please add "vectorize" to "env.test".
      - "ai" exists at the top level, but not on "env.test".
        This is not what you probably want, since "ai" is not inherited by environments.
        Please add "ai" to "env.test".


Using secrets defined in process.env
▲ [WARNING] Processing apps\cloud-gateway\wrangler.toml configuration:

  
    - "env.test" environment configuration
      - "vectorize" exists at the top level, but not on "env.test".
        This is not what you probably want, since "vectorize" is not inherited by environments.
        Please add "vectorize" to "env.test".
      - "ai" exists at the top level, but not on "env.test".
        This is not what you probably want, since "ai" is not inherited by environments.
        Please add "ai" to "env.test".


Using secrets defined in process.env
▲ [WARNING] Processing apps\cloud-gateway\wrangler.toml configuration:

  
    - "env.test" environment configuration
      - "vectorize" exists at the top level, but not on "env.test".
        This is not what you probably want, since "vectorize" is not inherited by environments.
        Please add "vectorize" to "env.test".
      - "ai" exists at the top level, but not on "env.test".
        This is not what you probably want, since "ai" is not inherited by environments.
        Please add "ai" to "env.test".


Using secrets defined in process.env
▲ [WARNING] Processing apps\cloud-gateway\wrangler.toml configuration:

  
    - "env.test" environment configuration
      - "vectorize" exists at the top level, but not on "env.test".
        This is not what you probably want, since "vectorize" is not inherited by environments.
        Please add "vectorize" to "env.test".
      - "ai" exists at the top level, but not on "env.test".
        This is not what you probably want, since "ai" is not inherited by environments.
        Please add "ai" to "env.test".


Using secrets defined in process.env
▲ [WARNING] Processing apps\cloud-gateway\wrangler.toml configuration:

  
    - "env.test" environment configuration
      - "vectorize" exists at the top level, but not on "env.test".
        This is not what you probably want, since "vectorize" is not inherited by environments.
        Please add "vectorize" to "env.test".
      - "ai" exists at the top level, but not on "env.test".
        This is not what you probably want, since "ai" is not inherited by environments.
        Please add "ai" to "env.test".


Using secrets defined in process.env
▲ [WARNING] Processing apps\cloud-gateway\wrangler.toml configuration:

  
    - "env.test" environment configuration
      - "vectorize" exists at the top level, but not on "env.test".
        This is not what you probably want, since "vectorize" is not inherited by environments.
        Please add "vectorize" to "env.test".
      - "ai" exists at the top level, but not on "env.test".
        This is not what you probably want, since "ai" is not inherited by environments.
        Please add "ai" to "env.test".


Using secrets defined in process.env
▲ [WARNING] Processing apps\cloud-gateway\wrangler.toml configuration:

  
    - "env.test" environment configuration
      - "vectorize" exists at the top level, but not on "env.test".
        This is not what you probably want, since "vectorize" is not inherited by environments.
        Please add "vectorize" to "env.test".
      - "ai" exists at the top level, but not on "env.test".
        This is not what you probably want, since "ai" is not inherited by environments.
        Please add "ai" to "env.test".


Using secrets defined in process.env
▲ [WARNING] Processing apps\cloud-gateway\wrangler.toml configuration:

  
    - "env.test" environment configuration
      - "vectorize" exists at the top level, but not on "env.test".
        This is not what you probably want, since "vectorize" is not inherited by environments.
        Please add "vectorize" to "env.test".
      - "ai" exists at the top level, but not on "env.test".
        This is not what you probably want, since "ai" is not inherited by environments.
        Please add "ai" to "env.test".


Using secrets defined in process.env
▲ [WARNING] Processing apps\cloud-gateway\wrangler.toml configuration:

  
    - "env.test" environment configuration
      - "vectorize" exists at the top level, but not on "env.test".
        This is not what you probably want, since "vectorize" is not inherited by environments.
        Please add "vectorize" to "env.test".
      - "ai" exists at the top level, but not on "env.test".
        This is not what you probably want, since "ai" is not inherited by environments.
        Please add "ai" to "env.test".


Using secrets defined in process.env
▲ [WARNING] Processing apps\cloud-gateway\wrangler.toml configuration:

  
    - "env.test" environment configuration
      - "vectorize" exists at the top level, but not on "env.test".
        This is not what you probably want, since "vectorize" is not inherited by environments.
        Please add "vectorize" to "env.test".
      - "ai" exists at the top level, but not on "env.test".
        This is not what you probably want, since "ai" is not inherited by environments.
        Please add "ai" to "env.test".


Using secrets defined in process.env
▲ [WARNING] Processing apps\cloud-gateway\wrangler.toml configuration:

  
    - "env.test" environment configuration
      - "vectorize" exists at the top level, but not on "env.test".
        This is not what you probably want, since "vectorize" is not inherited by environments.
        Please add "vectorize" to "env.test".
      - "ai" exists at the top level, but not on "env.test".
        This is not what you probably want, since "ai" is not inherited by environments.
        Please add "ai" to "env.test".


Using secrets defined in process.env
▲ [WARNING] Processing apps\cloud-gateway\wrangler.toml configuration:

  
    - "env.test" environment configuration
      - "vectorize" exists at the top level, but not on "env.test".
        This is not what you probably want, since "vectorize" is not inherited by environments.
        Please add "vectorize" to "env.test".
      - "ai" exists at the top level, but not on "env.test".
        This is not what you probably want, since "ai" is not inherited by environments.
        Please add "ai" to "env.test".


Using secrets defined in process.env
▲ [WARNING] Processing apps\cloud-gateway\wrangler.toml configuration:

  
    - "env.test" environment configuration
      - "vectorize" exists at the top level, but not on "env.test".
        This is not what you probably want, since "vectorize" is not inherited by environments.
        Please add "vectorize" to "env.test".
      - "ai" exists at the top level, but not on "env.test".
        This is not what you probably want, since "ai" is not inherited by environments.
        Please add "ai" to "env.test".


Using secrets defined in process.env
▲ [WARNING] Processing apps\cloud-gateway\wrangler.toml configuration:

  
    - "env.test" environment configuration
      - "vectorize" exists at the top level, but not on "env.test".
        This is not what you probably want, since "vectorize" is not inherited by environments.
        Please add "vectorize" to "env.test".
      - "ai" exists at the top level, but not on "env.test".
        This is not what you probably want, since "ai" is not inherited by environments.
        Please add "ai" to "env.test".


Using secrets defined in process.env
▲ [WARNING] Processing apps\cloud-gateway\wrangler.toml configuration:

  
    - "env.test" environment configuration
      - "vectorize" exists at the top level, but not on "env.test".
        This is not what you probably want, since "vectorize" is not inherited by environments.
        Please add "vectorize" to "env.test".
      - "ai" exists at the top level, but not on "env.test".
        This is not what you probably want, since "ai" is not inherited by environments.
        Please add "ai" to "env.test".


Using secrets defined in process.env
▲ [WARNING] Processing apps\cloud-gateway\wrangler.toml configuration:

  
    - "env.test" environment configuration
      - "vectorize" exists at the top level, but not on "env.test".
        This is not what you probably want, since "vectorize" is not inherited by environments.
        Please add "vectorize" to "env.test".
      - "ai" exists at the top level, but not on "env.test".
        This is not what you probably want, since "ai" is not inherited by environments.
        Please add "ai" to "env.test".


Using secrets defined in process.env
▲ [WARNING] Processing apps\cloud-gateway\wrangler.toml configuration:

  
    - "env.test" environment configuration
      - "vectorize" exists at the top level, but not on "env.test".
        This is not what you probably want, since "vectorize" is not inherited by environments.
        Please add "vectorize" to "env.test".
      - "ai" exists at the top level, but not on "env.test".
        This is not what you probably want, since "ai" is not inherited by environments.
        Please add "ai" to "env.test".


Using secrets defined in process.env
▲ [WARNING] Processing apps\cloud-gateway\wrangler.toml configuration:

  
    - "env.test" environment configuration
      - "vectorize" exists at the top level, but not on "env.test".
        This is not what you probably want, since "vectorize" is not inherited by environments.
        Please add "vectorize" to "env.test".
      - "ai" exists at the top level, but not on "env.test".
        This is not what you probably want, since "ai" is not inherited by environments.
        Please add "ai" to "env.test".


Using secrets defined in process.env
▲ [WARNING] Processing apps\cloud-gateway\wrangler.toml configuration:

  
    - "env.test" environment configuration
      - "vectorize" exists at the top level, but not on "env.test".
        This is not what you probably want, since "vectorize" is not inherited by environments.
        Please add "vectorize" to "env.test".
      - "ai" exists at the top level, but not on "env.test".
        This is not what you probably want, since "ai" is not inherited by environments.
        Please add "ai" to "env.test".


Using secrets defined in process.env
▲ [WARNING] Processing apps\cloud-gateway\wrangler.toml configuration:

  
    - "env.test" environment configuration
      - "vectorize" exists at the top level, but not on "env.test".
        This is not what you probably want, since "vectorize" is not inherited by environments.
        Please add "vectorize" to "env.test".
      - "ai" exists at the top level, but not on "env.test".
        This is not what you probably want, since "ai" is not inherited by environments.
        Please add "ai" to "env.test".


Using secrets defined in process.env
▲ [WARNING] Processing apps\cloud-gateway\wrangler.toml configuration:

  
    - "env.test" environment configuration
      - "vectorize" exists at the top level, but not on "env.test".
        This is not what you probably want, since "vectorize" is not inherited by environments.
        Please add "vectorize" to "env.test".
      - "ai" exists at the top level, but not on "env.test".
        This is not what you probably want, since "ai" is not inherited by environments.
        Please add "ai" to "env.test".


Using secrets defined in process.env
▲ [WARNING] Processing apps\cloud-gateway\wrangler.toml configuration:

  
    - "env.test" environment configuration
      - "vectorize" exists at the top level, but not on "env.test".
        This is not what you probably want, since "vectorize" is not inherited by environments.
        Please add "vectorize" to "env.test".
      - "ai" exists at the top level, but not on "env.test".
        This is not what you probably want, since "ai" is not inherited by environments.
        Please add "ai" to "env.test".


Using secrets defined in process.env
▲ [WARNING] Processing apps\cloud-gateway\wrangler.toml configuration:

  
    - "env.test" environment configuration
      - "vectorize" exists at the top level, but not on "env.test".
        This is not what you probably want, since "vectorize" is not inherited by environments.
        Please add "vectorize" to "env.test".
      - "ai" exists at the top level, but not on "env.test".
        This is not what you probably want, since "ai" is not inherited by environments.
        Please add "ai" to "env.test".


Using secrets defined in process.env
▲ [WARNING] Processing apps\cloud-gateway\wrangler.toml configuration:

  
    - "env.test" environment configuration
      - "vectorize" exists at the top level, but not on "env.test".
        This is not what you probably want, since "vectorize" is not inherited by environments.
        Please add "vectorize" to "env.test".
      - "ai" exists at the top level, but not on "env.test".
        This is not what you probably want, since "ai" is not inherited by environments.
        Please add "ai" to "env.test".


Using secrets defined in process.env
▲ [WARNING] Processing apps\cloud-gateway\wrangler.toml configuration:

  
    - "env.test" environment configuration
      - "vectorize" exists at the top level, but not on "env.test".
        This is not what you probably want, since "vectorize" is not inherited by environments.
        Please add "vectorize" to "env.test".
      - "ai" exists at the top level, but not on "env.test".
        This is not what you probably want, since "ai" is not inherited by environments.
        Please add "ai" to "env.test".


Using secrets defined in process.env
▲ [WARNING] Processing apps\cloud-gateway\wrangler.toml configuration:

  
    - "env.test" environment configuration
      - "vectorize" exists at the top level, but not on "env.test".
        This is not what you probably want, since "vectorize" is not inherited by environments.
        Please add "vectorize" to "env.test".
      - "ai" exists at the top level, but not on "env.test".
        This is not what you probably want, since "ai" is not inherited by environments.
        Please add "ai" to "env.test".


Using secrets defined in process.env
▲ [WARNING] Processing apps\cloud-gateway\wrangler.toml configuration:

  
    - "env.test" environment configuration
      - "vectorize" exists at the top level, but not on "env.test".
        This is not what you probably want, since "vectorize" is not inherited by environments.
        Please add "vectorize" to "env.test".
      - "ai" exists at the top level, but not on "env.test".
        This is not what you probably want, since "ai" is not inherited by environments.
        Please add "ai" to "env.test".


Using secrets defined in process.env
▲ [WARNING] Processing apps\cloud-gateway\wrangler.toml configuration:

  
    - "env.test" environment configuration
      - "vectorize" exists at the top level, but not on "env.test".
        This is not what you probably want, since "vectorize" is not inherited by environments.
        Please add "vectorize" to "env.test".
      - "ai" exists at the top level, but not on "env.test".
        This is not what you probably want, since "ai" is not inherited by environments.
        Please add "ai" to "env.test".


Using secrets defined in process.env
▲ [WARNING] Processing apps\cloud-gateway\wrangler.toml configuration:

  
    - "env.test" environment configuration
      - "vectorize" exists at the top level, but not on "env.test".
        This is not what you probably want, since "vectorize" is not inherited by environments.
        Please add "vectorize" to "env.test".
      - "ai" exists at the top level, but not on "env.test".
        This is not what you probably want, since "ai" is not inherited by environments.
        Please add "ai" to "env.test".


Using secrets defined in process.env
▲ [WARNING] Processing apps\cloud-gateway\wrangler.toml configuration:

  
    - "env.test" environment configuration
      - "vectorize" exists at the top level, but not on "env.test".
        This is not what you probably want, since "vectorize" is not inherited by environments.
        Please add "vectorize" to "env.test".
      - "ai" exists at the top level, but not on "env.test".
        This is not what you probably want, since "ai" is not inherited by environments.
        Please add "ai" to "env.test".


Using secrets defined in process.env
▲ [WARNING] Processing apps\cloud-gateway\wrangler.toml configuration:

  
    - "env.test" environment configuration
      - "vectorize" exists at the top level, but not on "env.test".
        This is not what you probably want, since "vectorize" is not inherited by environments.
        Please add "vectorize" to "env.test".
      - "ai" exists at the top level, but not on "env.test".
        This is not what you probably want, since "ai" is not inherited by environments.
        Please add "ai" to "env.test".


Using secrets defined in process.env
▲ [WARNING] Processing apps\cloud-gateway\wrangler.toml configuration:

  
    - "env.test" environment configuration
      - "vectorize" exists at the top level, but not on "env.test".
        This is not what you probably want, since "vectorize" is not inherited by environments.
        Please add "vectorize" to "env.test".
      - "ai" exists at the top level, but not on "env.test".
        This is not what you probably want, since "ai" is not inherited by environments.
        Please add "ai" to "env.test".


Using secrets defined in process.env
▲ [WARNING] Processing apps\cloud-gateway\wrangler.toml configuration:

  
    - "env.test" environment configuration
      - "vectorize" exists at the top level, but not on "env.test".
        This is not what you probably want, since "vectorize" is not inherited by environments.
        Please add "vectorize" to "env.test".
      - "ai" exists at the top level, but not on "env.test".
        This is not what you probably want, since "ai" is not inherited by environments.
        Please add "ai" to "env.test".


Using secrets defined in process.env
▲ [WARNING] Processing apps\cloud-gateway\wrangler.toml configuration:

  
    - "env.test" environment configuration
      - "vectorize" exists at the top level, but not on "env.test".
        This is not what you probably want, since "vectorize" is not inherited by environments.
        Please add "vectorize" to "env.test".
      - "ai" exists at the top level, but not on "env.test".
        This is not what you probably want, since "ai" is not inherited by environments.
        Please add "ai" to "env.test".


Using secrets defined in process.env
▲ [WARNING] Processing apps\cloud-gateway\wrangler.toml configuration:

  
    - "env.test" environment configuration
      - "vectorize" exists at the top level, but not on "env.test".
        This is not what you probably want, since "vectorize" is not inherited by environments.
        Please add "vectorize" to "env.test".
      - "ai" exists at the top level, but not on "env.test".
        This is not what you probably want, since "ai" is not inherited by environments.
        Please add "ai" to "env.test".


Using secrets defined in process.env
▲ [WARNING] Processing apps\cloud-gateway\wrangler.toml configuration:

  
    - "env.test" environment configuration
      - "vectorize" exists at the top level, but not on "env.test".
        This is not what you probably want, since "vectorize" is not inherited by environments.
        Please add "vectorize" to "env.test".
      - "ai" exists at the top level, but not on "env.test".
        This is not what you probably want, since "ai" is not inherited by environments.
        Please add "ai" to "env.test".


Using secrets defined in process.env
▲ [WARNING] Processing apps\cloud-gateway\wrangler.toml configuration:

  
    - "env.test" environment configuration
      - "vectorize" exists at the top level, but not on "env.test".
        This is not what you probably want, since "vectorize" is not inherited by environments.
        Please add "vectorize" to "env.test".
      - "ai" exists at the top level, but not on "env.test".
        This is not what you probably want, since "ai" is not inherited by environments.
        Please add "ai" to "env.test".


Using secrets defined in process.env
▲ [WARNING] Processing apps\cloud-gateway\wrangler.toml configuration:

  
    - "env.test" environment configuration
      - "vectorize" exists at the top level, but not on "env.test".
        This is not what you probably want, since "vectorize" is not inherited by environments.
        Please add "vectorize" to "env.test".
      - "ai" exists at the top level, but not on "env.test".
        This is not what you probably want, since "ai" is not inherited by environments.
        Please add "ai" to "env.test".


Using secrets defined in process.env
▲ [WARNING] Processing apps\cloud-gateway\wrangler.toml configuration:

  
    - "env.test" environment configuration
      - "vectorize" exists at the top level, but not on "env.test".
        This is not what you probably want, since "vectorize" is not inherited by environments.
        Please add "vectorize" to "env.test".
      - "ai" exists at the top level, but not on "env.test".
        This is not what you probably want, since "ai" is not inherited by environments.
        Please add "ai" to "env.test".


Using secrets defined in process.env
▲ [WARNING] Processing apps\cloud-gateway\wrangler.toml configuration:

  
    - "env.test" environment configuration
      - "vectorize" exists at the top level, but not on "env.test".
        This is not what you probably want, since "vectorize" is not inherited by environments.
        Please add "vectorize" to "env.test".
      - "ai" exists at the top level, but not on "env.test".
        This is not what you probably want, since "ai" is not inherited by environments.
        Please add "ai" to "env.test".


Using secrets defined in process.env
▲ [WARNING] Processing apps\cloud-gateway\wrangler.toml configuration:

  
    - "env.test" environment configuration
      - "vectorize" exists at the top level, but not on "env.test".
        This is not what you probably want, since "vectorize" is not inherited by environments.
        Please add "vectorize" to "env.test".
      - "ai" exists at the top level, but not on "env.test".
        This is not what you probably want, since "ai" is not inherited by environments.
        Please add "ai" to "env.test".


Using secrets defined in process.env
▲ [WARNING] Processing apps\cloud-gateway\wrangler.toml configuration:

  
    - "env.test" environment configuration
      - "vectorize" exists at the top level, but not on "env.test".
        This is not what you probably want, since "vectorize" is not inherited by environments.
        Please add "vectorize" to "env.test".
      - "ai" exists at the top level, but not on "env.test".
        This is not what you probably want, since "ai" is not inherited by environments.
        Please add "ai" to "env.test".


Using secrets defined in process.env
▲ [WARNING] Processing apps\cloud-gateway\wrangler.toml configuration:

  
    - "env.test" environment configuration
      - "vectorize" exists at the top level, but not on "env.test".
        This is not what you probably want, since "vectorize" is not inherited by environments.
        Please add "vectorize" to "env.test".
      - "ai" exists at the top level, but not on "env.test".
        This is not what you probably want, since "ai" is not inherited by environments.
        Please add "ai" to "env.test".


Using secrets defined in process.env
▲ [WARNING] Processing apps\cloud-gateway\wrangler.toml configuration:

  
    - "env.test" environment configuration
      - "vectorize" exists at the top level, but not on "env.test".
        This is not what you probably want, since "vectorize" is not inherited by environments.
        Please add "vectorize" to "env.test".
      - "ai" exists at the top level, but not on "env.test".
        This is not what you probably want, since "ai" is not inherited by environments.
        Please add "ai" to "env.test".


Using secrets defined in process.env
▲ [WARNING] Processing apps\cloud-gateway\wrangler.toml configuration:

  
    - "env.test" environment configuration
      - "vectorize" exists at the top level, but not on "env.test".
        This is not what you probably want, since "vectorize" is not inherited by environments.
        Please add "vectorize" to "env.test".
      - "ai" exists at the top level, but not on "env.test".
        This is not what you probably want, since "ai" is not inherited by environments.
        Please add "ai" to "env.test".


Using secrets defined in process.env
▲ [WARNING] Processing apps\cloud-gateway\wrangler.toml configuration:

  
    - "env.test" environment configuration
      - "vectorize" exists at the top level, but not on "env.test".
        This is not what you probably want, since "vectorize" is not inherited by environments.
        Please add "vectorize" to "env.test".
      - "ai" exists at the top level, but not on "env.test".
        This is not what you probably want, since "ai" is not inherited by environments.
        Please add "ai" to "env.test".


Using secrets defined in process.env
▲ [WARNING] Processing apps\cloud-gateway\wrangler.toml configuration:

  
    - "env.test" environment configuration
      - "vectorize" exists at the top level, but not on "env.test".
        This is not what you probably want, since "vectorize" is not inherited by environments.
        Please add "vectorize" to "env.test".
      - "ai" exists at the top level, but not on "env.test".
        This is not what you probably want, since "ai" is not inherited by environments.
        Please add "ai" to "env.test".


Using secrets defined in process.env
▲ [WARNING] Processing apps\cloud-gateway\wrangler.toml configuration:

  
    - "env.test" environment configuration
      - "vectorize" exists at the top level, but not on "env.test".
        This is not what you probably want, since "vectorize" is not inherited by environments.
        Please add "vectorize" to "env.test".
      - "ai" exists at the top level, but not on "env.test".
        This is not what you probably want, since "ai" is not inherited by environments.
        Please add "ai" to "env.test".


Using secrets defined in process.env
 ❯ |default| apps/cloud-gateway/test/backup/memory-backup.test.ts (26 tests | 1 failed) 116236ms
     × exports a consistent cut and excludes events appended after the immutable mark 5938ms
▲ [WARNING] Processing apps\cloud-gateway\wrangler.toml configuration:

  
    - "env.test" environment configuration
      - "vectorize" exists at the top level, but not on "env.test".
        This is not what you probably want, since "vectorize" is not inherited by environments.
        Please add "vectorize" to "env.test".
      - "ai" exists at the top level, but not on "env.test".
        This is not what you probably want, since "ai" is not inherited by environments.
        Please add "ai" to "env.test".


Using secrets defined in process.env
▲ [WARNING] Processing apps\cloud-gateway\wrangler.toml configuration:

  
    - "env.test" environment configuration
      - "vectorize" exists at the top level, but not on "env.test".
        This is not what you probably want, since "vectorize" is not inherited by environments.
        Please add "vectorize" to "env.test".
      - "ai" exists at the top level, but not on "env.test".
        This is not what you probably want, since "ai" is not inherited by environments.
        Please add "ai" to "env.test".


Using secrets defined in process.env
▲ [WARNING] Processing apps\cloud-gateway\wrangler.toml configuration:

  
    - "env.test" environment configuration
      - "vectorize" exists at the top level, but not on "env.test".
        This is not what you probably want, since "vectorize" is not inherited by environments.
        Please add "vectorize" to "env.test".
      - "ai" exists at the top level, but not on "env.test".
        This is not what you probably want, since "ai" is not inherited by environments.
        Please add "ai" to "env.test".


Using secrets defined in process.env
▲ [WARNING] Processing apps\cloud-gateway\wrangler.toml configuration:

  
    - "env.test" environment configuration
      - "vectorize" exists at the top level, but not on "env.test".
        This is not what you probably want, since "vectorize" is not inherited by environments.
        Please add "vectorize" to "env.test".
      - "ai" exists at the top level, but not on "env.test".
        This is not what you probably want, since "ai" is not inherited by environments.
        Please add "ai" to "env.test".


Using secrets defined in process.env
▲ [WARNING] Processing apps\cloud-gateway\wrangler.toml configuration:

  
    - "env.test" environment configuration
      - "vectorize" exists at the top level, but not on "env.test".
        This is not what you probably want, since "vectorize" is not inherited by environments.
        Please add "vectorize" to "env.test".
      - "ai" exists at the top level, but not on "env.test".
        This is not what you probably want, since "ai" is not inherited by environments.
        Please add "ai" to "env.test".


Using secrets defined in process.env
▲ [WARNING] Processing apps\cloud-gateway\wrangler.toml configuration:

  
    - "env.test" environment configuration
      - "vectorize" exists at the top level, but not on "env.test".
        This is not what you probably want, since "vectorize" is not inherited by environments.
        Please add "vectorize" to "env.test".
      - "ai" exists at the top level, but not on "env.test".
        This is not what you probably want, since "ai" is not inherited by environments.
        Please add "ai" to "env.test".


Using secrets defined in process.env
▲ [WARNING] Processing apps\cloud-gateway\wrangler.toml configuration:

  
    - "env.test" environment configuration
      - "vectorize" exists at the top level, but not on "env.test".
        This is not what you probably want, since "vectorize" is not inherited by environments.
        Please add "vectorize" to "env.test".
      - "ai" exists at the top level, but not on "env.test".
        This is not what you probably want, since "ai" is not inherited by environments.
        Please add "ai" to "env.test".


Using secrets defined in process.env
▲ [WARNING] Processing apps\cloud-gateway\wrangler.toml configuration:

  
    - "env.test" environment configuration
      - "vectorize" exists at the top level, but not on "env.test".
        This is not what you probably want, since "vectorize" is not inherited by environments.
        Please add "vectorize" to "env.test".
      - "ai" exists at the top level, but not on "env.test".
        This is not what you probably want, since "ai" is not inherited by environments.
        Please add "ai" to "env.test".


Using secrets defined in process.env
▲ [WARNING] Processing apps\cloud-gateway\wrangler.toml configuration:

  
    - "env.test" environment configuration
      - "vectorize" exists at the top level, but not on "env.test".
        This is not what you probably want, since "vectorize" is not inherited by environments.
        Please add "vectorize" to "env.test".
      - "ai" exists at the top level, but not on "env.test".
        This is not what you probably want, since "ai" is not inherited by environments.
        Please add "ai" to "env.test".


Using secrets defined in process.env
▲ [WARNING] Processing apps\cloud-gateway\wrangler.toml configuration:

  
    - "env.test" environment configuration
      - "vectorize" exists at the top level, but not on "env.test".
        This is not what you probably want, since "vectorize" is not inherited by environments.
        Please add "vectorize" to "env.test".
      - "ai" exists at the top level, but not on "env.test".
        This is not what you probably want, since "ai" is not inherited by environments.
        Please add "ai" to "env.test".


Using secrets defined in process.env
▲ [WARNING] Processing apps\cloud-gateway\wrangler.toml configuration:

  
    - "env.test" environment configuration
      - "vectorize" exists at the top level, but not on "env.test".
        This is not what you probably want, since "vectorize" is not inherited by environments.
        Please add "vectorize" to "env.test".
      - "ai" exists at the top level, but not on "env.test".
        This is not what you probably want, since "ai" is not inherited by environments.
        Please add "ai" to "env.test".


Using secrets defined in process.env
▲ [WARNING] Processing apps\cloud-gateway\wrangler.toml configuration:

  
    - "env.test" environment configuration
      - "vectorize" exists at the top level, but not on "env.test".
        This is not what you probably want, since "vectorize" is not inherited by environments.
        Please add "vectorize" to "env.test".
      - "ai" exists at the top level, but not on "env.test".
        This is not what you probably want, since "ai" is not inherited by environments.
        Please add "ai" to "env.test".


Using secrets defined in process.env
▲ [WARNING] Processing apps\cloud-gateway\wrangler.toml configuration:

  
    - "env.test" environment configuration
      - "vectorize" exists at the top level, but not on "env.test".
        This is not what you probably want, since "vectorize" is not inherited by environments.
        Please add "vectorize" to "env.test".
      - "ai" exists at the top level, but not on "env.test".
        This is not what you probably want, since "ai" is not inherited by environments.
        Please add "ai" to "env.test".


Using secrets defined in process.env
▲ [WARNING] Processing apps\cloud-gateway\wrangler.toml configuration:

  
    - "env.test" environment configuration
      - "vectorize" exists at the top level, but not on "env.test".
        This is not what you probably want, since "vectorize" is not inherited by environments.
        Please add "vectorize" to "env.test".
      - "ai" exists at the top level, but not on "env.test".
        This is not what you probably want, since "ai" is not inherited by environments.
        Please add "ai" to "env.test".


Using secrets defined in process.env
▲ [WARNING] Processing apps\cloud-gateway\wrangler.toml configuration:

  
    - "env.test" environment configuration
      - "vectorize" exists at the top level, but not on "env.test".
        This is not what you probably want, since "vectorize" is not inherited by environments.
        Please add "vectorize" to "env.test".
      - "ai" exists at the top level, but not on "env.test".
        This is not what you probably want, since "ai" is not inherited by environments.
        Please add "ai" to "env.test".


Using secrets defined in process.env
▲ [WARNING] Processing apps\cloud-gateway\wrangler.toml configuration:

  
    - "env.test" environment configuration
      - "vectorize" exists at the top level, but not on "env.test".
        This is not what you probably want, since "vectorize" is not inherited by environments.
        Please add "vectorize" to "env.test".
      - "ai" exists at the top level, but not on "env.test".
        This is not what you probably want, since "ai" is not inherited by environments.
        Please add "ai" to "env.test".


Using secrets defined in process.env
▲ [WARNING] Processing apps\cloud-gateway\wrangler.toml configuration:

  
    - "env.test" environment configuration
      - "vectorize" exists at the top level, but not on "env.test".
        This is not what you probably want, since "vectorize" is not inherited by environments.
        Please add "vectorize" to "env.test".
      - "ai" exists at the top level, but not on "env.test".
        This is not what you probably want, since "ai" is not inherited by environments.
        Please add "ai" to "env.test".


Using secrets defined in process.env
▲ [WARNING] Processing apps\cloud-gateway\wrangler.toml configuration:

  
    - "env.test" environment configuration
      - "vectorize" exists at the top level, but not on "env.test".
        This is not what you probably want, since "vectorize" is not inherited by environments.
        Please add "vectorize" to "env.test".
      - "ai" exists at the top level, but not on "env.test".
        This is not what you probably want, since "ai" is not inherited by environments.
        Please add "ai" to "env.test".


Using secrets defined in process.env
▲ [WARNING] Processing apps\cloud-gateway\wrangler.toml configuration:

  
    - "env.test" environment configuration
      - "vectorize" exists at the top level, but not on "env.test".
        This is not what you probably want, since "vectorize" is not inherited by environments.
        Please add "vectorize" to "env.test".
      - "ai" exists at the top level, but not on "env.test".
        This is not what you probably want, since "ai" is not inherited by environments.
        Please add "ai" to "env.test".


Using secrets defined in process.env
▲ [WARNING] Processing apps\cloud-gateway\wrangler.toml configuration:

  
    - "env.test" environment configuration
      - "vectorize" exists at the top level, but not on "env.test".
        This is not what you probably want, since "vectorize" is not inherited by environments.
        Please add "vectorize" to "env.test".
      - "ai" exists at the top level, but not on "env.test".
        This is not what you probably want, since "ai" is not inherited by environments.
        Please add "ai" to "env.test".


Using secrets defined in process.env
▲ [WARNING] Processing apps\cloud-gateway\wrangler.toml configuration:

  
    - "env.test" environment configuration
      - "vectorize" exists at the top level, but not on "env.test".
        This is not what you probably want, since "vectorize" is not inherited by environments.
        Please add "vectorize" to "env.test".
      - "ai" exists at the top level, but not on "env.test".
        This is not what you probably want, since "ai" is not inherited by environments.
        Please add "ai" to "env.test".


Using secrets defined in process.env
▲ [WARNING] Processing apps\cloud-gateway\wrangler.toml configuration:

  
    - "env.test" environment configuration
      - "vectorize" exists at the top level, but not on "env.test".
        This is not what you probably want, since "vectorize" is not inherited by environments.
        Please add "vectorize" to "env.test".
      - "ai" exists at the top level, but not on "env.test".
        This is not what you probably want, since "ai" is not inherited by environments.
        Please add "ai" to "env.test".


Using secrets defined in process.env
▲ [WARNING] Processing apps\cloud-gateway\wrangler.toml configuration:

  
    - "env.test" environment configuration
      - "vectorize" exists at the top level, but not on "env.test".
        This is not what you probably want, since "vectorize" is not inherited by environments.
        Please add "vectorize" to "env.test".
      - "ai" exists at the top level, but not on "env.test".
        This is not what you probably want, since "ai" is not inherited by environments.
        Please add "ai" to "env.test".


Using secrets defined in process.env
▲ [WARNING] Processing apps\cloud-gateway\wrangler.toml configuration:

  
    - "env.test" environment configuration
      - "vectorize" exists at the top level, but not on "env.test".
        This is not what you probably want, since "vectorize" is not inherited by environments.
        Please add "vectorize" to "env.test".
      - "ai" exists at the top level, but not on "env.test".
        This is not what you probably want, since "ai" is not inherited by environments.
        Please add "ai" to "env.test".


Using secrets defined in process.env
▲ [WARNING] Processing apps\cloud-gateway\wrangler.toml configuration:

  
    - "env.test" environment configuration
      - "vectorize" exists at the top level, but not on "env.test".
        This is not what you probably want, since "vectorize" is not inherited by environments.
        Please add "vectorize" to "env.test".
      - "ai" exists at the top level, but not on "env.test".
        This is not what you probably want, since "ai" is not inherited by environments.
        Please add "ai" to "env.test".


Using secrets defined in process.env
▲ [WARNING] Processing apps\cloud-gateway\wrangler.toml configuration:

  
    - "env.test" environment configuration
      - "vectorize" exists at the top level, but not on "env.test".
        This is not what you probably want, since "vectorize" is not inherited by environments.
        Please add "vectorize" to "env.test".
      - "ai" exists at the top level, but not on "env.test".
        This is not what you probably want, since "ai" is not inherited by environments.
        Please add "ai" to "env.test".


Using secrets defined in process.env
▲ [WARNING] Processing apps\cloud-gateway\wrangler.toml configuration:

  
    - "env.test" environment configuration
      - "vectorize" exists at the top level, but not on "env.test".
        This is not what you probably want, since "vectorize" is not inherited by environments.
        Please add "vectorize" to "env.test".
      - "ai" exists at the top level, but not on "env.test".
        This is not what you probably want, since "ai" is not inherited by environments.
        Please add "ai" to "env.test".


Using secrets defined in process.env
▲ [WARNING] Processing apps\cloud-gateway\wrangler.toml configuration:

  
    - "env.test" environment configuration
      - "vectorize" exists at the top level, but not on "env.test".
        This is not what you probably want, since "vectorize" is not inherited by environments.
        Please add "vectorize" to "env.test".
      - "ai" exists at the top level, but not on "env.test".
        This is not what you probably want, since "ai" is not inherited by environments.
        Please add "ai" to "env.test".


Using secrets defined in process.env
▲ [WARNING] Processing apps\cloud-gateway\wrangler.toml configuration:

  
    - "env.test" environment configuration
      - "vectorize" exists at the top level, but not on "env.test".
        This is not what you probably want, since "vectorize" is not inherited by environments.
        Please add "vectorize" to "env.test".
      - "ai" exists at the top level, but not on "env.test".
        This is not what you probably want, since "ai" is not inherited by environments.
        Please add "ai" to "env.test".


Using secrets defined in process.env
▲ [WARNING] Processing apps\cloud-gateway\wrangler.toml configuration:

  
    - "env.test" environment configuration
      - "vectorize" exists at the top level, but not on "env.test".
        This is not what you probably want, since "vectorize" is not inherited by environments.
        Please add "vectorize" to "env.test".
      - "ai" exists at the top level, but not on "env.test".
        This is not what you probably want, since "ai" is not inherited by environments.
        Please add "ai" to "env.test".


Using secrets defined in process.env
▲ [WARNING] Processing apps\cloud-gateway\wrangler.toml configuration:

  
    - "env.test" environment configuration
      - "vectorize" exists at the top level, but not on "env.test".
        This is not what you probably want, since "vectorize" is not inherited by environments.
        Please add "vectorize" to "env.test".
      - "ai" exists at the top level, but not on "env.test".
        This is not what you probably want, since "ai" is not inherited by environments.
        Please add "ai" to "env.test".


Using secrets defined in process.env
▲ [WARNING] Processing apps\cloud-gateway\wrangler.toml configuration:

  
    - "env.test" environment configuration
      - "vectorize" exists at the top level, but not on "env.test".
        This is not what you probably want, since "vectorize" is not inherited by environments.
        Please add "vectorize" to "env.test".
      - "ai" exists at the top level, but not on "env.test".
        This is not what you probably want, since "ai" is not inherited by environments.
        Please add "ai" to "env.test".


Using secrets defined in process.env
▲ [WARNING] Processing apps\cloud-gateway\wrangler.toml configuration:

  
    - "env.test" environment configuration
      - "vectorize" exists at the top level, but not on "env.test".
        This is not what you probably want, since "vectorize" is not inherited by environments.
        Please add "vectorize" to "env.test".
      - "ai" exists at the top level, but not on "env.test".
        This is not what you probably want, since "ai" is not inherited by environments.
        Please add "ai" to "env.test".


Using secrets defined in process.env
▲ [WARNING] Processing apps\cloud-gateway\wrangler.toml configuration:

  
    - "env.test" environment configuration
      - "vectorize" exists at the top level, but not on "env.test".
        This is not what you probably want, since "vectorize" is not inherited by environments.
        Please add "vectorize" to "env.test".
      - "ai" exists at the top level, but not on "env.test".
        This is not what you probably want, since "ai" is not inherited by environments.
        Please add "ai" to "env.test".


Using secrets defined in process.env
▲ [WARNING] Processing apps\cloud-gateway\wrangler.toml configuration:

  
    - "env.test" environment configuration
      - "vectorize" exists at the top level, but not on "env.test".
        This is not what you probably want, since "vectorize" is not inherited by environments.
        Please add "vectorize" to "env.test".
      - "ai" exists at the top level, but not on "env.test".
        This is not what you probably want, since "ai" is not inherited by environments.
        Please add "ai" to "env.test".


Using secrets defined in process.env
▲ [WARNING] Processing apps\cloud-gateway\wrangler.toml configuration:

  
    - "env.test" environment configuration
      - "vectorize" exists at the top level, but not on "env.test".
        This is not what you probably want, since "vectorize" is not inherited by environments.
        Please add "vectorize" to "env.test".
      - "ai" exists at the top level, but not on "env.test".
        This is not what you probably want, since "ai" is not inherited by environments.
        Please add "ai" to "env.test".


Using secrets defined in process.env
▲ [WARNING] Processing apps\cloud-gateway\wrangler.toml configuration:

  
    - "env.test" environment configuration
      - "vectorize" exists at the top level, but not on "env.test".
        This is not what you probably want, since "vectorize" is not inherited by environments.
        Please add "vectorize" to "env.test".
      - "ai" exists at the top level, but not on "env.test".
        This is not what you probably want, since "ai" is not inherited by environments.
        Please add "ai" to "env.test".


Using secrets defined in process.env
▲ [WARNING] Processing apps\cloud-gateway\wrangler.toml configuration:

  
    - "env.test" environment configuration
      - "vectorize" exists at the top level, but not on "env.test".
        This is not what you probably want, since "vectorize" is not inherited by environments.
        Please add "vectorize" to "env.test".
      - "ai" exists at the top level, but not on "env.test".
        This is not what you probably want, since "ai" is not inherited by environments.
        Please add "ai" to "env.test".


Using secrets defined in process.env
▲ [WARNING] Processing apps\cloud-gateway\wrangler.toml configuration:

  
    - "env.test" environment configuration
      - "vectorize" exists at the top level, but not on "env.test".
        This is not what you probably want, since "vectorize" is not inherited by environments.
        Please add "vectorize" to "env.test".
      - "ai" exists at the top level, but not on "env.test".
        This is not what you probably want, since "ai" is not inherited by environments.
        Please add "ai" to "env.test".


Using secrets defined in process.env
▲ [WARNING] Processing apps\cloud-gateway\wrangler.toml configuration:

  
    - "env.test" environment configuration
      - "vectorize" exists at the top level, but not on "env.test".
        This is not what you probably want, since "vectorize" is not inherited by environments.
        Please add "vectorize" to "env.test".
      - "ai" exists at the top level, but not on "env.test".
        This is not what you probably want, since "ai" is not inherited by environments.
        Please add "ai" to "env.test".


Using secrets defined in process.env
▲ [WARNING] Processing apps\cloud-gateway\wrangler.toml configuration:

  
    - "env.test" environment configuration
      - "vectorize" exists at the top level, but not on "env.test".
        This is not what you probably want, since "vectorize" is not inherited by environments.
        Please add "vectorize" to "env.test".
      - "ai" exists at the top level, but not on "env.test".
        This is not what you probably want, since "ai" is not inherited by environments.
        Please add "ai" to "env.test".


Using secrets defined in process.env
▲ [WARNING] Processing apps\cloud-gateway\wrangler.toml configuration:

  
    - "env.test" environment configuration
      - "vectorize" exists at the top level, but not on "env.test".
        This is not what you probably want, since "vectorize" is not inherited by environments.
        Please add "vectorize" to "env.test".
      - "ai" exists at the top level, but not on "env.test".
        This is not what you probably want, since "ai" is not inherited by environments.
        Please add "ai" to "env.test".


Using secrets defined in process.env
▲ [WARNING] Processing apps\cloud-gateway\wrangler.toml configuration:

  
    - "env.test" environment configuration
      - "vectorize" exists at the top level, but not on "env.test".
        This is not what you probably want, since "vectorize" is not inherited by environments.
        Please add "vectorize" to "env.test".
      - "ai" exists at the top level, but not on "env.test".
        This is not what you probably want, since "ai" is not inherited by environments.
        Please add "ai" to "env.test".


Using secrets defined in process.env
▲ [WARNING] Processing apps\cloud-gateway\wrangler.toml configuration:

  
    - "env.test" environment configuration
      - "vectorize" exists at the top level, but not on "env.test".
        This is not what you probably want, since "vectorize" is not inherited by environments.
        Please add "vectorize" to "env.test".
      - "ai" exists at the top level, but not on "env.test".
        This is not what you probably want, since "ai" is not inherited by environments.
        Please add "ai" to "env.test".


Using secrets defined in process.env
▲ [WARNING] Processing apps\cloud-gateway\wrangler.toml configuration:

  
    - "env.test" environment configuration
      - "vectorize" exists at the top level, but not on "env.test".
        This is not what you probably want, since "vectorize" is not inherited by environments.
        Please add "vectorize" to "env.test".
      - "ai" exists at the top level, but not on "env.test".
        This is not what you probably want, since "ai" is not inherited by environments.
        Please add "ai" to "env.test".


Using secrets defined in process.env
▲ [WARNING] Processing apps\cloud-gateway\wrangler.toml configuration:

  
    - "env.test" environment configuration
      - "vectorize" exists at the top level, but not on "env.test".
        This is not what you probably want, since "vectorize" is not inherited by environments.
        Please add "vectorize" to "env.test".
      - "ai" exists at the top level, but not on "env.test".
        This is not what you probably want, since "ai" is not inherited by environments.
        Please add "ai" to "env.test".


Using secrets defined in process.env
▲ [WARNING] Processing apps\cloud-gateway\wrangler.toml configuration:

  
    - "env.test" environment configuration
      - "vectorize" exists at the top level, but not on "env.test".
        This is not what you probably want, since "vectorize" is not inherited by environments.
        Please add "vectorize" to "env.test".
      - "ai" exists at the top level, but not on "env.test".
        This is not what you probably want, since "ai" is not inherited by environments.
        Please add "ai" to "env.test".


Using secrets defined in process.env
▲ [WARNING] Processing apps\cloud-gateway\wrangler.toml configuration:

  
    - "env.test" environment configuration
      - "vectorize" exists at the top level, but not on "env.test".
        This is not what you probably want, since "vectorize" is not inherited by environments.
        Please add "vectorize" to "env.test".
      - "ai" exists at the top level, but not on "env.test".
        This is not what you probably want, since "ai" is not inherited by environments.
        Please add "ai" to "env.test".


Using secrets defined in process.env
▲ [WARNING] Processing apps\cloud-gateway\wrangler.toml configuration:

  
    - "env.test" environment configuration
      - "vectorize" exists at the top level, but not on "env.test".
        This is not what you probably want, since "vectorize" is not inherited by environments.
        Please add "vectorize" to "env.test".
      - "ai" exists at the top level, but not on "env.test".
        This is not what you probably want, since "ai" is not inherited by environments.
        Please add "ai" to "env.test".


Using secrets defined in process.env
▲ [WARNING] Processing apps\cloud-gateway\wrangler.toml configuration:

  
    - "env.test" environment configuration
      - "vectorize" exists at the top level, but not on "env.test".
        This is not what you probably want, since "vectorize" is not inherited by environments.
        Please add "vectorize" to "env.test".
      - "ai" exists at the top level, but not on "env.test".
        This is not what you probably want, since "ai" is not inherited by environments.
        Please add "ai" to "env.test".


Using secrets defined in process.env
▲ [WARNING] Processing apps\cloud-gateway\wrangler.toml configuration:

  
    - "env.test" environment configuration
      - "vectorize" exists at the top level, but not on "env.test".
        This is not what you probably want, since "vectorize" is not inherited by environments.
        Please add "vectorize" to "env.test".
      - "ai" exists at the top level, but not on "env.test".
        This is not what you probably want, since "ai" is not inherited by environments.
        Please add "ai" to "env.test".


Using secrets defined in process.env
▲ [WARNING] Processing apps\cloud-gateway\wrangler.toml configuration:

  
    - "env.test" environment configuration
      - "vectorize" exists at the top level, but not on "env.test".
        This is not what you probably want, since "vectorize" is not inherited by environments.
        Please add "vectorize" to "env.test".
      - "ai" exists at the top level, but not on "env.test".
        This is not what you probably want, since "ai" is not inherited by environments.
        Please add "ai" to "env.test".


Using secrets defined in process.env
▲ [WARNING] Processing apps\cloud-gateway\wrangler.toml configuration:

  
    - "env.test" environment configuration
      - "vectorize" exists at the top level, but not on "env.test".
        This is not what you probably want, since "vectorize" is not inherited by environments.
        Please add "vectorize" to "env.test".
      - "ai" exists at the top level, but not on "env.test".
        This is not what you probably want, since "ai" is not inherited by environments.
        Please add "ai" to "env.test".


Using secrets defined in process.env
▲ [WARNING] Processing apps\cloud-gateway\wrangler.toml configuration:

  
    - "env.test" environment configuration
      - "vectorize" exists at the top level, but not on "env.test".
        This is not what you probably want, since "vectorize" is not inherited by environments.
        Please add "vectorize" to "env.test".
      - "ai" exists at the top level, but not on "env.test".
        This is not what you probably want, since "ai" is not inherited by environments.
        Please add "ai" to "env.test".


Using secrets defined in process.env
▲ [WARNING] Processing apps\cloud-gateway\wrangler.toml configuration:

  
    - "env.test" environment configuration
      - "vectorize" exists at the top level, but not on "env.test".
        This is not what you probably want, since "vectorize" is not inherited by environments.
        Please add "vectorize" to "env.test".
      - "ai" exists at the top level, but not on "env.test".
        This is not what you probably want, since "ai" is not inherited by environments.
        Please add "ai" to "env.test".


Using secrets defined in process.env
▲ [WARNING] Processing apps\cloud-gateway\wrangler.toml configuration:

  
    - "env.test" environment configuration
      - "vectorize" exists at the top level, but not on "env.test".
        This is not what you probably want, since "vectorize" is not inherited by environments.
        Please add "vectorize" to "env.test".
      - "ai" exists at the top level, but not on "env.test".
        This is not what you probably want, since "ai" is not inherited by environments.
        Please add "ai" to "env.test".


Using secrets defined in process.env
▲ [WARNING] Processing apps\cloud-gateway\wrangler.toml configuration:

  
    - "env.test" environment configuration
      - "vectorize" exists at the top level, but not on "env.test".
        This is not what you probably want, since "vectorize" is not inherited by environments.
        Please add "vectorize" to "env.test".
      - "ai" exists at the top level, but not on "env.test".
        This is not what you probably want, since "ai" is not inherited by environments.
        Please add "ai" to "env.test".


Using secrets defined in process.env
▲ [WARNING] Processing apps\cloud-gateway\wrangler.toml configuration:

  
    - "env.test" environment configuration
      - "vectorize" exists at the top level, but not on "env.test".
        This is not what you probably want, since "vectorize" is not inherited by environments.
        Please add "vectorize" to "env.test".
      - "ai" exists at the top level, but not on "env.test".
        This is not what you probably want, since "ai" is not inherited by environments.
        Please add "ai" to "env.test".


Using secrets defined in process.env
▲ [WARNING] Processing apps\cloud-gateway\wrangler.toml configuration:

  
    - "env.test" environment configuration
      - "vectorize" exists at the top level, but not on "env.test".
        This is not what you probably want, since "vectorize" is not inherited by environments.
        Please add "vectorize" to "env.test".
      - "ai" exists at the top level, but not on "env.test".
        This is not what you probably want, since "ai" is not inherited by environments.
        Please add "ai" to "env.test".


Using secrets defined in process.env
▲ [WARNING] Processing apps\cloud-gateway\wrangler.toml configuration:

  
    - "env.test" environment configuration
      - "vectorize" exists at the top level, but not on "env.test".
        This is not what you probably want, since "vectorize" is not inherited by environments.
        Please add "vectorize" to "env.test".
      - "ai" exists at the top level, but not on "env.test".
        This is not what you probably want, since "ai" is not inherited by environments.
        Please add "ai" to "env.test".


Using secrets defined in process.env
▲ [WARNING] Processing apps\cloud-gateway\wrangler.toml configuration:

  
    - "env.test" environment configuration
      - "vectorize" exists at the top level, but not on "env.test".
        This is not what you probably want, since "vectorize" is not inherited by environments.
        Please add "vectorize" to "env.test".
      - "ai" exists at the top level, but not on "env.test".
        This is not what you probably want, since "ai" is not inherited by environments.
        Please add "ai" to "env.test".


Using secrets defined in process.env
▲ [WARNING] Processing apps\cloud-gateway\wrangler.toml configuration:

  
    - "env.test" environment configuration
      - "vectorize" exists at the top level, but not on "env.test".
        This is not what you probably want, since "vectorize" is not inherited by environments.
        Please add "vectorize" to "env.test".
      - "ai" exists at the top level, but not on "env.test".
        This is not what you probably want, since "ai" is not inherited by environments.
        Please add "ai" to "env.test".


Using secrets defined in process.env
▲ [WARNING] Processing apps\cloud-gateway\wrangler.toml configuration:

  
    - "env.test" environment configuration
      - "vectorize" exists at the top level, but not on "env.test".
        This is not what you probably want, since "vectorize" is not inherited by environments.
        Please add "vectorize" to "env.test".
      - "ai" exists at the top level, but not on "env.test".
        This is not what you probably want, since "ai" is not inherited by environments.
        Please add "ai" to "env.test".


Using secrets defined in process.env
▲ [WARNING] Processing apps\cloud-gateway\wrangler.toml configuration:

  
    - "env.test" environment configuration
      - "vectorize" exists at the top level, but not on "env.test".
        This is not what you probably want, since "vectorize" is not inherited by environments.
        Please add "vectorize" to "env.test".
      - "ai" exists at the top level, but not on "env.test".
        This is not what you probably want, since "ai" is not inherited by environments.
        Please add "ai" to "env.test".


Using secrets defined in process.env
▲ [WARNING] Processing apps\cloud-gateway\wrangler.toml configuration:

  
    - "env.test" environment configuration
      - "vectorize" exists at the top level, but not on "env.test".
        This is not what you probably want, since "vectorize" is not inherited by environments.
        Please add "vectorize" to "env.test".
      - "ai" exists at the top level, but not on "env.test".
        This is not what you probably want, since "ai" is not inherited by environments.
        Please add "ai" to "env.test".


Using secrets defined in process.env
▲ [WARNING] Processing apps\cloud-gateway\wrangler.toml configuration:

  
    - "env.test" environment configuration
      - "vectorize" exists at the top level, but not on "env.test".
        This is not what you probably want, since "vectorize" is not inherited by environments.
        Please add "vectorize" to "env.test".
      - "ai" exists at the top level, but not on "env.test".
        This is not what you probably want, since "ai" is not inherited by environments.
        Please add "ai" to "env.test".


Using secrets defined in process.env
▲ [WARNING] Processing apps\cloud-gateway\wrangler.toml configuration:

  
    - "env.test" environment configuration
      - "vectorize" exists at the top level, but not on "env.test".
        This is not what you probably want, since "vectorize" is not inherited by environments.
        Please add "vectorize" to "env.test".
      - "ai" exists at the top level, but not on "env.test".
        This is not what you probably want, since "ai" is not inherited by environments.
        Please add "ai" to "env.test".


Using secrets defined in process.env
▲ [WARNING] Processing apps\cloud-gateway\wrangler.toml configuration:

  
    - "env.test" environment configuration
      - "vectorize" exists at the top level, but not on "env.test".
        This is not what you probably want, since "vectorize" is not inherited by environments.
        Please add "vectorize" to "env.test".
      - "ai" exists at the top level, but not on "env.test".
        This is not what you probably want, since "ai" is not inherited by environments.
        Please add "ai" to "env.test".


Using secrets defined in process.env
▲ [WARNING] Processing apps\cloud-gateway\wrangler.toml configuration:

  
    - "env.test" environment configuration
      - "vectorize" exists at the top level, but not on "env.test".
        This is not what you probably want, since "vectorize" is not inherited by environments.
        Please add "vectorize" to "env.test".
      - "ai" exists at the top level, but not on "env.test".
        This is not what you probably want, since "ai" is not inherited by environments.
        Please add "ai" to "env.test".


Using secrets defined in process.env
▲ [WARNING] Processing apps\cloud-gateway\wrangler.toml configuration:

  
    - "env.test" environment configuration
      - "vectorize" exists at the top level, but not on "env.test".
        This is not what you probably want, since "vectorize" is not inherited by environments.
        Please add "vectorize" to "env.test".
      - "ai" exists at the top level, but not on "env.test".
        This is not what you probably want, since "ai" is not inherited by environments.
        Please add "ai" to "env.test".


Using secrets defined in process.env
▲ [WARNING] Processing apps\cloud-gateway\wrangler.toml configuration:

  
    - "env.test" environment configuration
      - "vectorize" exists at the top level, but not on "env.test".
        This is not what you probably want, since "vectorize" is not inherited by environments.
        Please add "vectorize" to "env.test".
      - "ai" exists at the top level, but not on "env.test".
        This is not what you probably want, since "ai" is not inherited by environments.
        Please add "ai" to "env.test".


Using secrets defined in process.env
▲ [WARNING] Processing apps\cloud-gateway\wrangler.toml configuration:

  
    - "env.test" environment configuration
      - "vectorize" exists at the top level, but not on "env.test".
        This is not what you probably want, since "vectorize" is not inherited by environments.
        Please add "vectorize" to "env.test".
      - "ai" exists at the top level, but not on "env.test".
        This is not what you probably want, since "ai" is not inherited by environments.
        Please add "ai" to "env.test".


Using secrets defined in process.env
▲ [WARNING] Processing apps\cloud-gateway\wrangler.toml configuration:

  
    - "env.test" environment configuration
      - "vectorize" exists at the top level, but not on "env.test".
        This is not what you probably want, since "vectorize" is not inherited by environments.
        Please add "vectorize" to "env.test".
      - "ai" exists at the top level, but not on "env.test".
        This is not what you probably want, since "ai" is not inherited by environments.
        Please add "ai" to "env.test".


Using secrets defined in process.env
▲ [WARNING] Processing apps\cloud-gateway\wrangler.toml configuration:

  
    - "env.test" environment configuration
      - "vectorize" exists at the top level, but not on "env.test".
        This is not what you probably want, since "vectorize" is not inherited by environments.
        Please add "vectorize" to "env.test".
      - "ai" exists at the top level, but not on "env.test".
        This is not what you probably want, since "ai" is not inherited by environments.
        Please add "ai" to "env.test".


Using secrets defined in process.env
▲ [WARNING] Processing apps\cloud-gateway\wrangler.toml configuration:

  
    - "env.test" environment configuration
      - "vectorize" exists at the top level, but not on "env.test".
        This is not what you probably want, since "vectorize" is not inherited by environments.
        Please add "vectorize" to "env.test".
      - "ai" exists at the top level, but not on "env.test".
        This is not what you probably want, since "ai" is not inherited by environments.
        Please add "ai" to "env.test".


Using secrets defined in process.env
▲ [WARNING] Processing apps\cloud-gateway\wrangler.toml configuration:

  
    - "env.test" environment configuration
      - "vectorize" exists at the top level, but not on "env.test".
        This is not what you probably want, since "vectorize" is not inherited by environments.
        Please add "vectorize" to "env.test".
      - "ai" exists at the top level, but not on "env.test".
        This is not what you probably want, since "ai" is not inherited by environments.
        Please add "ai" to "env.test".


Using secrets defined in process.env
▲ [WARNING] Processing apps\cloud-gateway\wrangler.toml configuration:

  
    - "env.test" environment configuration
      - "vectorize" exists at the top level, but not on "env.test".
        This is not what you probably want, since "vectorize" is not inherited by environments.
        Please add "vectorize" to "env.test".
      - "ai" exists at the top level, but not on "env.test".
        This is not what you probably want, since "ai" is not inherited by environments.
        Please add "ai" to "env.test".


Using secrets defined in process.env
▲ [WARNING] Processing apps\cloud-gateway\wrangler.toml configuration:

  
    - "env.test" environment configuration
      - "vectorize" exists at the top level, but not on "env.test".
        This is not what you probably want, since "vectorize" is not inherited by environments.
        Please add "vectorize" to "env.test".
      - "ai" exists at the top level, but not on "env.test".
        This is not what you probably want, since "ai" is not inherited by environments.
        Please add "ai" to "env.test".


Using secrets defined in process.env
▲ [WARNING] Processing apps\cloud-gateway\wrangler.toml configuration:

  
    - "env.test" environment configuration
      - "vectorize" exists at the top level, but not on "env.test".
        This is not what you probably want, since "vectorize" is not inherited by environments.
        Please add "vectorize" to "env.test".
      - "ai" exists at the top level, but not on "env.test".
        This is not what you probably want, since "ai" is not inherited by environments.
        Please add "ai" to "env.test".


Using secrets defined in process.env
▲ [WARNING] Processing apps\cloud-gateway\wrangler.toml configuration:

  
    - "env.test" environment configuration
      - "vectorize" exists at the top level, but not on "env.test".
        This is not what you probably want, since "vectorize" is not inherited by environments.
        Please add "vectorize" to "env.test".
      - "ai" exists at the top level, but not on "env.test".
        This is not what you probably want, since "ai" is not inherited by environments.
        Please add "ai" to "env.test".


Using secrets defined in process.env
 ❯ |voice-production-socket| tests/acceptance/fake/voice-production-socket.test.ts (3 tests | 2 failed) 4934ms
     × uses default composition for two socket turns across real eviction 1819ms
     × fails closed on an unreadable balance after a successful real-socket turn 1603ms
 ❯ |voice-production-socket| tests/acceptance/fake/voice-production-worker.test.ts (17 tests | 1 failed) 11689ms
     × authenticates ingress and forwards an actual upgraded socket to default composition 1882ms

⎯⎯⎯⎯⎯⎯ Failed Tests 15 ⎯⎯⎯⎯⎯⎯⎯

 FAIL  |voice-production-socket| tests/acceptance/fake/voice-production-socket.test.ts > production voice through the real DO stub and socket > uses default composition for two socket turns across real eviction
 FAIL  |voice-production-socket| tests/acceptance/fake/voice-production-socket.test.ts > production voice through the real DO stub and socket > fails closed on an unreadable balance after a successful real-socket turn
AssertionError: expected 'failed' to be 'active' // Object.is equality

Expected: "active"
Received: "failed"

 ❯ tests/acceptance/fake/voice-production-socket.test.ts:116:8
    114|     // Setup alone admits an owner. A guest still waits for their PIN.
    115|     await vi.waitFor(async () => expect((await repository.getCallSessi…
    116|       .toBe(stored.binding.accessKind === "owner" ? "active" : "pre_au…
       |        ^
    117|     return { repository, stored, frames, closes,
    118|       prompt: (voicePrompt: string) => client!.send(JSON.stringify({ t…

⎯⎯⎯⎯⎯⎯⎯⎯⎯⎯⎯⎯⎯⎯⎯⎯⎯⎯⎯⎯⎯⎯⎯[1/15]⎯

 FAIL  |voice-production-socket| tests/acceptance/fake/voice-production-worker.test.ts > production Worker voice and Telegram composition > authenticates ingress and forwards an actual upgraded socket to default composition
AssertionError: expected 'failed' to be 'active' // Object.is equality

Expected: "active"
Received: "failed"

 ❯ tests/acceptance/fake/voice-production-worker.test.ts:118:115
    116|       callSid: CALL, direction: "inbound", customParameters: { relayNo…
    117|     // The owner is admitted by setup alone, so the first prompt is a …
    118|     await vi.waitFor(async () => expect((await env.DB.prepare("SELECT …
       |                                                                                                                   ^
    119|     socket.send(JSON.stringify({ type: "prompt", voicePrompt: "A Worke…
    120|     await vi.waitFor(() => expect(frames).toContainEqual({ type: "text…

⎯⎯⎯⎯⎯⎯⎯⎯⎯⎯⎯⎯⎯⎯⎯⎯⎯⎯⎯⎯⎯⎯⎯[2/15]⎯

 FAIL  |default| apps/cloud-gateway/test/backup/memory-backup.test.ts > nightly verified memory backup > exports a consistent cut and excludes events appended after the immutable mark
Error: Test timed out in 5000ms.
If this is a long-running test, pass a timeout value as the last argument or configure it globally with "testTimeout".
 ❯ apps/cloud-gateway/test/backup/memory-backup.test.ts:198:3
    196|   });
    197|
    198|   it("exports a consistent cut and excludes events appended after the …
       |   ^
    199|     await appendEvents(2);
    200|     const backup = service({ pageRowLimit: 1 });

⎯⎯⎯⎯⎯⎯⎯⎯⎯⎯⎯⎯⎯⎯⎯⎯⎯⎯⎯⎯⎯⎯⎯[3/15]⎯

 FAIL  |default| apps/cloud-gateway/test/channels/owner-telegram-agent.test.ts > owner Telegram agent > stores Sid's misspelled remember request as stated evidence with the exact excerpt
AssertionError: expected { outcome: 'delivery_unknown', …(4) } to match object { outcome: 'telegram_delivered' }
(4 matching properties omitted from actual)

- Expected
+ Received

  {
-   "outcome": "telegram_delivered",
+   "outcome": "delivery_unknown",
  }

 ❯ runTurn apps/cloud-gateway/test/channels/owner-telegram-agent.test.ts:223:6
    221|     targetIdentityId: input.harness.identityId,
    222|     replyToMessageId: serial,
    223|   })).resolves.toMatchObject({ outcome: "telegram_delivered" });
       |      ^
    224|   return input.harness.telegram.requests.at(-1)?.text ?? "";
    225| }
 ❯ apps/cloud-gateway/test/channels/owner-telegram-agent.test.ts:554:25

⎯⎯⎯⎯⎯⎯⎯⎯⎯⎯⎯⎯⎯⎯⎯⎯⎯⎯⎯⎯⎯⎯⎯[4/15]⎯

 FAIL  |default| apps/cloud-gateway/test/memory/telegram-memory.test.ts > Telegram memory retrieval follow-ups > retrieves archived-source memories and archived history within 500 ms at 25 ms per D1 round trip
AssertionError: expected false to be true // Object.is equality

- Expected
+ Received

- true
+ false

 ❯ apps/cloud-gateway/test/memory/telegram-memory.test.ts:2082:86
    2080|       expect(contexts.some((entry) => /memory evidence/iu.test(entry.t…
    2081|     }
    2082|     expect(contexts.some((entry) => entry.text.startsWith("History evi…
       |                                                                                      ^
    2083|     expect(stats.maxInflight).toBeGreaterThan(1);
    2084|     expect(elapsedMs).toBeLessThanOrEqual(500);

⎯⎯⎯⎯⎯⎯⎯⎯⎯⎯⎯⎯⎯⎯⎯⎯⎯⎯⎯⎯⎯⎯⎯[5/15]⎯

 FAIL  |default| apps/cloud-gateway/test/persistence/owner-call-step-up-migration.test.ts > owner call step-up migration > keeps bind, begin, and expiry retries idempotent with guarded inserts
AssertionError: expected 'active' to be 'pre_auth' // Object.is equality

Expected: "pre_auth"
Received: "active"

 ❯ openPreAuth apps/cloud-gateway/test/persistence/owner-call-step-up-migration.test.ts:23:30
     21|   const call = await system.openRelay();
     22|   await call.setup();
     23|   expect(await call.phase()).toBe("pre_auth");
       |                              ^
     24|   return { system, call };
     25| }
 ❯ apps/cloud-gateway/test/persistence/owner-call-step-up-migration.test.ts:108:30

⎯⎯⎯⎯⎯⎯⎯⎯⎯⎯⎯⎯⎯⎯⎯⎯⎯⎯⎯⎯⎯⎯⎯[6/15]⎯

 FAIL  |default| apps/cloud-gateway/test/persistence/owner-call-step-up-migration.test.ts > owner call step-up migration > pins the 60-second window guard and window immutability
AssertionError: promise resolved "{ success: true, meta: { …(8) }, …(1) }" instead of rejecting

- Expected
+ Received

- Error {
-   "message": "rejected promise",
+ {
+   "meta": {
+     "changed_db": false,
+     "changes": 0,
+     "duration": 0,
+     "last_row_id": 1,
+     "rows_read": 2,
+     "rows_written": 0,
+     "served_by": "miniflare.db",
+     "size_after": 1224704,
+   },
+   "results": [],
+   "success": true,
  }

 ❯ expectUpdateAndDeleteRejected apps/cloud-gateway/test/persistence/owner-call-step-up-migration.test.ts:34:45
     32| ): Promise<void> {
     33|   if (!/^[a-z0-9_]+$/u.test(table)) throw new Error("unsafe_test_table…
     34|   await expect(env.DB.prepare(update).run()).rejects.toThrow(updateErr…
       |                                             ^
     35|   await expect(env.DB.prepare(`DELETE FROM ${table}`).run()).rejects.t…
     36| }
 ❯ apps/cloud-gateway/test/persistence/owner-call-step-up-migration.test.ts:143:13

⎯⎯⎯⎯⎯⎯⎯⎯⎯⎯⎯⎯⎯⎯⎯⎯⎯⎯⎯⎯⎯⎯⎯[7/15]⎯

 FAIL  |default| apps/cloud-gateway/test/persistence/owner-call-step-up-migration.test.ts > owner call step-up migration > pins attempt reservation, one-way resolution, and deletion guards
AssertionError: expected 'active' to be 'pre_auth' // Object.is equality

Expected: "pre_auth"
Received: "active"

 ❯ openPreAuth apps/cloud-gateway/test/persistence/owner-call-step-up-migration.test.ts:23:30
     21|   const call = await system.openRelay();
     22|   await call.setup();
     23|   expect(await call.phase()).toBe("pre_auth");
       |                              ^
     24|   return { system, call };
     25| }
 ❯ apps/cloud-gateway/test/persistence/owner-call-step-up-migration.test.ts:153:30

⎯⎯⎯⎯⎯⎯⎯⎯⎯⎯⎯⎯⎯⎯⎯⎯⎯⎯⎯⎯⎯⎯⎯[8/15]⎯

 FAIL  |default| apps/cloud-gateway/test/persistence/owner-call-step-up-migration.test.ts > owner call step-up migration > pins success provenance plus immutable success receipts
AssertionError: expected 'active' to be 'pre_auth' // Object.is equality

Expected: "pre_auth"
Received: "active"

 ❯ openPreAuth apps/cloud-gateway/test/persistence/owner-call-step-up-migration.test.ts:23:30
     21|   const call = await system.openRelay();
     22|   await call.setup();
     23|   expect(await call.phase()).toBe("pre_auth");
       |                              ^
     24|   return { system, call };
     25| }
 ❯ apps/cloud-gateway/test/persistence/owner-call-step-up-migration.test.ts:170:30

⎯⎯⎯⎯⎯⎯⎯⎯⎯⎯⎯⎯⎯⎯⎯⎯⎯⎯⎯⎯⎯⎯⎯[9/15]⎯

 FAIL  |default| apps/cloud-gateway/test/persistence/owner-call-step-up-migration.test.ts > owner call step-up migration > pins reprompt order, exhaustion, immutability, and deletion
AssertionError: expected 'active' to be 'pre_auth' // Object.is equality

Expected: "pre_auth"
Received: "active"

 ❯ openPreAuth apps/cloud-gateway/test/persistence/owner-call-step-up-migration.test.ts:23:30
     21|   const call = await system.openRelay();
     22|   await call.setup();
     23|   expect(await call.phase()).toBe("pre_auth");
       |                              ^
     24|   return { system, call };
     25| }
 ❯ apps/cloud-gateway/test/persistence/owner-call-step-up-migration.test.ts:195:30

⎯⎯⎯⎯⎯⎯⎯⎯⎯⎯⎯⎯⎯⎯⎯⎯⎯⎯⎯⎯⎯⎯[10/15]⎯

 FAIL  |default| apps/cloud-gateway/test/persistence/owner-call-step-up-migration.test.ts > owner call step-up migration > pins rejection provenance, terminalization, immutability, and deletion
AssertionError: expected 'active' to be 'pre_auth' // Object.is equality

Expected: "pre_auth"
Received: "active"

 ❯ openPreAuth apps/cloud-gateway/test/persistence/owner-call-step-up-migration.test.ts:23:30
     21|   const call = await system.openRelay();
     22|   await call.setup();
     23|   expect(await call.phase()).toBe("pre_auth");
       |                              ^
     24|   return { system, call };
     25| }
 ❯ apps/cloud-gateway/test/persistence/owner-call-step-up-migration.test.ts:212:30

⎯⎯⎯⎯⎯⎯⎯⎯⎯⎯⎯⎯⎯⎯⎯⎯⎯⎯⎯⎯⎯⎯[11/15]⎯

 FAIL  |default| apps/cloud-gateway/test/persistence/owner-call-step-up-migration.test.ts > owner call step-up migration > pins repeat-check timing, one-way resolution, and deletion
AssertionError: expected 'active' to be 'pre_auth' // Object.is equality

Expected: "pre_auth"
Received: "active"

 ❯ openPreAuth apps/cloud-gateway/test/persistence/owner-call-step-up-migration.test.ts:23:30
     21|   const call = await system.openRelay();
     22|   await call.setup();
     23|   expect(await call.phase()).toBe("pre_auth");
       |                              ^
     24|   return { system, call };
     25| }
 ❯ apps/cloud-gateway/test/persistence/owner-call-step-up-migration.test.ts:230:30

⎯⎯⎯⎯⎯⎯⎯⎯⎯⎯⎯⎯⎯⎯⎯⎯⎯⎯⎯⎯⎯⎯[12/15]⎯

 FAIL  |default| apps/cloud-gateway/test/persistence/owner-call-step-up-migration.test.ts > owner call step-up migration > rejects INSERT OR REPLACE across every 0018 table and pins mutable alert keys
Error: D1_ERROR: owner_call_step_up_repeat_invalid: SQLITE_CONSTRAINT (extended: SQLITE_CONSTRAINT_TRIGGER)
 ❯ D1DatabaseSessionAlwaysPrimary._sendOrThrow cloudflare-internal:d1-api:188:19
 ❯ cloudflare-internal:d1-api:478:19
 ❯ apps/cloud-gateway/test/persistence/owner-call-step-up-migration.test.ts:283:7
    281|       system.advanceTime(2_001);
    282|       const repeatReservedAt = "2026-08-30T12:00:02.001Z";
    283|       await env.DB.prepare(`INSERT INTO owner_call_step_up_repeat_chec…
       |       ^
    284|         session_id, lifecycle_generation, verifier_version, reserved_a…
    285|       ) VALUES (?, 1, 1, ?, NULL, NULL)`).bind(successful.sessionId, r…

Caused by: Error: owner_call_step_up_repeat_invalid: SQLITE_CONSTRAINT (extended: SQLITE_CONSTRAINT_TRIGGER)
 ❯ D1DatabaseSessionAlwaysPrimary._sendOrThrow cloudflare-internal:d1-api:189:24
 ❯ cloudflare-internal:d1-api:478:19
 ❯ apps/cloud-gateway/test/persistence/owner-call-step-up-migration.test.ts:283:7

⎯⎯⎯⎯⎯⎯⎯⎯⎯⎯⎯⎯⎯⎯⎯⎯⎯⎯⎯⎯⎯⎯[13/15]⎯

 FAIL  |default| apps/cloud-gateway/test/persistence/voice-access-repository.test.ts > VoiceAccessRepository > mints immutable owner authority and rejects stale guest authority
AssertionError: promise resolved "{ …(9) }" instead of rejecting

- Expected
+ Received

- Error {
-   "message": "rejected promise",
+ {
+   "accessDocumentHash": null,
+   "authenticatedAt": "2026-08-30T12:00:00.000Z",
+   "expiresAt": "2026-08-30T12:30:00.000Z",
+   "grantId": null,
+   "grantVersion": null,
+   "identityId": "identity:voice-owner",
+   "kind": "owner",
+   "principalId": "principal:voice-owner",
+   "sessionId": "01k3w1t4000000000000000520",
  }

 ❯ apps/cloud-gateway/test/persistence/voice-access-repository.test.ts:381:101
    379|       SET status = 'revoked', status_changed_at = ? WHERE status = 'ac…
    380|     try {
    381|       await expect(repository.rehydrateAuthority({ sessionId: secondSe…
       |                                                                                                     ^
    382|         .rejects.toThrow("call_authority_invalid");
    383|       await expect(repository.requireCurrentAuthority(minted, NOW))

⎯⎯⎯⎯⎯⎯⎯⎯⎯⎯⎯⎯⎯⎯⎯⎯⎯⎯⎯⎯⎯⎯[14/15]⎯


 Test Files  7 failed | 193 passed (200)
      Tests  15 failed | 5183 passed (5198)
   Start at  23:57:02
   Duration  246.25s (transform 45.64s, setup 0ms, import 854.46s, tests 1499.97s, environment 22ms)

[ELIFECYCLE] Test failed. See above for more details.
